sample_id,env_mod_attack_head_true,env_mod_attack_head_pred,env_mod_decay_head_true,env_mod_decay_head_pred,env_mod_sustain_head_true,env_mod_sustain_head_pred,env_mod_release_head_true,env_mod_release_head_pred
1816,0.1082,0.07869575,0.1078,0.0941252,0.6347,0.630872,0.1205,0.14014193
539,0.0278,0.010755987,0.1462,0.1798487,0.4243,0.34664232,0.0502,0.045043953
3495,0.0108,0.0039014758,0.0487,0.056872196,0.1599,0.1333309,0.032,0.030725274
840,0.0047,0.0039001557,0.0741,0.06557836,0.1553,0.17544778,0.0251,0.026391838
3533,0.0053,0.0040510837,0.0555,0.057870973,0.3267,0.23905285,0.0877,0.092753716
3994,0.0022,0.0034445473,0.0533,0.039623227,0.2031,0.14766647,0.0345,0.032049287
2245,0.0021,0.0040748958,0.032,0.039120574,0.103,0.104099,0.0521,0.048508752
3390,0.0055,0.00349637,0.0301,0.049888592,0.204,0.19713473,0.0407,0.036050234
2082,0.0039,0.0038383496,0.0266,0.032457177,0.1005,0.11724921,0.0465,0.03813326
1620,0.0128,0.009240083,0.1369,0.11553649,0.5802,0.55526435,0.1788,0.17709848
2812,0.0057,0.0075911502,0.1503,0.13396189,0.3296,0.35337445,0.1672,0.15506205
4053,0.0081,0.0046221633,0.0887,0.07361507,0.6471,0.28138876,0.0888,0.09613589
896,0.0028,0.003718479,0.0977,0.056539968,0.2957,0.19316374,0.1537,0.12651818
3649,0.0039,0.0047764736,0.0712,0.08328257,0.3029,0.26306662,0.0477,0.04062474
3814,0.0047,0.0048083463,0.1317,0.13968952,0.1399,0.21591319,0.1045,0.10396379
2988,0.0055,0.005945331,0.152,0.1503178,0.1533,0.28131098,0.0349,0.040627304
3960,0.0057,0.003729727,0.0506,0.037337277,0.0514,0.12486962,0.0281,0.024847487
3237,0.0077,0.0095909275,0.1573,0.14457114,0.7008,0.6189096,0.1144,0.10117984
1590,0.0045,0.006419581,0.0608,0.07520744,0.3145,0.3837682,0.1531,0.1328353
3180,0.0026,0.00372475,0.0845,0.040380657,0.1911,0.14060105,0.0236,0.030290244
2037,0.0306,0.03405813,0.1876,0.15430121,0.6293,0.5184816,0.223,0.26524645
498,0.0052,0.011142292,0.2006,0.121708885,0.734,0.5927889,0.0923,0.08318694
297,0.0503,0.0472083,0.1045,0.097023614,0.7774,0.7058101,0.2145,0.21624735
1150,0.0016,0.0046889717,0.0294,0.05672732,0.1459,0.20671907,0.0806,0.093870685
1989,0.007,0.012095033,0.1162,0.105722874,0.7676,0.65160775,0.0661,0.08812318
2161,0.0261,0.026069233,0.1197,0.12420401,0.5714,0.5758343,0.2188,0.2241006
181,0.0028,0.0031091096,0.0258,0.036717,0.0872,0.10561115,0.0202,0.06577416
987,0.0348,0.03919081,0.0855,0.09393141,0.7361,0.70662326,0.0895,0.10153972
2995,0.0041,0.0035726472,0.0784,0.07470544,0.1484,0.13595322,0.0252,0.026808962
3395,0.0038,0.0039299484,0.0563,0.04350996,0.1294,0.13950516,0.0185,0.025464417
2262,0.0885,0.07820771,0.1489,0.16466787,0.5055,0.60838735,0.1451,0.11709915
2489,0.0027,0.003436353,0.0324,0.03789568,0.1238,0.1853397,0.0383,0.037192494
3505,0.0015,0.0036725416,0.0542,0.044269376,0.2006,0.18235949,0.0831,0.07985295
2259,0.0089,0.011281041,0.227,0.10415247,0.7289,0.6998839,0.0488,0.053735886
1071,0.0021,0.0033509142,0.0394,0.033534165,0.1454,0.0921566,0.0814,0.03647939
1719,0.0022,0.004023189,0.1436,0.119687155,0.1375,0.22113635,0.0446,0.034900382
939,0.0016,0.003801325,0.0388,0.035187714,0.1001,0.12588134,0.0174,0.023241945
183,0.0119,0.004097454,0.0694,0.060455136,0.1786,0.15928924,0.0232,0.026585497
1779,0.0314,0.027293332,0.0918,0.08378515,0.4747,0.614343,0.1994,0.21695688
728,0.005,0.009275431,0.2412,0.19175027,0.3489,0.5375072,0.0596,0.049269557
3363,0.0101,0.007527377,0.1001,0.099451385,0.5224,0.4754434,0.053,0.061644435
2225,0.0242,0.023245348,0.2576,0.10667915,0.7652,0.736487,0.1333,0.12191969
3236,0.0097,0.0048252232,0.0477,0.052282024,0.2202,0.19142741,0.0247,0.032114416
1298,0.0062,0.0041376594,0.0976,0.09239371,0.0908,0.125761,0.0156,0.024275085
1525,0.0015,0.0037070275,0.0451,0.03562631,0.3376,0.13471664,0.0285,0.037463933
2043,0.0023,0.003543157,0.0336,0.04035788,0.1615,0.14987443,0.0474,0.040932212
1728,0.1001,0.09303794,0.1515,0.10941268,0.6934,0.66207737,0.2474,0.28121504
1420,0.0018,0.005129175,0.0495,0.063293904,0.3141,0.2618496,0.0971,0.106568985
3955,0.0055,0.0042140414,0.0754,0.06027557,0.1028,0.13962384,0.0626,0.06319804
653,0.0052,0.004470112,0.0528,0.051855657,0.1098,0.16265391,0.0372,0.030019242
3026,0.0064,0.010063908,0.1531,0.13415515,0.7775,0.7098577,0.0431,0.056792926
1850,0.0051,0.0039852774,0.0585,0.05255238,0.0478,0.15314032,0.0429,0.030266806
1544,0.0191,0.007820198,0.094,0.10508327,0.5345,0.52831566,0.0537,0.0455284
2094,0.0994,0.0621863,0.0615,0.10020032,0.5694,0.6587568,0.2611,0.1791173
3473,0.0081,0.004752297,0.0733,0.077081904,0.1899,0.21328518,0.0354,0.03919262
2702,0.0057,0.0033230917,0.1462,0.15051049,0.1989,0.18964306,0.0416,0.037446614
2696,0.0054,0.0036119828,0.0455,0.036505107,0.1374,0.1136838,0.0948,0.063033044
1696,0.0202,0.027635822,0.1574,0.11846837,0.8854,0.5500589,0.2576,0.28857648
2780,0.004,0.004342471,0.0953,0.09433949,0.2082,0.24403693,0.0306,0.03810236
54,0.0032,0.004009821,0.0974,0.08895865,0.1288,0.21738328,0.0514,0.05187451
1181,0.0118,0.0037471887,0.0741,0.0737954,0.1839,0.15875654,0.1284,0.103658386
2169,0.0072,0.0034849457,0.0272,0.035005163,0.2001,0.08325479,0.026,0.029069161
3120,0.0123,0.0066771274,0.083,0.094051056,0.5055,0.47253892,0.1262,0.12271343
2184,0.0066,0.0040168157,0.0424,0.042788666,0.1935,0.14503679,0.0672,0.080929935
3682,0.1029,0.07802198,0.1026,0.0962629,0.5526,0.6696658,0.0999,0.12056829
3263,0.0084,0.0058674715,0.1388,0.12705329,0.4295,0.30695018,0.0418,0.046319604
1550,0.0052,0.0032350451,0.058,0.04727933,0.3089,0.2005736,0.0502,0.050542127
3686,0.0017,0.006194005,0.146,0.1365861,0.2834,0.2554498,0.0699,0.07495487
1667,0.0051,0.0062199687,0.1094,0.11109338,0.3726,0.44814822,0.136,0.13153046
3115,0.0056,0.009594278,0.098,0.108652525,0.6813,0.4642778,0.214,0.12792313
2936,0.0015,0.0036280467,0.0796,0.07199043,0.2545,0.16062689,0.1396,0.09730951
2320,0.0063,0.0053850138,0.1299,0.08843377,0.2065,0.36419868,0.1217,0.111874945
668,0.0037,0.0042617884,0.0265,0.034874957,0.0898,0.1053574,0.0367,0.029038068
1504,0.0129,0.00748458,0.1837,0.1955453,0.3473,0.43534055,0.1731,0.15485305
77,0.0021,0.0043554436,0.0775,0.07904083,0.225,0.13637426,0.021,0.025228776
3834,0.0021,0.00569203,0.1674,0.15374957,0.1834,0.35139376,0.0489,0.03828573
3420,0.0018,0.0035085692,0.0349,0.03759537,0.1288,0.12936461,0.0805,0.08827818
3652,0.011,0.0036999206,0.0776,0.038526114,0.243,0.15961151,0.06,0.03193689
2403,0.0238,0.017017277,0.1868,0.2079385,0.4598,0.55565155,0.1158,0.0999217
3092,0.0157,0.008120599,0.1446,0.104786195,0.6051,0.531858,0.0843,0.08757598
3085,0.0072,0.004014274,0.0684,0.060716018,0.3463,0.13028964,0.0339,0.03857898
3592,0.0015,0.004014428,0.1287,0.116708495,0.1118,0.21403474,0.0975,0.0985283
1810,0.0205,0.02096482,0.1714,0.19781242,0.5001,0.5257568,0.2471,0.21123211
3478,0.0996,0.09767231,0.1054,0.11618477,0.5747,0.6336281,0.2699,0.27021584
2003,0.0018,0.0045886966,0.0604,0.058618013,0.1953,0.20072766,0.0293,0.033306662
3739,0.0855,0.090892114,0.0895,0.11316229,0.8827,0.68704075,0.262,0.25042424
3869,0.008,0.003968921,0.0945,0.10651369,0.2151,0.25357816,0.1083,0.08846859
1406,0.0065,0.0054996735,0.0675,0.0919322,0.1839,0.3680118,0.0651,0.07381889
2327,0.0039,0.003396053,0.0939,0.10098324,0.1695,0.20149629,0.1588,0.13402435
1361,0.0031,0.0041855993,0.0668,0.047191016,0.2505,0.164822,0.0215,0.028158464
2738,0.0211,0.013923391,0.0601,0.1409652,0.7581,0.6666782,0.1624,0.16450614
1735,0.0051,0.004264366,0.0678,0.078207165,0.1399,0.11028428,0.02,0.02626445
828,0.1137,0.09847159,0.074,0.09342472,0.7385,0.66826695,0.1503,0.15592901
2030,0.0021,0.0037533517,0.0697,0.07845307,0.1595,0.13928145,0.0236,0.031858467
780,0.0047,0.0068038055,0.0902,0.09809686,0.4963,0.432079,0.0543,0.06022198
2404,0.0048,0.0038686215,0.0292,0.03609963,0.2152,0.09448586,0.0211,0.027347736
1357,0.0021,0.0040166867,0.0306,0.03263348,0.1779,0.114676125,0.0184,0.029275306
2624,0.0037,0.0037492875,0.0607,0.055534746,0.3289,0.20194137,0.0846,0.08971
241,0.1173,0.054153204,0.1272,0.0886624,0.717,0.66614425,0.2406,0.2454957
318,0.0439,0.05812543,0.0976,0.117895946,0.4684,0.44561273,0.2062,0.2274519
2108,0.0025,0.0035664414,0.029,0.034690488,0.1214,0.1226789,0.0557,0.05923482
2524,0.0113,0.01057321,0.2109,0.22951132,0.3853,0.5180547,0.1062,0.09637507
1940,0.0019,0.004838877,0.0724,0.07299579,0.3363,0.33825567,0.1597,0.15054148
3838,0.0079,0.0040571108,0.0712,0.06660756,0.0936,0.15795551,0.0831,0.05955949
2610,0.0365,0.040924314,0.0604,0.079652056,0.5957,0.6889775,0.1806,0.20867422
188,0.0034,0.0032376016,0.0256,0.032448273,0.1566,0.11975295,0.0342,0.030041376
534,0.02,0.01026477,0.1151,0.10738242,0.4967,0.6327262,0.0994,0.08525539
2004,0.0063,0.012373683,0.0978,0.12153376,0.532,0.62626415,0.1802,0.13237649
2709,0.0069,0.008157216,0.1328,0.13500981,0.6176,0.5193176,0.1872,0.20217957
269,0.0071,0.0036670372,0.0301,0.033854533,0.1283,0.09488664,0.0185,0.023352813
2800,0.0106,0.010880234,0.1768,0.20118202,0.6023,0.5379603,0.1434,0.15639251
2333,0.0089,0.0040434618,0.0558,0.07246129,0.1361,0.15852045,0.0505,0.033294447
1094,0.0145,0.00900718,0.2314,0.22448835,0.5042,0.49022487,0.1768,0.13745473
3835,0.0592,0.056512225,0.2109,0.13646908,0.5782,0.61760056,0.1345,0.1422162
115,0.0727,0.08958609,0.1361,0.11405486,0.5251,0.65342957,0.0932,0.09544653
2486,0.007,0.0035651969,0.0428,0.035391677,0.1736,0.10650637,0.0473,0.03351592
1129,0.0261,0.01599111,0.0832,0.11406315,0.7659,0.68155754,0.1765,0.20477019
2229,0.0042,0.0057771984,0.1247,0.13103592,0.2893,0.39348876,0.0478,0.048381235
2931,0.0724,0.077190585,0.1109,0.09264519,0.7332,0.69005144,0.1189,0.11683124
1651,0.006,0.0039543016,0.0421,0.04494791,0.2995,0.29496568,0.0607,0.05215629
1169,0.0015,0.0039693606,0.0871,0.068200484,0.1338,0.13730235,0.0248,0.025134237
341,0.0048,0.0037000135,0.1094,0.0932866,0.1371,0.15057479,0.0228,0.026652662
2896,0.0022,0.003007463,0.0268,0.032360632,0.1485,0.1261057,0.0158,0.031281084
1938,0.1068,0.08619242,0.143,0.13583823,0.4784,0.63970464,0.1517,0.15645342
2621,0.0091,0.0049447934,0.0805,0.08117957,0.2149,0.31494325,0.0934,0.09682191
1628,0.0023,0.00379328,0.0473,0.042014692,0.2135,0.12905009,0.0289,0.031916346
2085,0.0023,0.003885601,0.0253,0.03392633,0.0889,0.12173461,0.0259,0.02314628
3156,0.0036,0.0037092802,0.0727,0.045867696,0.1448,0.15426342,0.0248,0.026445732
1589,0.0061,0.008224038,0.1925,0.12126849,0.7463,0.4760889,0.1458,0.08555215
2203,0.015,0.010427225,0.1841,0.22874522,0.7716,0.4838608,0.0794,0.059646387
1973,0.006,0.006850431,0.1433,0.15342613,0.4668,0.3143283,0.1269,0.13107026
3323,0.0388,0.037034474,0.1018,0.10546053,0.4702,0.6678138,0.2534,0.30399606
1878,0.0049,0.011993292,0.1382,0.10652184,0.7494,0.65166456,0.0588,0.06842055
3675,0.0948,0.09058474,0.0946,0.10895066,0.6065,0.64592034,0.2347,0.2575306
1038,0.0703,0.06482472,0.1403,0.1153807,0.5334,0.53047067,0.2242,0.2626125
3620,0.003,0.0038787976,0.0489,0.043339234,0.074,0.13825744,0.0751,0.05764304
1781,0.017,0.012991547,0.2201,0.19722873,0.5417,0.55532986,0.0801,0.072937906
2,0.0231,0.0075524896,0.17,0.16922677,0.5845,0.44963893,0.0482,0.048399195
1512,0.0042,0.004085085,0.0478,0.035859156,0.215,0.12383092,0.0321,0.031337243
28,0.0019,0.004330712,0.158,0.15408991,0.0913,0.20525944,0.0722,0.058946766
1470,0.0038,0.0048036096,0.0825,0.076266676,0.1007,0.15801999,0.0348,0.03386253
2316,0.0026,0.004967509,0.0708,0.0755857,0.3328,0.27564645,0.0393,0.042443518
2808,0.0025,0.003807401,0.0644,0.07057299,0.2845,0.16849591,0.0273,0.030638175
1705,0.005,0.0041446113,0.0947,0.081278354,0.326,0.27156568,0.0571,0.07649114
3956,0.0048,0.0036645608,0.0353,0.03489946,0.1597,0.15207249,0.0218,0.03527991
492,0.0815,0.093684204,0.106,0.09190774,0.8938,0.69081664,0.1139,0.114534825
1933,0.0045,0.0031018693,0.0307,0.0341002,0.0505,0.10608787,0.0164,0.024952658
3292,0.069,0.09031966,0.1494,0.1322397,0.467,0.55903155,0.3219,0.27455828
2773,0.0466,0.05205876,0.1414,0.1576182,0.511,0.5735923,0.1248,0.11826517
2384,0.007,0.009785954,0.175,0.16363624,0.6722,0.64224494,0.0556,0.0549879
3362,0.0022,0.0034819315,0.145,0.13695739,0.327,0.1481051,0.0235,0.037407722
3513,0.0925,0.087696955,0.0607,0.100856856,0.6195,0.7173066,0.0886,0.10444166
198,0.0057,0.003949623,0.053,0.047866926,0.1548,0.13792749,0.0167,0.026714575
637,0.0064,0.0034526605,0.0293,0.033740524,0.052,0.10991918,0.0204,0.02384347
456,0.0061,0.0034969086,0.0434,0.037972577,0.1752,0.13258407,0.023,0.026042296
95,0.0081,0.004852946,0.0973,0.061244458,0.2544,0.14102188,0.1171,0.08667308
543,0.022,0.006947823,0.085,0.114856444,0.6234,0.51189697,0.1579,0.14952615
3545,0.0221,0.007822267,0.0925,0.11241519,0.4273,0.39521915,0.0786,0.08402468
1434,0.0443,0.039844353,0.1999,0.15645254,0.5217,0.6301336,0.252,0.28231153
2121,0.0073,0.004497711,0.0972,0.10234365,0.2022,0.1945254,0.0235,0.028024567
3882,0.005,0.0037231203,0.0252,0.034472555,0.1071,0.12075312,0.0969,0.08698392
1569,0.0059,0.006448127,0.0811,0.09187067,0.4282,0.51101035,0.1312,0.11522035
261,0.0683,0.07267698,0.1824,0.11613576,0.749,0.68256825,0.1866,0.2237442
1891,0.0019,0.0034887975,0.0369,0.033572406,0.0595,0.10101511,0.0704,0.059170913
48,0.0046,0.010145503,0.2016,0.1571609,0.7627,0.6729114,0.1637,0.14613831
1366,0.0182,0.010521543,0.1909,0.19445968,0.5764,0.57385117,0.1881,0.15336163
1971,0.0062,0.0038354204,0.0833,0.04874345,0.1577,0.17378981,0.045,0.034080554
3275,0.0093,0.00363956,0.0836,0.08597615,0.2931,0.14722432,0.0303,0.026148167
2816,0.0051,0.0036089472,0.035,0.032039184,0.0611,0.12239119,0.0763,0.049432166
3770,0.004,0.00408651,0.0303,0.037924763,0.1578,0.1557768,0.0448,0.04660639
2732,0.0399,0.03819247,0.0905,0.12106775,0.8081,0.5892111,0.1035,0.15120733
391,0.0128,0.011306297,0.1778,0.13358387,0.4589,0.57018006,0.0739,0.07100652
1827,0.0127,0.009888564,0.1869,0.13312854,0.6855,0.64170706,0.1512,0.15408051
2578,0.0074,0.0038848175,0.049,0.050022863,0.17,0.13394058,0.0985,0.0953106
978,0.0088,0.0053987717,0.1401,0.14967257,0.1832,0.27993962,0.0328,0.036851246
3227,0.0073,0.0042841677,0.0635,0.059682,0.3226,0.19792397,0.0664,0.07536396
2528,0.0055,0.0039428496,0.0454,0.051345445,0.104,0.14125164,0.0288,0.029242696
1698,0.0191,0.014236303,0.1243,0.11892233,0.6129,0.53577363,0.1918,0.20697522
65,0.0026,0.0037675954,0.0285,0.034880973,0.0427,0.13541958,0.0668,0.04821585
1882,0.0025,0.003536654,0.0453,0.04145662,0.3454,0.18083026,0.051,0.057062384
1645,0.0018,0.0031742514,0.1074,0.0996451,0.1577,0.14532189,0.065,0.06368573
3595,0.0048,0.0043544373,0.0324,0.036112566,0.0502,0.093756475,0.0214,0.029798413
3656,0.004,0.0060852733,0.1562,0.1516896,0.6512,0.43262434,0.0604,0.068417646
1100,0.0022,0.004106185,0.0255,0.037647545,0.0435,0.13039565,0.055,0.043307975
2849,0.0022,0.005560037,0.0858,0.09967875,0.2918,0.25984964,0.0262,0.04301688
2472,0.011,0.009120174,0.1417,0.15622327,0.5506,0.46771324,0.099,0.09908706
2338,0.0016,0.0046881954,0.0988,0.08834848,0.094,0.1847047,0.1041,0.09883929
548,0.0254,0.011106311,0.1201,0.1411091,0.6267,0.69923645,0.0523,0.056172017
3109,0.0045,0.004339769,0.0996,0.07852696,0.2137,0.19216797,0.0756,0.08242154
795,0.0068,0.0037956052,0.0457,0.036314163,0.1957,0.12886137,0.0366,0.03549627
1314,0.0093,0.004274629,0.0801,0.0657425,0.5411,0.2825573,0.116,0.107239425
1995,0.002,0.0042463723,0.0747,0.06790451,0.1412,0.11888143,0.0228,0.023787046
2252,0.0778,0.085073315,0.1274,0.12049324,0.6154,0.68060327,0.1082,0.10441125
1041,0.0732,0.09891844,0.1195,0.104264826,0.5783,0.6454075,0.1256,0.13751765
3529,0.0062,0.0034629533,0.0427,0.03554043,0.0501,0.12491874,0.0154,0.024047565
4033,0.0247,0.016871339,0.2315,0.1982376,0.4839,0.57749003,0.1646,0.15764526
2071,0.0017,0.0035275714,0.0603,0.038407225,0.0688,0.1375748,0.092,0.08215697
1812,0.0099,0.0033589357,0.0931,0.08033215,0.7294,0.27601725,0.0565,0.07631263
1906,0.0026,0.0037840488,0.0435,0.03452123,0.0608,0.11936099,0.0224,0.03363337
891,0.0069,0.0037802286,0.0744,0.06796529,0.1859,0.13508196,0.0162,0.024341343
3596,0.1125,0.07665153,0.0704,0.06605932,0.5952,0.6219494,0.2184,0.19830382
510,0.0083,0.0074834567,0.0839,0.07849154,0.7296,0.35416153,0.0535,0.048845246
152,0.0065,0.0036587878,0.0465,0.041395787,0.1805,0.18516168,0.0899,0.102736756
2335,0.005,0.011187808,0.1636,0.19148365,0.5509,0.5212987,0.1984,0.2189542
2119,0.0037,0.0038361608,0.0604,0.06075978,0.1263,0.13993949,0.089,0.09247918
4043,0.0282,0.022780074,0.0921,0.095892474,0.5233,0.63992685,0.1338,0.14009699
3190,0.0055,0.003583949,0.0457,0.037767887,0.1261,0.117218934,0.0556,0.026666082
1050,0.0307,0.024988048,0.0806,0.108457506,0.8715,0.7195959,0.218,0.23752214
3783,0.0064,0.018238684,0.2312,0.17679714,0.6959,0.6558496,0.1128,0.102236524
2537,0.0026,0.003898287,0.0661,0.055940054,0.1327,0.16047928,0.0416,0.03285143
3305,0.037,0.012119407,0.1442,0.15334897,0.6067,0.5440012,0.1584,0.18925475
1408,0.0069,0.0036697483,0.0432,0.038254045,0.2181,0.1437416,0.0445,0.03339028
3741,0.002,0.0038448048,0.0806,0.06930337,0.2432,0.17863837,0.1053,0.11132969
3901,0.0032,0.0046562464,0.0489,0.043597713,0.0474,0.12442481,0.0853,0.078571506
1456,0.0037,0.0034359056,0.0694,0.07758256,0.0792,0.11857145,0.0179,0.024377694
1670,0.0067,0.0036732699,0.074,0.0656162,0.1806,0.10894079,0.0251,0.024930269
1284,0.0015,0.0037627893,0.0606,0.0430879,0.2895,0.15192679,0.0384,0.042404342
804,0.0271,0.032096546,0.0985,0.119407944,0.7855,0.71317095,0.1038,0.099966824
996,0.0021,0.0041189347,0.0733,0.06241755,0.1556,0.20494331,0.0392,0.038657185
3348,0.0029,0.004212063,0.0644,0.05651398,0.1805,0.16392013,0.0245,0.03839801
2025,0.0131,0.010645794,0.2331,0.18184976,0.5233,0.45211652,0.1444,0.14264528
606,0.0034,0.004219752,0.1165,0.11886093,0.1119,0.19932646,0.1569,0.11413365
1393,0.0058,0.007001234,0.1163,0.1478011,0.5436,0.41636398,0.0647,0.05811911
2019,0.0063,0.0036144382,0.0538,0.099601336,0.1148,0.19769217,0.1572,0.12085971
114,0.0103,0.00851437,0.1237,0.08868468,0.2229,0.4426526,0.1343,0.16454811
624,0.019,0.009563116,0.0894,0.10130249,0.5152,0.5597869,0.1836,0.17716368
1900,0.0577,0.050714634,0.1088,0.11354026,0.7805,0.72396564,0.3089,0.2894143
1269,0.0041,0.0049065645,0.1474,0.13641438,0.3969,0.32197326,0.1259,0.112282194
1743,0.0031,0.0040959916,0.0534,0.034707174,0.1753,0.1408979,0.0508,0.034509502
679,0.067,0.08406147,0.0756,0.09008379,0.5416,0.65155745,0.0858,0.09537197
2326,0.002,0.003405612,0.0438,0.03952497,0.2564,0.14170942,0.0416,0.02781399
3636,0.0022,0.003910244,0.046,0.04246913,0.2007,0.13450044,0.0203,0.027290625
2279,0.0138,0.0119498465,0.1686,0.16674149,0.6904,0.64400226,0.1248,0.11508686
3781,0.0102,0.010503034,0.1274,0.13556409,0.7369,0.6634879,0.1234,0.12066728
667,0.0917,0.08230852,0.107,0.13733618,0.6539,0.6603583,0.1126,0.118075386
415,0.0063,0.0040229447,0.0611,0.07874356,0.1892,0.14065632,0.0314,0.028707834
1582,0.0203,0.016319944,0.2515,0.21175306,0.4674,0.61272025,0.0717,0.0711787
3313,0.0064,0.003991419,0.0535,0.042681616,0.1182,0.16501556,0.0596,0.05032478
1997,0.0627,0.071052596,0.1711,0.12984642,0.5301,0.6288686,0.1706,0.1758895
2436,0.0082,0.0047267755,0.092,0.08467274,0.3265,0.28259024,0.0782,0.08061009
2176,0.0161,0.00771093,0.1058,0.13140923,0.4796,0.5125195,0.0732,0.06825851
2469,0.002,0.003529092,0.0504,0.035174143,0.2072,0.10847304,0.0428,0.02273531
2381,0.004,0.0040860437,0.0425,0.041505978,0.082,0.11482673,0.0152,0.028009908
2748,0.0115,0.009615456,0.2577,0.11784935,0.6431,0.5797198,0.1647,0.15434359
2566,0.0294,0.054444082,0.0682,0.08697099,0.5858,0.69986,0.2103,0.21110278
523,0.0028,0.003831305,0.0708,0.073627405,0.0663,0.12939775,0.0694,0.07391291
2154,0.0236,0.014625722,0.1333,0.14781305,0.5876,0.6342348,0.1171,0.10601204
3711,0.007,0.004451727,0.0578,0.064480945,0.0681,0.14709283,0.0894,0.08445015
1675,0.0015,0.018680707,0.1759,0.1464357,0.3207,0.48728403,0.1248,0.13367276
1449,0.0119,0.004009009,0.1004,0.09432822,0.1337,0.21296225,0.0546,0.05633815
3778,0.0072,0.003831771,0.0311,0.034700442,0.1892,0.13135415,0.0476,0.050153613
805,0.0188,0.011966406,0.2322,0.12722951,0.4938,0.58921546,0.1199,0.10949358
3606,0.0055,0.004089227,0.0411,0.03857541,0.1564,0.0929395,0.0213,0.030560583
1739,0.0025,0.003397324,0.0251,0.033397708,0.1531,0.17097029,0.042,0.032144703
3776,0.0526,0.05282909,0.1911,0.13229452,0.6519,0.5784252,0.2296,0.30808648
863,0.0017,0.0044428683,0.0671,0.05306981,0.1478,0.11043752,0.1291,0.049771905
1266,0.0046,0.0037645905,0.0508,0.041517943,0.046,0.111354165,0.0968,0.034229655
1126,0.0026,0.003277997,0.0508,0.045229614,0.2675,0.15527725,0.0245,0.023537891
1106,0.0017,0.0052696574,0.0859,0.06642639,0.3118,0.22214328,0.1092,0.109517075
3631,0.002,0.0027118544,0.044,0.032352205,0.1791,0.14010459,0.025,0.027407078
3383,0.002,0.003000634,0.0399,0.033694174,0.0982,0.104336955,0.0162,0.027390216
739,0.0845,0.09357236,0.1838,0.11180473,0.747,0.694275,0.1059,0.115346365
1811,0.0056,0.0044912198,0.0825,0.05455717,0.6293,0.35264924,0.1091,0.113126665
2309,0.0054,0.0042035445,0.0483,0.039659426,0.1756,0.1453413,0.0188,0.02602322
2325,0.0033,0.0035525355,0.0293,0.038566947,0.0794,0.122340105,0.094,0.06157817
1245,0.0229,0.006365633,0.0894,0.09635243,0.4562,0.43548906,0.054,0.053581182
1868,0.004,0.004113561,0.0843,0.061315026,0.179,0.16314608,0.0414,0.031582534
661,0.0201,0.0053033796,0.1332,0.17452504,0.423,0.33009028,0.0931,0.08618947
2614,0.1086,0.08745239,0.0778,0.098705746,0.7008,0.6804347,0.1941,0.2117626
2509,0.0018,0.003444108,0.0906,0.047779325,0.0843,0.1422002,0.0236,0.066512436
584,0.0078,0.01009012,0.2035,0.15948278,0.3908,0.5242173,0.1932,0.18890564
3203,0.007,0.0033522656,0.0939,0.096890576,0.1351,0.17054914,0.0212,0.026822513
2087,0.0108,0.012207413,0.2102,0.15605703,0.6585,0.61547893,0.0957,0.087174475
346,0.0111,0.0044335243,0.1478,0.13653143,0.2861,0.34565666,0.0848,0.08084422
715,0.0293,0.038586505,0.1241,0.110726126,0.8788,0.6578312,0.2458,0.25819066
2750,0.0062,0.0046561877,0.0983,0.080514975,0.2527,0.27247393,0.0615,0.05164469
1211,0.0297,0.012403418,0.1788,0.22915022,0.519,0.50831366,0.0546,0.051233817
2705,0.0044,0.010503934,0.2437,0.18481576,0.5833,0.6345227,0.0971,0.097133204
3265,0.0058,0.0054400014,0.1956,0.08201749,0.6477,0.34573382,0.0406,0.042784847
613,0.0019,0.0045252927,0.0505,0.035041988,0.1327,0.13454236,0.0349,0.032162406
1689,0.0071,0.0040797903,0.0522,0.04739547,0.0653,0.12908259,0.0285,0.02623706
3424,0.0034,0.0063025993,0.1354,0.110676035,0.1336,0.25236422,0.0897,0.09981832
2263,0.0678,0.069092244,0.0778,0.09752799,0.6711,0.6751961,0.2043,0.28348047
1199,0.0052,0.0044590887,0.0643,0.07114066,0.1893,0.22986186,0.0419,0.03931654
3240,0.0018,0.0028502012,0.0321,0.03418562,0.19,0.11750574,0.0496,0.031045984
1161,0.0136,0.009816996,0.138,0.12442186,0.6802,0.653863,0.0516,0.0436746
3627,0.0048,0.0042531076,0.0629,0.036893986,0.1682,0.09757576,0.0154,0.04264212
2648,0.0031,0.003257515,0.0402,0.043780714,0.1973,0.20774065,0.0954,0.10436063
1345,0.0055,0.004383869,0.1169,0.10865226,0.3265,0.2986881,0.1179,0.11040942
343,0.0029,0.0035373133,0.0341,0.03399569,0.1168,0.12206257,0.0696,0.07215317
66,0.0052,0.0041097337,0.0728,0.06768025,0.0961,0.14919986,0.0317,0.030597543
836,0.0109,0.00939328,0.1124,0.11014907,0.5646,0.67549235,0.0834,0.08405536
922,0.0054,0.009950509,0.2472,0.22262582,0.5141,0.61167693,0.0513,0.054949656
61,0.0165,0.011017995,0.1352,0.14331675,0.499,0.62971973,0.129,0.13070051
1910,0.0049,0.0041509997,0.0886,0.086854585,0.1137,0.16277617,0.0792,0.06738495
4083,0.0024,0.003635333,0.0342,0.03146926,0.1,0.10970891,0.0339,0.022000775
2567,0.0231,0.017189603,0.2194,0.20331216,0.5279,0.552003,0.1456,0.13252123
2447,0.0033,0.0038734733,0.0624,0.04945158,0.0687,0.15025806,0.0428,0.031398974
2273,0.0078,0.0029028752,0.0275,0.039822433,0.0439,0.1491217,0.0825,0.09805584
2253,0.004,0.0035538084,0.0581,0.041967977,0.0906,0.1133674,0.0862,0.03336002
18,0.0043,0.004151985,0.0844,0.09288358,0.2009,0.17591138,0.0717,0.082461335
3011,0.0158,0.010724592,0.2111,0.21640643,0.5285,0.60296535,0.06,0.056463216
3043,0.0116,0.0040401057,0.0924,0.100608096,0.2312,0.15519921,0.0408,0.030041445
1565,0.0042,0.004073004,0.0253,0.04423528,0.109,0.16419652,0.0415,0.0337988
1498,0.01,0.0050409,0.0659,0.07885162,0.1743,0.21188523,0.1048,0.111492485
2683,0.0521,0.046810806,0.1932,0.10049896,0.8237,0.65266335,0.221,0.27072135
1753,0.0024,0.0036352824,0.0501,0.039678372,0.1066,0.13339981,0.0232,0.025755426
3975,0.0064,0.0037533566,0.0533,0.047130473,0.1252,0.116871424,0.0217,0.043350924
2070,0.0057,0.00451018,0.0459,0.054302003,0.3362,0.19281477,0.0622,0.08175227
4040,0.0031,0.005851641,0.1333,0.11957,0.1665,0.3186631,0.1422,0.12814002
3001,0.0016,0.0031770202,0.0353,0.032545317,0.1404,0.119183026,0.0558,0.0542163
3063,0.0141,0.00875955,0.1611,0.13347012,0.68,0.70662785,0.0446,0.05521212
2156,0.0089,0.0038954378,0.0543,0.05358704,0.3473,0.21771519,0.069,0.05892929
3577,0.0096,0.0076989126,0.1669,0.19071582,0.3995,0.38509282,0.057,0.04981639
3813,0.0074,0.0038329845,0.027,0.042783912,0.0875,0.11941939,0.0156,0.02347662
2395,0.003,0.0034824496,0.0531,0.04092081,0.3467,0.16398841,0.0737,0.08738727
2006,0.0096,0.0052547883,0.118,0.10566885,0.1721,0.30484825,0.0943,0.09407764
857,0.0074,0.0034953994,0.044,0.04679953,0.1053,0.13657872,0.0162,0.026857909
1562,0.0035,0.004035041,0.0577,0.043020632,0.1287,0.11302329,0.0208,0.028216692
3200,0.0301,0.031805534,0.0865,0.12320534,0.5667,0.66436225,0.169,0.20261262
777,0.0036,0.004035643,0.0288,0.033317927,0.0744,0.08667014,0.0803,0.070228666
362,0.0069,0.0041836225,0.055,0.06565486,0.1561,0.18314582,0.0366,0.033227034
1744,0.0022,0.00383188,0.0609,0.05227672,0.1173,0.1426352,0.0266,0.025931094
995,0.0233,0.013954028,0.0909,0.15508169,0.7647,0.5770954,0.2,0.22594354
642,0.0165,0.008639997,0.2047,0.21657974,0.4671,0.4296849,0.0617,0.062483206
1332,0.013,0.0076160654,0.1319,0.18765685,0.5344,0.51303375,0.045,0.043892
113,0.0113,0.010946915,0.1471,0.098487556,0.6049,0.523859,0.1983,0.19353588
1,0.0075,0.0041015,0.0822,0.09703817,0.1802,0.15028644,0.0588,0.054944664
2280,0.0117,0.011751687,0.2429,0.2099322,0.4912,0.5532168,0.0813,0.08002324
3330,0.0015,0.006526813,0.0903,0.08700482,0.2142,0.29446682,0.1582,0.1369992
3430,0.0021,0.00415442,0.0866,0.0736117,0.133,0.19319658,0.0353,0.03593072
3614,0.0028,0.0042576757,0.0586,0.05610967,0.2175,0.18795764,0.0283,0.033475872
1496,0.0084,0.0026179568,0.0736,0.040835865,0.228,0.1975316,0.1231,0.106771484
1704,0.004,0.0033833282,0.0284,0.03406808,0.128,0.14171916,0.0493,0.040263936
2080,0.003,0.0035242455,0.0516,0.054224614,0.1895,0.2210662,0.1428,0.12158846
2989,0.0159,0.012058665,0.1259,0.1331919,0.6414,0.6529101,0.0913,0.07778944
3889,0.0382,0.035474945,0.138,0.11270643,0.769,0.6503673,0.0882,0.0898341
3943,0.0045,0.0031323277,0.0377,0.035374068,0.1547,0.13118635,0.0969,0.09173963
3826,0.01,0.014238261,0.1843,0.19916508,0.7356,0.6092327,0.0791,0.08453606
2853,0.0033,0.0034026979,0.0366,0.033511862,0.0656,0.12640354,0.0161,0.02572456
3782,0.0107,0.00434745,0.1475,0.14718993,0.2232,0.21427585,0.1193,0.11643528
1031,0.0024,0.0033993367,0.0555,0.046442855,0.2772,0.20132661,0.0924,0.09038527
2300,0.0125,0.010509657,0.1527,0.1598756,0.7582,0.6205447,0.1829,0.1710359
1076,0.0036,0.004338685,0.0658,0.08294128,0.1637,0.23702094,0.035,0.03733907
3512,0.0021,0.0051604393,0.0707,0.077459656,0.2767,0.3020357,0.1552,0.12297564
1193,0.0017,0.004095078,0.0899,0.069989495,0.0627,0.12740128,0.0445,0.025090214
2356,0.0566,0.05811123,0.1142,0.13062367,0.6775,0.6533025,0.1061,0.10683859
1857,0.0653,0.06344665,0.1021,0.10131704,0.5736,0.63297576,0.2187,0.25327104
1337,0.003,0.0039373166,0.0386,0.0529263,0.1235,0.16772372,0.0953,0.0921703
3037,0.0099,0.0043972954,0.1357,0.12729211,0.2799,0.24102876,0.1135,0.11247208
1909,0.0038,0.0038827842,0.0458,0.04991757,0.1971,0.16102318,0.1271,0.10179615
2595,0.0612,0.050033577,0.1899,0.18529578,0.5909,0.61667967,0.0832,0.080791
2373,0.0043,0.009456198,0.1191,0.11149258,0.7634,0.63327426,0.095,0.11167647
1535,0.0054,0.0041345083,0.0434,0.043904204,0.1952,0.18488696,0.0446,0.03581174
2042,0.0042,0.004195519,0.0779,0.06332178,0.1495,0.20096143,0.0311,0.034046967
3584,0.044,0.045797057,0.1395,0.1353169,0.7407,0.6632163,0.0987,0.09261121
3637,0.0045,0.0038736218,0.0309,0.040939804,0.1467,0.13819726,0.0271,0.03234235
323,0.0846,0.08289351,0.078,0.10659137,0.7078,0.70056266,0.1371,0.14996062
75,0.0059,0.0032102382,0.0269,0.03447825,0.1602,0.1020372,0.0248,0.033771865
1648,0.0028,0.0036385858,0.041,0.03442364,0.1334,0.12652975,0.0152,0.036439095
1642,0.0378,0.010351095,0.0707,0.072165065,0.5928,0.5047745,0.1552,0.15538992
388,0.0116,0.009594329,0.2529,0.22186725,0.3955,0.46289527,0.146,0.14005211
981,0.087,0.058281366,0.1145,0.10289972,0.8432,0.6869589,0.3158,0.2976484
743,0.0135,0.0069891308,0.1591,0.1705468,0.5972,0.44036204,0.0406,0.046259966
203,0.0018,0.0037175869,0.056,0.04176237,0.1297,0.13064745,0.0354,0.032506775
3564,0.0651,0.06564858,0.1266,0.099318855,0.8265,0.72637206,0.1767,0.18647367
1766,0.0021,0.0034925563,0.0627,0.04553898,0.0677,0.12498652,0.0987,0.07770008
774,0.0347,0.047303967,0.0851,0.10331443,0.6412,0.7179887,0.1966,0.23539437
3625,0.0047,0.008574475,0.1584,0.18611844,0.5486,0.6340287,0.0469,0.050837684
1194,0.0016,0.004148265,0.0828,0.0857208,0.1389,0.23034148,0.0866,0.08298416
2591,0.002,0.004513449,0.0978,0.09564123,0.2078,0.25755498,0.0324,0.033686448
1587,0.0063,0.00536443,0.1428,0.12794319,0.2207,0.25097764,0.0783,0.09472791
175,0.0042,0.003479946,0.0737,0.073445074,0.1288,0.12881923,0.0157,0.027656253
209,0.0094,0.007595281,0.1466,0.15464711,0.3438,0.42628565,0.0985,0.09530285
200,0.0092,0.0041020745,0.0429,0.043780655,0.2383,0.15493482,0.0316,0.03867256
320,0.0072,0.0031954094,0.1331,0.15164278,0.2915,0.15380311,0.0341,0.02533067
3541,0.0047,0.007840829,0.1109,0.12380518,0.402,0.4850843,0.0877,0.081765674
372,0.0047,0.006066216,0.128,0.103196174,0.3283,0.48573053,0.1069,0.08411768
231,0.0188,0.010790473,0.1119,0.11798954,0.4933,0.6585171,0.0848,0.07547684
1219,0.0079,0.0036769358,0.0384,0.037405077,0.1095,0.13605623,0.028,0.02690451
4010,0.0029,0.003826825,0.0501,0.042678073,0.1376,0.16423427,0.0456,0.034422163
3427,0.0063,0.003644953,0.0513,0.04833084,0.1567,0.15551855,0.0975,0.08788514
702,0.0017,0.0040334775,0.0951,0.09187559,0.2553,0.15906133,0.0252,0.028108418
2341,0.0045,0.0035600935,0.0366,0.038486127,0.1603,0.10772755,0.0161,0.0737539
3980,0.0058,0.0046606176,0.0963,0.12394209,0.1824,0.29327917,0.0481,0.058774613
1486,0.0019,0.003758275,0.027,0.034996152,0.1507,0.11607417,0.0405,0.031103285
3962,0.0038,0.0034014361,0.0644,0.044505797,0.1401,0.1671419,0.1011,0.100726664
1607,0.0052,0.012032325,0.2322,0.11925099,0.753,0.6873664,0.1496,0.1414121
3044,0.0076,0.013184592,0.1215,0.10943987,0.7024,0.6332511,0.2055,0.1882722
255,0.004,0.003880026,0.1606,0.04600519,0.3233,0.18258534,0.0366,0.036095385
2506,0.008,0.0041165925,0.0846,0.07786924,0.1877,0.15439309,0.0236,0.028886018
3257,0.0025,0.004612247,0.1655,0.16561252,0.2642,0.24713416,0.0333,0.03232979
1225,0.0519,0.042514507,0.0941,0.09379636,0.5633,0.7127763,0.1328,0.13178398
3084,0.0028,0.0042619673,0.0356,0.035921752,0.2015,0.14549795,0.0657,0.08454958
1095,0.0054,0.0033821943,0.0513,0.03925907,0.2078,0.12889756,0.0173,0.023161042
962,0.0033,0.005454003,0.1486,0.15265803,0.3089,0.31366432,0.0467,0.038658526
477,0.0266,0.01556188,0.1205,0.10902206,0.6485,0.60494375,0.0847,0.089903444
1666,0.0028,0.004151288,0.0633,0.052444417,0.079,0.15374897,0.0343,0.038691662
3615,0.0064,0.011626101,0.1773,0.13389559,0.7502,0.7174468,0.0657,0.07982369
1716,0.0045,0.0045106807,0.0733,0.055820923,0.2146,0.17367114,0.0377,0.035242476
1937,0.0107,0.004034956,0.0481,0.06488797,0.2666,0.17095013,0.0247,0.026589338
1627,0.0646,0.06204407,0.2172,0.113654405,0.8917,0.7033567,0.2254,0.29240996
2416,0.0106,0.005389421,0.086,0.10016277,0.3588,0.34681556,0.1198,0.11556886
416,0.0249,0.016623158,0.1573,0.12250803,0.4869,0.62252027,0.09,0.10085101
3439,0.003,0.0039698053,0.0391,0.038753502,0.0889,0.116549276,0.0378,0.029869765
103,0.0025,0.003943285,0.1134,0.09180517,0.1745,0.21060503,0.0563,0.04732023
2496,0.0087,0.0057884906,0.1148,0.108975604,0.3346,0.39338583,0.0717,0.07563388
1976,0.0198,0.012060611,0.2557,0.2269076,0.5363,0.56994385,0.0469,0.06562419
1135,0.0019,0.0032655827,0.0495,0.03599782,0.0646,0.110371135,0.0234,0.025928728
2934,0.0021,0.0038398774,0.0418,0.036499653,0.18,0.13273926,0.0513,0.065496095
3225,0.0046,0.0038027174,0.0326,0.033245105,0.0467,0.121104054,0.0306,0.030757442
1413,0.0016,0.005573842,0.0604,0.043020535,0.3304,0.26030263,0.1247,0.1225832
2116,0.0078,0.004778229,0.0501,0.055039342,0.1686,0.15685734,0.0939,0.11301896
3013,0.0027,0.004243589,0.0437,0.040250365,0.2959,0.15280658,0.0836,0.09349849
2757,0.002,0.003864029,0.0553,0.051736318,0.0734,0.13757648,0.0914,0.09790831
79,0.0029,0.004516302,0.088,0.08354603,0.1392,0.20590048,0.0358,0.03141012
1191,0.0032,0.004139276,0.0525,0.042988356,0.2001,0.15709324,0.0499,0.049378082
3209,0.0046,0.0053840633,0.1579,0.17003205,0.6182,0.37533796,0.0445,0.057224605
2527,0.0023,0.003535761,0.0551,0.047430404,0.12,0.17203946,0.0285,0.028955262
3457,0.0064,0.0038784337,0.0458,0.03496163,0.0737,0.129824,0.0196,0.028481953
2740,0.0087,0.0032297675,0.1103,0.12680393,0.2648,0.19205332,0.0201,0.0820181
2440,0.0831,0.07428302,0.1115,0.112351276,0.7881,0.67910075,0.1394,0.1696653
644,0.0031,0.004760055,0.1383,0.068074465,0.2713,0.3149182,0.0312,0.035439625
4050,0.0214,0.009382206,0.1193,0.10085802,0.5888,0.5084171,0.0456,0.054344323
3410,0.0071,0.003923293,0.0397,0.034598734,0.1788,0.1257672,0.0185,0.027308166
1365,0.0026,0.0038279153,0.067,0.06753786,0.197,0.10578654,0.0293,0.04334372
2608,0.0145,0.0118671125,0.22,0.18988378,0.586,0.5894918,0.0704,0.07093766
2835,0.0653,0.06597488,0.0849,0.06772537,0.5296,0.5805202,0.0836,0.105646655
1272,0.0026,0.00412331,0.0708,0.068668924,0.2284,0.19438761,0.0358,0.038257483
1610,0.0023,0.0038320776,0.026,0.036610473,0.1614,0.105715655,0.0654,0.030393098
2744,0.0087,0.0046151946,0.0555,0.07147464,0.174,0.11039678,0.1017,0.08333745
2301,0.0079,0.009652954,0.2071,0.2256266,0.5627,0.5778908,0.0422,0.047952846
3093,0.0084,0.0074329968,0.1288,0.12130397,0.5663,0.5228195,0.0652,0.07416276
3800,0.0155,0.010347554,0.1872,0.22055036,0.6314,0.5363835,0.1438,0.1447277
3887,0.0068,0.0033834423,0.0408,0.035695106,0.0616,0.113496326,0.0631,0.07583865
2497,0.0751,0.07677531,0.1118,0.109127074,0.7682,0.62912095,0.2645,0.3057815
3446,0.0035,0.0030016259,0.0349,0.036384303,0.1665,0.1116169,0.0259,0.027545333
1304,0.0023,0.0818257,0.0899,0.10288338,0.0518,0.6608082,0.0959,0.2496024
2276,0.0086,0.0062156096,0.1644,0.18194282,0.1221,0.24619898,0.026,0.038145136
1621,0.0094,0.0055969516,0.1704,0.1924041,0.1505,0.24995714,0.0267,0.07240928
3557,0.005,0.0036666712,0.0902,0.08327779,0.1199,0.1318461,0.0219,0.026567841
3406,0.0519,0.053404994,0.2183,0.16496645,0.5521,0.5857268,0.2408,0.2639121
3839,0.0056,0.0060772495,0.0675,0.08820057,0.2031,0.3567335,0.0636,0.043313786
2074,0.0088,0.005926034,0.1053,0.097178936,0.3222,0.2940199,0.0812,0.08431336
36,0.0151,0.018552223,0.1086,0.11804581,0.7108,0.64116,0.1861,0.17422903
1944,0.0023,0.0042978753,0.1145,0.09962751,0.1502,0.1784738,0.031,0.029369498
2597,0.0092,0.0041791145,0.0459,0.04754025,0.2533,0.12622564,0.0258,0.025846511
3603,0.0082,0.0068634446,0.1555,0.14666885,0.1737,0.38424242,0.0384,0.043854546
903,0.0136,0.010066151,0.1206,0.10801486,0.6403,0.55657107,0.096,0.09012589
1404,0.0018,0.003446866,0.0262,0.034192037,0.1723,0.10846984,0.0227,0.032304198
2939,0.0067,0.003593697,0.0353,0.039012667,0.1034,0.14364804,0.0318,0.02837254
1643,0.0015,0.007293929,0.1764,0.1617416,0.2306,0.398199,0.0569,0.04898906
1809,0.0815,0.08095972,0.0977,0.091748245,0.7238,0.7055406,0.2505,0.2858112
2994,0.0141,0.011532233,0.2436,0.1130305,0.6095,0.627817,0.0937,0.08344836
3349,0.0018,0.0044955635,0.076,0.06751433,0.2362,0.22575665,0.0434,0.038302463
3010,0.002,0.003475424,0.0591,0.03578719,0.1455,0.16166927,0.0262,0.025401784
1017,0.0084,0.009400517,0.1577,0.1023721,0.7595,0.69258785,0.0436,0.05035323
2768,0.0025,0.0040799654,0.0616,0.060684677,0.2095,0.18161109,0.0901,0.104721956
815,0.0023,0.0038842808,0.0438,0.039571084,0.2155,0.13040085,0.0873,0.096718326
1853,0.0034,0.004515453,0.0782,0.07312919,0.1195,0.15991434,0.0355,0.030872665
513,0.0065,0.0034303637,0.03,0.044966586,0.2178,0.17344199,0.0706,0.07326541
3327,0.0246,0.018269695,0.1569,0.14021741,0.7655,0.7091893,0.1267,0.12892804
39,0.0432,0.053339478,0.0847,0.08250281,0.6803,0.63827974,0.0996,0.101903886
1207,0.0333,0.051504876,0.0711,0.098297864,0.8507,0.70221794,0.2454,0.24128264
3416,0.0074,0.004293819,0.0635,0.06692684,0.1586,0.1752703,0.0411,0.034436878
1255,0.0586,0.052051067,0.1967,0.13384822,0.7836,0.68398035,0.0804,0.08815617
704,0.0266,0.02677625,0.1259,0.10350636,0.7146,0.5364679,0.1381,0.1086635
2984,0.0076,0.003409759,0.0401,0.04025454,0.1375,0.10729166,0.0726,0.03287758
1280,0.004,0.0040531917,0.0672,0.06923754,0.1886,0.18362647,0.1121,0.10601814
1312,0.0023,0.0044370014,0.1101,0.08890727,0.1804,0.24481736,0.0839,0.08136048
387,0.0037,0.0076098074,0.1018,0.15216509,0.2049,0.40287155,0.1345,0.12503934
2136,0.0458,0.020457923,0.0902,0.13414536,0.7461,0.5247005,0.2084,0.2743768
1335,0.0026,0.0036510734,0.0413,0.031219391,0.1067,0.11004605,0.0255,0.026657164
3707,0.0066,0.0039983457,0.0937,0.095801905,0.0907,0.1966599,0.0555,0.05238754
2697,0.002,0.005598628,0.1756,0.17371996,0.3445,0.36271468,0.1299,0.12494738
3496,0.0053,0.0043830015,0.0825,0.0800898,0.3152,0.19666575,0.0229,0.028116789
935,0.0096,0.004128224,0.1579,0.17593071,0.3104,0.25351876,0.035,0.03838414
901,0.0018,0.0035840224,0.0604,0.044074517,0.15,0.15645288,0.0188,0.035372663
3400,0.01,0.005496715,0.0885,0.10467342,0.336,0.35390124,0.0368,0.062624194
2898,0.0049,0.007357205,0.0957,0.09978309,0.4675,0.43450838,0.1477,0.13777857
2670,0.0035,0.003966035,0.0378,0.066763125,0.0402,0.1831803,0.019,0.029462105
3144,0.0043,0.0033961923,0.0432,0.03812207,0.1192,0.12732635,0.0731,0.08440724
3014,0.0055,0.0097257625,0.1692,0.14880566,0.5321,0.5884835,0.1153,0.111089006
858,0.0065,0.004266162,0.0621,0.06985476,0.1817,0.14894313,0.062,0.07037402
2771,0.011,0.008016624,0.0979,0.097502574,0.3742,0.42464945,0.1185,0.10807571
1954,0.0042,0.0041959723,0.0957,0.081138946,0.1711,0.14371666,0.03,0.028314523
1794,0.0121,0.011011675,0.2417,0.17573386,0.6895,0.6452547,0.1447,0.13432509
807,0.0115,0.010465267,0.2597,0.20415583,0.4553,0.47568956,0.0989,0.109251656
2912,0.0021,0.0042658094,0.0727,0.0718923,0.0469,0.12943043,0.0404,0.03587861
717,0.0041,0.003658991,0.08,0.07908877,0.1764,0.12840441,0.017,0.027364627
991,0.0277,0.009247603,0.0839,0.094991624,0.7211,0.52529186,0.0543,0.06095904
312,0.077,0.071861945,0.1324,0.09535692,0.4592,0.71260643,0.249,0.26224768
3134,0.0098,0.0042434386,0.0488,0.05425982,0.313,0.2365099,0.0404,0.045553084
2412,0.0042,0.0091667315,0.1279,0.08850604,0.6154,0.56576306,0.1135,0.09416482
986,0.0019,0.0037977435,0.0322,0.04743114,0.1753,0.16650791,0.0287,0.032016847
2367,0.0028,0.0037194625,0.0297,0.03679789,0.0687,0.119525604,0.0347,0.032148376
2330,0.0112,0.007993694,0.1711,0.18179399,0.204,0.43592083,0.0644,0.073559396
763,0.0197,0.015020485,0.1004,0.1296627,0.7664,0.68053144,0.1067,0.103678785
3279,0.0021,0.003926482,0.0641,0.07450542,0.1442,0.13517824,0.0387,0.03135892
3218,0.1067,0.09475217,0.1727,0.14423649,0.5391,0.5796512,0.2935,0.211246
3881,0.0052,0.0037476297,0.0692,0.051598333,0.2173,0.1495568,0.0264,0.025403565
1804,0.0359,0.047661204,0.1917,0.103691794,0.8363,0.68266195,0.1596,0.15637489
3780,0.0076,0.007736655,0.0986,0.09958361,0.5162,0.43458158,0.1447,0.14322361
2889,0.0034,0.0037821806,0.0355,0.035580065,0.0668,0.11827322,0.0659,0.05855756
3223,0.0086,0.004697775,0.0668,0.06677048,0.2068,0.2003311,0.0288,0.033973955
3511,0.0034,0.0055703064,0.0845,0.0746406,0.2048,0.22738846,0.0991,0.09719827
1208,0.0418,0.048954453,0.1924,0.12993343,0.6235,0.6469388,0.1858,0.1586541
2275,0.0282,0.014717401,0.0876,0.12260332,0.5359,0.53176105,0.0444,0.053733293
3365,0.0059,0.0034886198,0.0492,0.041137267,0.2285,0.1685841,0.0585,0.080071
479,0.0615,0.07541228,0.1647,0.11894941,0.6567,0.6241342,0.2052,0.22390041
3830,0.002,0.0039538797,0.0392,0.036215242,0.0464,0.13168232,0.0301,0.033533424
1769,0.0026,0.0031221032,0.0471,0.035249393,0.1046,0.10535581,0.0563,0.05001233
3679,0.0075,0.0038219432,0.0488,0.05173717,0.2061,0.17589515,0.0793,0.08105192
2271,0.003,0.003958659,0.131,0.11604741,0.1408,0.20068839,0.081,0.08934903
3749,0.0212,0.016173728,0.181,0.17004281,0.3751,0.6256702,0.0709,0.07935802
1078,0.002,0.0032901866,0.0323,0.033990838,0.1236,0.115325354,0.0314,0.02577559
147,0.0042,0.0034442216,0.0449,0.03419417,0.194,0.114566006,0.0211,0.025536159
3482,0.0038,0.0030295774,0.032,0.032726273,0.063,0.10222649,0.0209,0.029323686
1410,0.1104,0.07419712,0.1443,0.11142474,0.6234,0.6148349,0.2721,0.27547562
3171,0.0052,0.0040448746,0.0496,0.040016625,0.0867,0.1208872,0.0681,0.057961997
3360,0.0052,0.00768093,0.174,0.18595378,0.5284,0.43620068,0.133,0.16306531
2789,0.1108,0.08140609,0.132,0.10585791,0.7332,0.64391166,0.1121,0.10220443
2678,0.0056,0.0031068455,0.0279,0.036758054,0.1212,0.102518044,0.0591,0.03643286
503,0.0038,0.0043105367,0.0641,0.072854854,0.161,0.17451854,0.0561,0.04616368
912,0.0028,0.0037719489,0.0472,0.04233295,0.2015,0.2730861,0.0478,0.040061288
3643,0.015,0.01049395,0.1019,0.13163231,0.5436,0.6557516,0.0442,0.051480062
2234,0.0029,0.0039727823,0.042,0.03818486,0.108,0.12921475,0.0646,0.07205356
2871,0.0018,0.0038549642,0.0526,0.046064667,0.1497,0.117355175,0.0155,0.024653414
869,0.0139,0.009155074,0.1363,0.14025906,0.6185,0.52924144,0.0633,0.06049213
3773,0.0613,0.073085725,0.0734,0.090807885,0.7522,0.700737,0.2439,0.15203498
225,0.0112,0.012258192,0.2328,0.14867744,0.7477,0.6856786,0.0626,0.06914497
2926,0.1063,0.08141323,0.1226,0.09533728,0.5868,0.6748325,0.2915,0.29136372
3445,0.0059,0.003567757,0.0267,0.03601091,0.1818,0.11805975,0.0464,0.024893085
2359,0.0019,0.0041038375,0.1579,0.13340142,0.2251,0.16712034,0.0216,0.02558384
265,0.0053,0.0038445075,0.0468,0.03649694,0.1385,0.09225053,0.0203,0.033123504
3264,0.0018,0.005600473,0.1096,0.11853366,0.1967,0.25582194,0.1529,0.118019536
2239,0.0059,0.0062269666,0.0948,0.078247875,0.6723,0.39517555,0.0778,0.08236601
1817,0.0158,0.011905468,0.2137,0.18850286,0.6283,0.5195668,0.1515,0.16151406
1923,0.0028,0.0039047422,0.0832,0.080762364,0.2124,0.17124917,0.0659,0.07253453
3437,0.0248,0.030458262,0.1,0.106024355,0.8573,0.6633972,0.1004,0.0863301
3613,0.0593,0.07418914,0.0653,0.08035025,0.4505,0.56242007,0.2888,0.27419236
2038,0.0024,0.004171588,0.0403,0.059760485,0.2166,0.13839388,0.0289,0.027278677
3895,0.0084,0.012649171,0.2502,0.19690318,0.4981,0.6611005,0.0864,0.08144791
798,0.0039,0.0042379666,0.0442,0.041855272,0.2132,0.155494,0.0578,0.07440075
744,0.0954,0.09173345,0.0826,0.091989174,0.5058,0.68045175,0.1153,0.13415623
2955,0.0026,0.0042584753,0.06,0.06968006,0.1388,0.29504344,0.0745,0.073434
3589,0.0113,0.005211475,0.0901,0.100741796,0.2673,0.23455365,0.1142,0.11050997
2806,0.0056,0.0030578256,0.0308,0.036287382,0.1359,0.16387987,0.074,0.07193586
53,0.1083,0.09052756,0.2163,0.15482894,0.4507,0.60760504,0.1528,0.13729781
2574,0.0048,0.0042458544,0.108,0.10392627,0.1367,0.18801557,0.0805,0.0821522
3559,0.0043,0.004368049,0.0675,0.07107662,0.1443,0.19009848,0.0829,0.10068035
1029,0.0058,0.0037646354,0.0548,0.041999213,0.0927,0.14240968,0.1583,0.11129643
1010,0.0267,0.03728976,0.1739,0.1300703,0.6964,0.6521271,0.1566,0.17472549
499,0.0086,0.0033209943,0.203,0.055670246,0.7024,0.23870488,0.0579,0.052604515
968,0.0027,0.003331945,0.0272,0.031533655,0.0587,0.11426293,0.0299,0.028986458
550,0.0048,0.0039060356,0.0629,0.06299043,0.1231,0.18802567,0.0828,0.07966124
2982,0.0036,0.0043245587,0.0946,0.09582082,0.1696,0.19661081,0.0557,0.05995795
1091,0.0079,0.005043716,0.1422,0.14148737,0.237,0.22645903,0.0929,0.07382124
2911,0.0074,0.008549261,0.1111,0.09835698,0.6335,0.5436819,0.0484,0.045696616
3393,0.006,0.0041211667,0.0625,0.0788996,0.1733,0.15224105,0.0153,0.027957197
2503,0.0016,0.0037201534,0.0574,0.039525896,0.0515,0.109855585,0.0962,0.07621468
674,0.017,0.016508915,0.1372,0.13044383,0.4242,0.51916856,0.0754,0.07203039
251,0.0114,0.004828872,0.1406,0.15136117,0.1826,0.20296119,0.0211,0.031545173
2598,0.0115,0.0077018114,0.1449,0.14201671,0.2504,0.4082854,0.0417,0.04179739
1592,0.0072,0.007762907,0.133,0.12849937,0.4744,0.57969904,0.1216,0.12251835
4019,0.0223,0.013548005,0.1938,0.19351889,0.6546,0.5690306,0.0544,0.055931993
2546,0.0241,0.021479491,0.1711,0.18140717,0.5663,0.6294724,0.1056,0.100483775
3586,0.0042,0.0098283,0.1668,0.1393921,0.5455,0.63811,0.1306,0.12723747
3745,0.0119,0.004586615,0.1558,0.17864834,0.1399,0.20961909,0.1445,0.09935881
4015,0.0108,0.0073664607,0.1689,0.19384806,0.2768,0.34246755,0.1093,0.08879751
2213,0.004,0.0032100494,0.0426,0.04453764,0.1255,0.17919111,0.1515,0.11058283
859,0.0337,0.03729903,0.2016,0.11648852,0.8843,0.71901876,0.2149,0.2824869
800,0.0102,0.003936028,0.111,0.09852347,0.0944,0.16536307,0.0315,0.031084808
545,0.0027,0.009003424,0.1167,0.111434184,0.2455,0.5195832,0.0544,0.05437625
3735,0.0078,0.0074701714,0.1616,0.107640006,0.7736,0.54089177,0.0401,0.047855582
3015,0.0076,0.007060193,0.1467,0.14572342,0.4218,0.3510187,0.1014,0.09779427
3346,0.0104,0.0068529337,0.089,0.09627458,0.4729,0.49902332,0.1464,0.102466814
253,0.0041,0.0067667165,0.0975,0.10286072,0.3392,0.35867235,0.1518,0.14911857
3425,0.005,0.0040787146,0.0474,0.045408446,0.1535,0.15203167,0.0605,0.08094949
3824,0.0256,0.016921997,0.1627,0.19278193,0.3709,0.41729072,0.1697,0.16348946
2891,0.0028,0.0040890486,0.0374,0.037365463,0.0449,0.119439475,0.0567,0.037029725
1440,0.0114,0.00753755,0.1297,0.126669,0.5366,0.51592106,0.0911,0.097722895
3376,0.0227,0.012783222,0.0923,0.0846598,0.7225,0.47102985,0.0461,0.06400171
394,0.0091,0.0031221467,0.0442,0.036900964,0.2571,0.14508086,0.064,0.07621408
1418,0.0024,0.004502209,0.0781,0.07094668,0.1491,0.16735451,0.0283,0.030429192
1720,0.0239,0.013418657,0.2234,0.20205581,0.6516,0.61580235,0.0799,0.06913084
3355,0.0059,0.0042727194,0.1468,0.116937265,0.0893,0.19584498,0.0397,0.034103233
1256,0.0096,0.004124598,0.0697,0.08842248,0.3224,0.15667154,0.0431,0.031830397
2970,0.0019,0.003568158,0.0491,0.039861556,0.1934,0.15103373,0.0558,0.059710808
3562,0.0082,0.0069065695,0.1471,0.11346413,0.3496,0.48228216,0.1005,0.09863801
1131,0.0772,0.07248928,0.0712,0.07703091,0.726,0.68853754,0.1072,0.112896726
976,0.0259,0.007135373,0.0995,0.126904,0.5089,0.47662896,0.0528,0.051456127
1080,0.0225,0.013099435,0.2334,0.17997606,0.5899,0.6301677,0.0449,0.050730713
974,0.0556,0.039564468,0.0885,0.10901903,0.753,0.70380914,0.1038,0.10222838
3250,0.0042,0.0029813212,0.0379,0.03434569,0.1103,0.12131526,0.0724,0.038215917
2353,0.0089,0.005170367,0.1899,0.067743815,0.597,0.3953322,0.0528,0.03984899
1323,0.0046,0.0036815035,0.0508,0.052761592,0.1052,0.14563583,0.0827,0.08648628
2185,0.006,0.0036082123,0.0933,0.09613105,0.0452,0.15130562,0.0885,0.06697064
3403,0.0023,0.004328458,0.0747,0.075769484,0.2425,0.23532997,0.0467,0.041860696
3447,0.0101,0.004411674,0.0573,0.06602796,0.1917,0.20830932,0.0884,0.0799794
1566,0.0047,0.0044395863,0.0353,0.034474276,0.1422,0.10487858,0.02,0.027659161
820,0.0202,0.024270825,0.2123,0.13036698,0.757,0.65677,0.2193,0.24314076
348,0.028,0.01058108,0.1226,0.14980441,0.378,0.45644853,0.1657,0.18511856
4057,0.0049,0.0034150938,0.0383,0.034562137,0.2095,0.1542702,0.0265,0.031026095
1998,0.0082,0.0043358435,0.0717,0.07376107,0.083,0.161486,0.0562,0.05358777
3791,0.0208,0.011580119,0.1658,0.16198966,0.7155,0.63824683,0.1491,0.12367866
2158,0.0023,0.0047049043,0.0653,0.06600138,0.2395,0.21240018,0.0591,0.07466819
2475,0.0162,0.009176878,0.1661,0.20755745,0.4382,0.41310453,0.0782,0.060402267
3353,0.0023,0.0041021327,0.0688,0.07077344,0.1691,0.16834205,0.0612,0.06735979
3252,0.0058,0.008408851,0.0817,0.11195981,0.1497,0.487647,0.0739,0.0995259
259,0.0097,0.009611773,0.0966,0.12145282,0.591,0.5599124,0.1962,0.19280815
1053,0.0018,0.0033174618,0.039,0.038310718,0.0994,0.14027032,0.0559,0.0502374
1176,0.0034,0.003977236,0.0269,0.039685782,0.2041,0.15739793,0.021,0.025547057
1189,0.0522,0.036554333,0.0778,0.08852401,0.6801,0.6094533,0.0867,0.1055329
2637,0.0081,0.008766238,0.1532,0.15767393,0.2649,0.38830003,0.0679,0.07203
101,0.0022,0.0042636795,0.0805,0.079916164,0.2187,0.14974403,0.0222,0.029448356
759,0.0144,0.011750515,0.0851,0.07348521,0.7076,0.4909674,0.0725,0.096314155
110,0.0026,0.0037815357,0.0792,0.07700016,0.1527,0.17385148,0.0323,0.032883793
2075,0.0024,0.0034941912,0.0367,0.03377452,0.1083,0.11033871,0.0153,0.03251202
74,0.0191,0.011265538,0.1255,0.10838,0.6912,0.64298236,0.0834,0.07887234
3871,0.0019,0.0038651375,0.0458,0.035651457,0.1294,0.16903149,0.0465,0.034800746
3688,0.0029,0.005556848,0.0813,0.06302957,0.2221,0.2769925,0.1171,0.10986065
1834,0.0015,0.004016967,0.0923,0.07989746,0.0534,0.1311045,0.0313,0.026317397
2343,0.0081,0.008033119,0.1223,0.101880334,0.3242,0.43095964,0.0641,0.06968729
3280,0.0065,0.004041407,0.0745,0.07388696,0.0809,0.14486113,0.0424,0.038088128
199,0.0047,0.004140145,0.0779,0.07181096,0.1354,0.13791767,0.021,0.026481453
2583,0.0358,0.040861815,0.0652,0.09696368,0.5245,0.6085059,0.2196,0.27449468
1776,0.0028,0.004376639,0.087,0.0899729,0.1979,0.20827743,0.0863,0.090514824
3392,0.0077,0.0058839284,0.249,0.21958758,0.3386,0.40551555,0.1276,0.106954016
2616,0.0112,0.0049195453,0.1125,0.11088399,0.3968,0.32122707,0.0824,0.07355069
2212,0.0061,0.008378323,0.1274,0.11481644,0.7365,0.454782,0.0789,0.08649544
2734,0.004,0.004030692,0.066,0.06417692,0.127,0.14847188,0.032,0.028085489
1136,0.0041,0.009918705,0.1777,0.16988294,0.668,0.62078685,0.1315,0.11491857
3359,0.0122,0.011436273,0.1182,0.17940265,0.6299,0.6309277,0.0476,0.05599986
2918,0.0042,0.003528117,0.1548,0.16727643,0.1258,0.17362718,0.0222,0.02645116
1947,0.0035,0.0042148926,0.0564,0.06287227,0.1469,0.23527893,0.0396,0.039783508
2437,0.005,0.0043688635,0.1204,0.11662753,0.2001,0.19698183,0.0373,0.03623894
2948,0.0129,0.007920124,0.2198,0.20514351,0.3452,0.38032207,0.1106,0.118368626
2103,0.0113,0.0043975846,0.0768,0.09313889,0.2928,0.2733209,0.0581,0.062884204
1747,0.0202,0.009791273,0.1269,0.13128737,0.5713,0.5663269,0.1104,0.11384396
3114,0.0199,0.0050690942,0.092,0.114007406,0.3479,0.39289412,0.1456,0.14106727
1960,0.0248,0.01764767,0.1025,0.10968661,0.6989,0.70311505,0.1671,0.1782567
652,0.0445,0.022000128,0.2191,0.15730676,0.7637,0.6662866,0.1744,0.1800195
707,0.0027,0.003543965,0.0404,0.035580043,0.1422,0.14460804,0.0301,0.028612113
1186,0.0377,0.036625247,0.1371,0.112345874,0.8678,0.7369017,0.2512,0.27782473
437,0.0072,0.0031056793,0.0422,0.039158724,0.2842,0.15406002,0.0408,0.03624525
3690,0.0496,0.055247553,0.0824,0.09746713,0.6898,0.6787547,0.0991,0.11229371
2078,0.0101,0.0059541524,0.1555,0.16751367,0.3738,0.3253844,0.1559,0.14417998
2399,0.002,0.004308863,0.0677,0.05879581,0.0546,0.14838,0.0207,0.029973973
1046,0.0027,0.003971723,0.0657,0.056164872,0.1282,0.13412389,0.0381,0.030529236
1990,0.0028,0.0037090473,0.0305,0.03451323,0.0402,0.09509403,0.0275,0.024592329
1646,0.0031,0.004134204,0.0867,0.079822816,0.1336,0.17379358,0.0201,0.025174884
2618,0.011,0.0042668073,0.0843,0.08205805,0.2606,0.18904085,0.0298,0.040889215
3307,0.0021,0.004248746,0.0624,0.06219181,0.0534,0.14023533,0.0875,0.08755934
365,0.0032,0.0030301262,0.036,0.038094662,0.1642,0.1400746,0.0214,0.02327053
1281,0.0111,0.008004511,0.1353,0.1223248,0.6185,0.59104514,0.0506,0.0509906
455,0.0236,0.014176952,0.094,0.08006681,0.4965,0.5875735,0.0923,0.08641724
1311,0.0053,0.0041513853,0.0698,0.06325922,0.1171,0.16540508,0.085,0.088140346
245,0.0029,0.0037168032,0.0789,0.07011814,0.0673,0.116337426,0.0153,0.02736753
2041,0.0075,0.0036046267,0.027,0.03363336,0.1883,0.13595253,0.042,0.042925257
364,0.0034,0.004369493,0.1503,0.13514191,0.2652,0.23185223,0.1196,0.11421754
2501,0.0093,0.004298884,0.0945,0.08881948,0.2616,0.2506851,0.145,0.12767506
361,0.0018,0.0034674199,0.0352,0.034383696,0.1907,0.16474155,0.0472,0.026837358
1476,0.0064,0.0080328025,0.0997,0.105345465,0.6951,0.5192652,0.0676,0.07000224
2292,0.0039,0.0039711217,0.0542,0.037464887,0.0881,0.08678544,0.0919,0.03964868
1484,0.0189,0.0060697277,0.0996,0.09586245,0.3855,0.35624716,0.0692,0.0690664
1333,0.0063,0.0037174616,0.0911,0.07567124,0.0431,0.12791757,0.0526,0.025518492
3812,0.0049,0.003948066,0.0546,0.047536716,0.1675,0.1308292,0.0649,0.092696
3746,0.006,0.004352394,0.0484,0.09829335,0.2016,0.25890547,0.1402,0.11813629
703,0.0104,0.0048506316,0.0556,0.06347973,0.2185,0.23108855,0.0953,0.101835206
2366,0.0068,0.0037473275,0.0871,0.07949716,0.1302,0.13736984,0.0513,0.026801165
2846,0.0026,0.0043275026,0.0846,0.0773439,0.09,0.14413771,0.0242,0.024546504
2973,0.0186,0.013793317,0.2023,0.1180992,0.3547,0.58194816,0.1087,0.08584077
3201,0.0018,0.0038891574,0.0567,0.04557816,0.2885,0.15967046,0.0208,0.026373073
3594,0.0041,0.0074018664,0.1281,0.116784066,0.6337,0.5064823,0.1034,0.1029425
819,0.0119,0.0085177785,0.0977,0.124431215,0.5849,0.60379815,0.1407,0.13659489
2462,0.0036,0.0056753894,0.1269,0.112608746,0.2725,0.31554773,0.0676,0.061386503
3271,0.0061,0.006869145,0.0922,0.09695815,0.3346,0.48317757,0.0699,0.07806653
2941,0.0031,0.00394679,0.038,0.03422797,0.1858,0.12871836,0.0228,0.030385634
244,0.0024,0.004274366,0.0616,0.04049987,0.1518,0.12266309,0.0207,0.031730805
2361,0.0051,0.0032175763,0.0831,0.037259463,0.7162,0.12775032,0.0514,0.029162401
3593,0.0053,0.015117886,0.16,0.1188824,0.5782,0.59004074,0.2175,0.20890985
522,0.0102,0.004751273,0.0808,0.08027375,0.3321,0.25212276,0.0788,0.07795853
1279,0.0027,0.004280239,0.066,0.06429575,0.14,0.13915925,0.0553,0.046401322
2441,0.0043,0.004082987,0.0864,0.07088506,0.0743,0.1361765,0.0265,0.02940321
1005,0.0027,0.004969872,0.1279,0.13513984,0.1593,0.19937746,0.0236,0.031293567
3191,0.1033,0.09701071,0.1777,0.12128318,0.8722,0.67759013,0.1817,0.18729314
2963,0.115,0.08640342,0.1811,0.17177923,0.5103,0.5561095,0.2511,0.20640518
2521,0.0132,0.012213847,0.2103,0.18347451,0.5776,0.5896419,0.0626,0.07124984
1688,0.0159,0.010660501,0.1868,0.20618194,0.5542,0.5560151,0.121,0.11373527
1437,0.0041,0.004249252,0.1467,0.13016896,0.1055,0.18074027,0.057,0.047675386
2118,0.0034,0.0034531467,0.0539,0.04556489,0.2664,0.17415652,0.0631,0.08714123
3833,0.0015,0.0066168215,0.152,0.12705915,0.3166,0.33474153,0.138,0.13406077
3182,0.0055,0.0042491057,0.0907,0.08909192,0.1612,0.22798784,0.0355,0.038176253
4045,0.0017,0.0043307533,0.0385,0.035474136,0.1784,0.14779188,0.0919,0.095485024
757,0.0103,0.010247343,0.2078,0.14379498,0.7026,0.56813484,0.1365,0.12367809
96,0.0059,0.0042218473,0.0509,0.05219918,0.317,0.23473309,0.0934,0.10052819
413,0.0028,0.005606385,0.1246,0.13336065,0.2889,0.3059893,0.0638,0.08734731
3942,0.0085,0.014772403,0.1143,0.16172273,0.6947,0.5658798,0.0531,0.065365225
327,0.0297,0.020589849,0.1657,0.15580711,0.5539,0.60997826,0.1893,0.23222531
2458,0.006,0.01090731,0.1916,0.15330258,0.7078,0.6399497,0.0548,0.058700062
2619,0.0541,0.05758896,0.0621,0.08985178,0.8588,0.7234157,0.2993,0.27391934
3476,0.0021,0.0035499062,0.0443,0.039139833,0.2102,0.14186612,0.0194,0.024841083
1415,0.0083,0.0071311714,0.1502,0.13494891,0.6917,0.52320206,0.139,0.14220619
3561,0.0246,0.013476731,0.1596,0.094938986,0.7492,0.5996323,0.1477,0.13974787
2104,0.0028,0.0039950632,0.0348,0.033787437,0.1215,0.13153012,0.0951,0.082909144
933,0.0065,0.004289098,0.0653,0.070395894,0.1211,0.15945166,0.0847,0.085791826
2735,0.005,0.0034433156,0.0406,0.032398753,0.0465,0.13294041,0.028,0.030062573
1583,0.0117,0.0041033467,0.0819,0.0969653,0.0983,0.17239878,0.074,0.086795606
1943,0.0047,0.004564546,0.0564,0.05110724,0.0848,0.12246045,0.117,0.08097325
2120,0.0022,0.0038999158,0.059,0.040670715,0.1456,0.14577025,0.037,0.03483838
1712,0.0028,0.003328931,0.0426,0.03893952,0.1189,0.11667734,0.0266,0.028015789
1049,0.0301,0.03653485,0.1141,0.11863411,0.5515,0.64870286,0.1164,0.11949162
172,0.0045,0.0025090694,0.0342,0.03660574,0.0461,0.09727154,0.0257,0.021710394
671,0.0048,0.0040453826,0.0855,0.043216392,0.1596,0.11611948,0.1231,0.04874767
2461,0.0866,0.084088705,0.2027,0.103225306,0.5921,0.6612476,0.299,0.2895413
1353,0.0429,0.042283073,0.0641,0.09323975,0.5297,0.62515074,0.0977,0.096773215
1825,0.0068,0.0063122096,0.0961,0.112172894,0.3913,0.37863338,0.0679,0.07127088
135,0.0023,0.0029602281,0.0743,0.038118064,0.0431,0.09804075,0.032,0.021917202
2609,0.0027,0.004327321,0.0582,0.047747955,0.1804,0.15347832,0.0383,0.037105955
2645,0.0068,0.0036626402,0.0857,0.055003352,0.1298,0.12345407,0.051,0.022114526
1500,0.0072,0.0061993543,0.0432,0.11338347,0.2612,0.3689296,0.0534,0.04494005
105,0.0024,0.0032091476,0.0253,0.03464824,0.1489,0.13582872,0.0528,0.04180152
2680,0.0046,0.004218172,0.1205,0.11831494,0.2281,0.31513372,0.0548,0.06642574
3775,0.0039,0.0035545533,0.044,0.036098737,0.3328,0.18389603,0.0407,0.035610028
2485,0.0022,0.003433297,0.0305,0.036667217,0.0999,0.12190483,0.0886,0.092731126
686,0.0018,0.0038803134,0.0462,0.03910187,0.093,0.12598078,0.0946,0.06463573
1730,0.0422,0.06562945,0.1462,0.11455709,0.8175,0.69719315,0.1269,0.12484711
1764,0.0019,0.0048363646,0.1036,0.08885385,0.2672,0.26594734,0.0604,0.07800825
2311,0.0065,0.0044162213,0.0425,0.04030701,0.0666,0.13301964,0.0324,0.034226622
2751,0.0043,0.0040925285,0.0323,0.0334162,0.1616,0.08631479,0.0282,0.03258962
2824,0.055,0.058015414,0.1168,0.12849131,0.5795,0.65989214,0.121,0.104348116
2386,0.0047,0.0041653067,0.0785,0.073569596,0.0919,0.16436687,0.0559,0.049923643
2378,0.0385,0.05882143,0.1622,0.13436252,0.7341,0.65090364,0.1833,0.21960366
914,0.0093,0.003869463,0.0805,0.057328876,0.2369,0.14427985,0.0239,0.022900088
520,0.0109,0.009937429,0.1564,0.16432801,0.4978,0.5351788,0.1327,0.13820724
1238,0.0112,0.0038845146,0.1146,0.11877086,0.2861,0.24738888,0.0526,0.0504074
712,0.01,0.0025441244,0.1931,0.040650852,0.7087,0.15654536,0.146,0.06620891
2870,0.0019,0.003789343,0.049,0.034070313,0.0444,0.10922163,0.0228,0.039375596
100,0.0031,0.0038152363,0.0441,0.03436052,0.1728,0.13680588,0.0617,0.06712689
928,0.0016,0.0041975705,0.0646,0.06553761,0.1481,0.21160382,0.033,0.038074587
3808,0.0979,0.09217632,0.1161,0.1214669,0.691,0.685316,0.1661,0.15468556
1173,0.0019,0.0034063864,0.0323,0.03573972,0.1466,0.10419751,0.0229,0.03787378
3259,0.0056,0.0056308997,0.0834,0.067944825,0.1777,0.25631225,0.1437,0.12008163
409,0.0059,0.0033387667,0.0902,0.08536629,0.3213,0.2254436,0.0777,0.085674234
1647,0.0082,0.012754233,0.1181,0.17877676,0.2461,0.49854484,0.0718,0.07156895
3088,0.0121,0.009165578,0.1382,0.16796912,0.6544,0.58765584,0.0824,0.071973704
2921,0.0021,0.004378167,0.0929,0.086736076,0.225,0.16147606,0.0587,0.0769179
792,0.0057,0.004090726,0.0265,0.04173855,0.0517,0.13569424,0.0541,0.072719604
4086,0.0114,0.004271485,0.0607,0.06740473,0.2345,0.22221266,0.1117,0.09534595
3633,0.0024,0.003960719,0.0596,0.038750328,0.2191,0.16093957,0.0246,0.030873073
1446,0.0024,0.005821547,0.0915,0.11845392,0.2488,0.36478555,0.0311,0.036106136
470,0.004,0.003556109,0.087,0.07115346,0.1227,0.1375801,0.0165,0.02541386
1473,0.0881,0.0858555,0.1065,0.113429055,0.6328,0.64575905,0.3129,0.27424112
3510,0.024,0.017238146,0.1406,0.12460131,0.835,0.711702,0.0948,0.09249729
1961,0.0062,0.00710154,0.2063,0.19301888,0.4553,0.45509967,0.0562,0.044146143
2687,0.0116,0.0069931378,0.1564,0.1648142,0.1549,0.30331376,0.1032,0.11619405
1165,0.0245,0.014480364,0.0769,0.11459884,0.4811,0.60463005,0.2253,0.2633102
2769,0.0066,0.004208343,0.0663,0.05983096,0.0436,0.11800974,0.0312,0.04134879
3483,0.002,0.004521815,0.0552,0.05819852,0.2193,0.16252232,0.0698,0.081863046
848,0.0198,0.009351792,0.1205,0.13252917,0.3679,0.51806486,0.0655,0.05554747
3285,0.0815,0.06599477,0.0906,0.10423798,0.7024,0.71286416,0.1235,0.11428255
8,0.0057,0.003905496,0.0385,0.035451315,0.1316,0.108851425,0.0492,0.046486225
2468,0.0052,0.0040953606,0.0297,0.03461557,0.0526,0.08113272,0.025,0.028593592
3730,0.0042,0.0036952985,0.0631,0.05243055,0.1473,0.18549696,0.0611,0.0669407
684,0.0623,0.058737326,0.0992,0.09435139,0.5323,0.68859434,0.1094,0.107037105
3873,0.0101,0.010192507,0.2376,0.20089859,0.3298,0.41907266,0.2062,0.171514
1301,0.0266,0.038138416,0.178,0.13928826,0.6386,0.5840231,0.3164,0.29056463
937,0.0049,0.0070601534,0.1259,0.12457123,0.3937,0.33264902,0.0965,0.07133395
562,0.0071,0.008540525,0.2165,0.12927185,0.6665,0.55338407,0.0594,0.058440465
3405,0.0069,0.005075104,0.0995,0.10388626,0.1291,0.23748262,0.0974,0.10758121
3244,0.0019,0.0036734715,0.0423,0.03808127,0.2094,0.17994857,0.0681,0.07362365
1252,0.0649,0.06317797,0.0909,0.09518305,0.4773,0.6830609,0.127,0.13139568
2747,0.0023,0.0035037855,0.0301,0.035241473,0.1899,0.12157758,0.0409,0.033540152
3127,0.0041,0.004084233,0.0734,0.059079673,0.2802,0.14461815,0.0767,0.06343197
2105,0.03,0.02616506,0.1325,0.14312595,0.5369,0.60722876,0.1786,0.20445687
1846,0.0288,0.020419115,0.2089,0.12914243,0.7174,0.6211479,0.1283,0.104153864
27,0.0056,0.0097403005,0.2385,0.18722269,0.7532,0.63925296,0.1435,0.14398102
1866,0.0085,0.0044707973,0.1404,0.14956288,0.1947,0.18165249,0.0286,0.030697623
568,0.0015,0.004143599,0.1047,0.09580279,0.2971,0.28872222,0.1477,0.129285
3772,0.0637,0.068612,0.0665,0.08526113,0.4831,0.6937132,0.1697,0.16975322
1299,0.0849,0.07486418,0.1015,0.10254242,0.8353,0.66377366,0.0858,0.1163127
2925,0.0063,0.008749127,0.2315,0.20838667,0.5459,0.50061536,0.1892,0.15484951
421,0.0053,0.003591778,0.0804,0.0815876,0.1827,0.13010111,0.0152,0.02327987
1172,0.0074,0.0038460607,0.0996,0.10417672,0.1845,0.15166464,0.0283,0.028464392
3166,0.0622,0.07702264,0.1935,0.087161236,0.8483,0.6595974,0.1375,0.15263963
525,0.0069,0.0036065145,0.1314,0.089769006,0.3513,0.15353069,0.0504,0.039491437
3067,0.0154,0.006902177,0.1726,0.097532034,0.5629,0.47839466,0.0588,0.057406086
191,0.0036,0.0041206055,0.0426,0.039035767,0.0539,0.10091413,0.0601,0.05379664
765,0.0429,0.04944308,0.1519,0.118070394,0.8324,0.6286737,0.0964,0.10181824
3605,0.0865,0.08499864,0.1843,0.11458136,0.8694,0.7034608,0.14,0.12705816
2183,0.0061,0.004435305,0.0547,0.05852101,0.2079,0.21301772,0.0758,0.08364106
1652,0.0015,0.0039383746,0.0951,0.088216506,0.1702,0.1948957,0.0829,0.09493423
619,0.0018,0.003152873,0.0402,0.035015024,0.3347,0.14571762,0.0966,0.093823075
1246,0.0104,0.004744362,0.0657,0.05718639,0.0815,0.13560008,0.1339,0.09818305
1785,0.0291,0.027228296,0.1367,0.16136068,0.5326,0.6468738,0.1915,0.19252668
2208,0.0143,0.01250253,0.2279,0.22274329,0.5251,0.47976044,0.1588,0.14400834
1027,0.0024,0.003694788,0.0525,0.06037578,0.1933,0.121176876,0.0239,0.021458125
2908,0.0032,0.003779971,0.08,0.059178755,0.0935,0.11392977,0.0723,0.030056225
1072,0.0071,0.0036570928,0.0947,0.08542883,0.0801,0.12983826,0.0762,0.088714026
1677,0.0247,0.02404758,0.0757,0.11827605,0.6613,0.6949165,0.1926,0.20590729
459,0.0243,0.018773153,0.1226,0.11645797,0.6551,0.73140913,0.1307,0.113303624
2196,0.0051,0.003058446,0.0261,0.033300523,0.1347,0.12047727,0.017,0.02326428
9,0.0228,0.019556247,0.148,0.12092604,0.721,0.60255235,0.2018,0.24747728
993,0.004,0.004917876,0.128,0.108280905,0.3317,0.27917787,0.0916,0.09133394
557,0.0306,0.027149996,0.1153,0.121125825,0.5262,0.61849624,0.0805,0.09348216
84,0.0016,0.003680175,0.0509,0.051717475,0.1705,0.12432862,0.0449,0.024729729
2954,0.0028,0.0034052113,0.0431,0.03750818,0.2329,0.13067028,0.052,0.03771329
4074,0.0047,0.0042894217,0.029,0.03300708,0.1533,0.11722384,0.0236,0.02491358
3863,0.0039,0.0038473294,0.0629,0.063428245,0.1977,0.12790208,0.0246,0.02702571
1167,0.0205,0.0121771535,0.2499,0.16065946,0.6085,0.6763513,0.0716,0.06687086
741,0.0684,0.074291155,0.067,0.0811703,0.5388,0.6787025,0.3369,0.2558319
1429,0.0811,0.0774696,0.072,0.09327072,0.5677,0.65260273,0.1008,0.118049495
1662,0.0047,0.008956256,0.1491,0.15145063,0.6077,0.6049302,0.1214,0.119259246
1115,0.0064,0.0034752332,0.0883,0.07947602,0.1799,0.18646105,0.0905,0.0973629
2339,0.0032,0.0038793797,0.0577,0.04624147,0.1313,0.11759443,0.0202,0.025476558
366,0.026,0.019655248,0.1446,0.13633487,0.7901,0.6495006,0.0817,0.07428759
850,0.0292,0.031138392,0.2027,0.15038496,0.7352,0.5914171,0.314,0.26535696
195,0.0121,0.0060596433,0.0944,0.09558755,0.772,0.48661605,0.0401,0.046749268
526,0.002,0.004738703,0.0266,0.039504163,0.084,0.1483606,0.0425,0.03840443
