epoch,env_car_attack_head_loss,env_car_attack_head_mae,env_car_decay_head_loss,env_car_decay_head_mae,env_car_release_head_loss,env_car_release_head_mae,env_car_sustain_head_loss,env_car_sustain_head_mae,env_mod_attack_head_loss,env_mod_attack_head_mae,env_mod_decay_head_loss,env_mod_decay_head_mae,env_mod_release_head_loss,env_mod_release_head_mae,env_mod_sustain_head_loss,env_mod_sustain_head_mae,feedback_head_loss,feedback_head_mae,index_12_head_loss,index_12_head_mae,index_23_head_loss,index_23_head_mae,index_3c_head_loss,index_3c_head_mae,index_4c_head_loss,index_4c_head_mae,index_5c_head_loss,index_5c_head_mae,key_scaling_head_loss,key_scaling_head_mae,lfo_depth_cents_head_loss,lfo_depth_cents_head_mae,lfo_rate_head_loss,lfo_rate_head_mae,loss,val_env_car_attack_head_loss,val_env_car_attack_head_mae,val_env_car_decay_head_loss,val_env_car_decay_head_mae,val_env_car_release_head_loss,val_env_car_release_head_mae,val_env_car_sustain_head_loss,val_env_car_sustain_head_mae,val_env_mod_attack_head_loss,val_env_mod_attack_head_mae,val_env_mod_decay_head_loss,val_env_mod_decay_head_mae,val_env_mod_release_head_loss,val_env_mod_release_head_mae,val_env_mod_sustain_head_loss,val_env_mod_sustain_head_mae,val_feedback_head_loss,val_feedback_head_mae,val_index_12_head_loss,val_index_12_head_mae,val_index_23_head_loss,val_index_23_head_mae,val_index_3c_head_loss,val_index_3c_head_mae,val_index_4c_head_loss,val_index_4c_head_mae,val_index_5c_head_loss,val_index_5c_head_mae,val_key_scaling_head_loss,val_key_scaling_head_mae,val_lfo_depth_cents_head_loss,val_lfo_depth_cents_head_mae,val_lfo_rate_head_loss,val_lfo_rate_head_mae,val_loss,learning_rate
0,0.2802198529243469,0.6291727423667908,0.4550778567790985,0.8527220487594604,0.18304988741874695,0.4716637134552002,0.4336870312690735,0.8260113596916199,0.31056010723114014,0.6658263206481934,0.42307716608047485,0.8093711137771606,0.20796750485897064,0.5070749521255493,0.38201794028282166,0.7575605511665344,0.4779024124145508,0.8815926909446716,0.458954781293869,0.8573412895202637,0.4526135325431824,0.8493255972862244,0.45950308442115784,0.8567536473274231,0.45896583795547485,0.8585852980613708,0.45295125246047974,0.8506507873535156,0.47119438648223877,0.8735790252685547,0.4761746823787689,0.8801594972610474,0.4760950207710266,0.8802266120910645,3.958442211151123,0.17755235731601715,0.4800677001476288,0.4029325842857361,0.7911835312843323,0.03687423840165138,0.2079140841960907,0.374501496553421,0.757529616355896,0.17165564000606537,0.48130595684051514,0.2775343060493469,0.6067261695861816,0.04737717658281326,0.23375709354877472,0.23990395665168762,0.5762009024620056,0.45666271448135376,0.8592087626457214,0.45035821199417114,0.8547783493995667,0.4418046772480011,0.8377460837364197,0.43208983540534973,0.8267213702201843,0.43302759528160095,0.8304456472396851,0.4434942901134491,0.8411573171615601,0.4541144073009491,0.858167827129364,0.45963361859321594,0.8639390468597412,0.46497446298599243,0.8680034875869751,3.323753833770752,0.00019999999494757503
1,0.2000877857208252,0.5158659219741821,0.38028010725975037,0.7551298141479492,0.05899842828512192,0.26901566982269287,0.33252260088920593,0.6972803473472595,0.1966688185930252,0.5077264904975891,0.2349225878715515,0.5478609800338745,0.0678645521402359,0.2857818603515625,0.2533409595489502,0.5887044668197632,0.46799787878990173,0.8721554279327393,0.4436621069908142,0.8411970138549805,0.4389271140098572,0.835106372833252,0.4392639994621277,0.8357403874397278,0.44335582852363586,0.8415263891220093,0.4407946765422821,0.8379852175712585,0.45352086424827576,0.8532760143280029,0.46643736958503723,0.8704718351364136,0.46663740277290344,0.8703557252883911,3.3374147415161133,0.1667347401380539,0.4615117311477661,0.28363630175590515,0.6173354983329773,0.02113606594502926,0.15932485461235046,0.21621164679527283,0.5444850921630859,0.15056045353412628,0.4357663094997406,0.1478601098060608,0.40580591559410095,0.03134249523282051,0.1920224130153656,0.2251581847667694,0.5489751100540161,0.457537442445755,0.8602452278137207,0.44395995140075684,0.8450375199317932,0.435401976108551,0.8246450424194336,0.4207218885421753,0.811172366142273,0.42939525842666626,0.8227980136871338,0.4380825161933899,0.8356580138206482,0.425871878862381,0.8241459727287292,0.4597170352935791,0.8636181354522705,0.46382543444633484,0.8676509857177734,3.013838529586792,0.00019999999494757503
2,0.18774493038654327,0.4983102083206177,0.2684294581413269,0.5989603996276855,0.048959165811538696,0.24457837641239166,0.22199960052967072,0.5434993505477905,0.17760281264781952,0.47824186086654663,0.15229415893554688,0.42294347286224365,0.0544377900660038,0.25499317049980164,0.20212596654891968,0.5135573744773865,0.46649375557899475,0.8702104687690735,0.43806397914886475,0.8334908485412598,0.42893528938293457,0.8217192888259888,0.42224010825157166,0.8127747178077698,0.438167929649353,0.8355566263198853,0.4360475242137909,0.8319372534751892,0.4339652955532074,0.8296958804130554,0.4657283425331116,0.8697364330291748,0.465656042098999,0.8689720630645752,3.0679080486297607,0.17312873899936676,0.4709893465042114,0.20152045786380768,0.49228113889694214,0.02300501987338066,0.16455669701099396,0.1462613344192505,0.4292406439781189,0.14112739264965057,0.4121054708957672,0.111656054854393,0.3363136947154999,0.02246994525194168,0.15620248019695282,0.1389824002981186,0.4136558473110199,0.4570845365524292,0.8600192070007324,0.4381084740161896,0.8354933857917786,0.4236178696155548,0.8070104718208313,0.3981397747993469,0.7778224945068359,0.42376163601875305,0.8174622654914856,0.4371894598007202,0.8317616581916809,0.41641345620155334,0.8084621429443359,0.4592941403388977,0.8629422187805176,0.46454694867134094,0.8682817220687866,2.8235671520233154,0.00019999999494757503
3,0.17651158571243286,0.48054444789886475,0.22172020375728607,0.5277663469314575,0.0429033599793911,0.22884930670261383,0.18527695536613464,0.487190306186676,0.16738802194595337,0.4618924558162689,0.12272743135690689,0.3735281825065613,0.04702550917863846,0.23802334070205688,0.17292313277721405,0.46955788135528564,0.4650605320930481,0.8685532808303833,0.4353811740875244,0.8302868008613586,0.4183971881866455,0.8071427345275879,0.40890786051750183,0.7941805124282837,0.43235379457473755,0.8269754648208618,0.4330665171146393,0.8271805047988892,0.4195135533809662,0.8107320666313171,0.46466243267059326,0.8687441349029541,0.46450215578079224,0.8680442571640015,2.93615460395813,0.1485489159822464,0.426362544298172,0.1737896054983139,0.4410330355167389,0.014291784726083279,0.125109001994133,0.13822828233242035,0.40940508246421814,0.1414400041103363,0.4180678725242615,0.10459572821855545,0.3217116594314575,0.020439988002181053,0.14857715368270874,0.13034270703792572,0.4000360071659088,0.45765629410743713,0.8603399395942688,0.43752819299697876,0.8331232070922852,0.43201401829719543,0.808420717716217,0.3973662257194519,0.7733296155929565,0.4237595498561859,0.8179358839988708,0.434711217880249,0.8289899826049805,0.39986681938171387,0.7872829437255859,0.4591219425201416,0.8628807663917542,0.46344852447509766,0.8671901822090149,2.7676918506622314,0.00019999999494757503
4,0.1690008044242859,0.46710067987442017,0.20015792548656464,0.49188917875289917,0.038589026778936386,0.2174231857061386,0.16837531328201294,0.4604627192020416,0.15986327826976776,0.4493515193462372,0.10608852654695511,0.3436730206012726,0.04233603551983833,0.22488056123256683,0.16020801663398743,0.4492485225200653,0.4649272859096527,0.8688140511512756,0.4326326549053192,0.8269476890563965,0.41548973321914673,0.8027186393737793,0.40533116459846497,0.7896527051925659,0.42948096990585327,0.8239136338233948,0.43221744894981384,0.8272234797477722,0.4151547849178314,0.8050222992897034,0.46406036615371704,0.8681381344795227,0.4641098082065582,0.8678396344184875,2.872908115386963,0.14092855155467987,0.40953829884529114,0.18245264887809753,0.46340686082839966,0.013848484493792057,0.1278906613588333,0.12844815850257874,0.3985036313533783,0.1308462768793106,0.394389808177948,0.08259066194295883,0.2790220081806183,0.020014554262161255,0.14894026517868042,0.1133209839463234,0.367266446352005,0.458778977394104,0.8615580797195435,0.4373926520347595,0.8322576284408569,0.4118991494178772,0.7926590442657471,0.3873347043991089,0.7628832459449768,0.4222632348537445,0.8134284019470215,0.43423372507095337,0.8278774619102478,0.3971306383609772,0.7832903861999512,0.4588278532028198,0.8626098036766052,0.4630948603153229,0.8667321801185608,2.7127397060394287,0.00019999999494757503
5,0.16485455632209778,0.4582379162311554,0.18327462673187256,0.466440349817276,0.03633693605661392,0.21051627397537231,0.15585224330425262,0.4402093291282654,0.15435972809791565,0.4400426149368286,0.09764617681503296,0.32761457562446594,0.03924240544438362,0.21622289717197418,0.14974039793014526,0.4326331913471222,0.4646240472793579,0.868442952632904,0.43068745732307434,0.8242407441139221,0.4111535847187042,0.7976677417755127,0.3990101218223572,0.7812308669090271,0.42814111709594727,0.8217835426330566,0.4316110610961914,0.8260321617126465,0.4092298746109009,0.7981008291244507,0.46384891867637634,0.8679547905921936,0.4633050262928009,0.8667093515396118,2.824101686477661,0.13796263933181763,0.40399637818336487,0.15141819417476654,0.3945864737033844,0.011074705980718136,0.1103140339255333,0.12465549260377884,0.39721956849098206,0.13103392720222473,0.4067770540714264,0.07892505079507828,0.27404481172561646,0.016899487003684044,0.13283056020736694,0.11641533672809601,0.3750516474246979,0.45808202028274536,0.8608536124229431,0.43609851598739624,0.8296144008636475,0.41744762659072876,0.7956947684288025,0.39756906032562256,0.7692022323608398,0.4237608015537262,0.8123921155929565,0.4363642632961273,0.8322334885597229,0.40551647543907166,0.7916449308395386,0.4608205556869507,0.8650210499763489,0.46454983949661255,0.8683364391326904,2.7037150859832764,0.00019999999494757503
6,0.16177260875701904,0.45273685455322266,0.17295512557029724,0.44922900199890137,0.033948447555303574,0.20299071073532104,0.1491040289402008,0.42847198247909546,0.14877231419086456,0.4310305714607239,0.08968809992074966,0.31381550431251526,0.037306033074855804,0.2104722559452057,0.1409163624048233,0.4189026951789856,0.46440523862838745,0.8683382272720337,0.42911791801452637,0.8224964737892151,0.40816640853881836,0.7934651374816895,0.3966183066368103,0.7779041528701782,0.42775750160217285,0.8213623762130737,0.43025991320610046,0.824769139289856,0.40677833557128906,0.7947514057159424,0.4634982943534851,0.8678205609321594,0.4635429084300995,0.8668773174285889,2.7905614376068115,0.1419411152601242,0.40738481283187866,0.15647004544734955,0.4111853837966919,0.01600811444222927,0.1382441371679306,0.10996972024440765,0.35507938265800476,0.13098709285259247,0.39679914712905884,0.07908432930707932,0.27129271626472473,0.01661592908203602,0.1331675797700882,0.10862210392951965,0.35102221369743347,0.4572896361351013,0.859857439994812,0.4344758689403534,0.8288285136222839,0.4118511378765106,0.7921769022941589,0.390024870634079,0.7675908803939819,0.42464500665664673,0.8133023977279663,0.4371524155139923,0.8345265984535217,0.3922517001628876,0.7767687439918518,0.4593677222728729,0.8631239533424377,0.46374088525772095,0.8673956990242004,2.6840803623199463,0.00019999999494757503
7,0.15864352881908417,0.44612541794776917,0.16467125713825226,0.4347408413887024,0.03303775191307068,0.20046953856945038,0.1423003226518631,0.4181537330150604,0.14567603170871735,0.42522355914115906,0.08397723734378815,0.3018328547477722,0.03557397797703743,0.20547963678836823,0.13688260316848755,0.41276559233665466,0.464010089635849,0.8675939440727234,0.4283154606819153,0.8215842247009277,0.40533289313316345,0.7896876931190491,0.39481601119041443,0.7752246260643005,0.426787793636322,0.8199631571769714,0.4289426803588867,0.8229655623435974,0.403997540473938,0.7912986874580383,0.4631297290325165,0.8670335412025452,0.4628630578517914,0.8664530515670776,2.7642970085144043,0.13297942280769348,0.3897036612033844,0.14487242698669434,0.39497897028923035,0.011966824531555176,0.1153874322772026,0.10960236191749573,0.36424678564071655,0.13112112879753113,0.3882724344730377,0.07935365289449692,0.2640320658683777,0.01432789582759142,0.12166696041822433,0.11760006844997406,0.37707316875457764,0.45762911438941956,0.8602043390274048,0.4346774220466614,0.8282849788665771,0.41235777735710144,0.7908832430839539,0.3901071846485138,0.7637273073196411,0.4234670102596283,0.8111701011657715,0.43494585156440735,0.8277877569198608,0.39146554470062256,0.7753450274467468,0.4590693414211273,0.8627036213874817,0.4634772837162018,0.8671179413795471,2.6703062057495117,0.00019999999494757503
8,0.15434281527996063,0.4394785165786743,0.15697306394577026,0.42258694767951965,0.030680783092975616,0.19335155189037323,0.1377711445093155,0.4092167615890503,0.14370959997177124,0.42159605026245117,0.07950316369533539,0.2931794226169586,0.03427993133664131,0.20199723541736603,0.13203048706054688,0.40362662076950073,0.46349647641181946,0.8672735095024109,0.4278138279914856,0.8209080100059509,0.4033258259296417,0.7872185707092285,0.39201879501342773,0.7714661359786987,0.42544466257095337,0.8173825740814209,0.42926499247550964,0.8227832913398743,0.40333184599876404,0.790180504322052,0.46323126554489136,0.867251992225647,0.4628434479236603,0.8663433194160461,2.741670608520508,0.1425204575061798,0.41716229915618896,0.13769292831420898,0.37185031175613403,0.010390117764472961,0.10719425231218338,0.12361187487840652,0.3963886797428131,0.12494225800037384,0.3844967782497406,0.06920129805803299,0.2484845370054245,0.01608208939433098,0.13483315706253052,0.10592101514339447,0.3550512194633484,0.4567895531654358,0.859297513961792,0.4337051808834076,0.828093409538269,0.4084104299545288,0.7888359427452087,0.3902663588523865,0.7639757394790649,0.42102566361427307,0.8099856972694397,0.43444693088531494,0.8307640552520752,0.39005574584007263,0.7742699384689331,0.46001067757606506,0.8640366196632385,0.4638746678829193,0.8676742911338806,2.6577346324920654,0.00019999999494757503
9,0.15292996168136597,0.43662652373313904,0.1520463228225708,0.4128442704677582,0.02956383302807808,0.18967141211032867,0.13382530212402344,0.4028822183609009,0.14171652495861053,0.4172169268131256,0.07596207410097122,0.2859386205673218,0.03280900418758392,0.1975579410791397,0.12683716416358948,0.3951219618320465,0.4629761278629303,0.8665235042572021,0.4260975420475006,0.8184767961502075,0.40254923701286316,0.7856878638267517,0.3880802392959595,0.7663213610649109,0.42606446146965027,0.8186724185943604,0.42896339297294617,0.8228771686553955,0.4008139371871948,0.786984920501709,0.46273642778396606,0.8666159510612488,0.4626438021659851,0.8662881255149841,2.7225658893585205,0.13419108092784882,0.3852997124195099,0.1387716829776764,0.3713856339454651,0.011811848729848862,0.11536101996898651,0.10577273368835449,0.34876325726509094,0.12786231935024261,0.3818483352661133,0.0693272054195404,0.2430078536272049,0.014035387896001339,0.12256762385368347,0.106040820479393,0.3549645245075226,0.4572761356830597,0.8600068092346191,0.4361433684825897,0.8307386636734009,0.40938934683799744,0.7902590036392212,0.3812442123889923,0.7544744610786438,0.4204231798648834,0.8105384111404419,0.43398118019104004,0.8292176127433777,0.3934977948665619,0.7774733901023865,0.4587033987045288,0.862618088722229,0.46338340640068054,0.8670879006385803,2.6427056789398193,0.00019999999494757503
10,0.15109451115131378,0.4324265122413635,0.14672930538654327,0.4038124680519104,0.028575820848345757,0.18632236123085022,0.13031063973903656,0.3966784179210663,0.13979341089725494,0.41376063227653503,0.07362333685159683,0.28142714500427246,0.03158291056752205,0.19381172955036163,0.122989222407341,0.3892051875591278,0.4628373682498932,0.8664963841438293,0.4256388247013092,0.8181127905845642,0.39968767762184143,0.7825814485549927,0.38822177052497864,0.7664389610290527,0.4266088008880615,0.8199688792228699,0.4284965693950653,0.8218045234680176,0.399526447057724,0.7855024337768555,0.4626017212867737,0.8665403723716736,0.46226978302001953,0.8657451272010803,2.7077267169952393,0.13657432794570923,0.3897832930088043,0.14518265426158905,0.3909897804260254,0.010592685081064701,0.10733441263437271,0.09401614218950272,0.32315221428871155,0.12305539846420288,0.37462088465690613,0.0622212253510952,0.2384568303823471,0.013955743052065372,0.1213269829750061,0.10075338929891586,0.3424999713897705,0.4570029377937317,0.8596788048744202,0.43355974555015564,0.8260342478752136,0.4036688804626465,0.7783558964729309,0.38270148634910583,0.7541903257369995,0.4201575219631195,0.8091372847557068,0.4353565275669098,0.8288308382034302,0.3912867605686188,0.7747635245323181,0.45892074704170227,0.8624173402786255,0.46396681666374207,0.867540717124939,2.626962184906006,0.00019999999494757503
11,0.14968667924404144,0.42886272072792053,0.14469242095947266,0.3999843895435333,0.028003964573144913,0.1843973845243454,0.1272251456975937,0.39145272970199585,0.13811635971069336,0.4110647141933441,0.07023803144693375,0.2747463285923004,0.03068971447646618,0.18958128988742828,0.121211476624012,0.38586321473121643,0.46301573514938354,0.8666526675224304,0.4250332713127136,0.8174522519111633,0.3968493640422821,0.7779442071914673,0.3866969645023346,0.7640169858932495,0.42456141114234924,0.817328691482544,0.427912175655365,0.8210813999176025,0.398755818605423,0.7840585112571716,0.4620547294616699,0.8657398819923401,0.46199893951416016,0.8654579520225525,2.6936471462249756,0.13149510324001312,0.38429269194602966,0.15248535573482513,0.4145596921443939,0.009299985133111477,0.10193931311368942,0.12667503952980042,0.39877912402153015,0.12087530642747879,0.3721257448196411,0.06660546362400055,0.23709946870803833,0.012916670180857182,0.1140325739979744,0.10913719981908798,0.3576705753803253,0.45695996284484863,0.8593723177909851,0.43456950783729553,0.8280446529388428,0.4020109176635742,0.7796250581741333,0.3882448077201843,0.7635596394538879,0.42245134711265564,0.8131551146507263,0.43680864572525024,0.8288394212722778,0.39134448766708374,0.7760656476020813,0.45787426829338074,0.8608099818229675,0.46339893341064453,0.8670496940612793,2.6535563468933105,0.00019999999494757503
12,0.14878138899803162,0.42769432067871094,0.1400797814130783,0.39299479126930237,0.02670585922896862,0.17962175607681274,0.1228455975651741,0.38370954990386963,0.13588929176330566,0.4076455235481262,0.06748642027378082,0.2676849961280823,0.029696684330701828,0.18597139418125153,0.11924859881401062,0.3831661641597748,0.4623960852622986,0.8661223649978638,0.42485854029655457,0.8171611428260803,0.3967339098453522,0.7780752778053284,0.3836241364479065,0.7603018283843994,0.4247690737247467,0.8170911073684692,0.4278603494167328,0.8211358189582825,0.3976075053215027,0.7832568883895874,0.4621313512325287,0.8659675717353821,0.4620480537414551,0.8655350804328918,2.679934024810791,0.1323263943195343,0.3810548186302185,0.12722913920879364,0.3505241572856903,0.010413621552288532,0.10852914303541183,0.1311659812927246,0.39608779549598694,0.12089473754167557,0.36665982007980347,0.05474226176738739,0.21913020312786102,0.015884537249803543,0.12506048381328583,0.09371999651193619,0.32928982377052307,0.45692962408065796,0.8593727350234985,0.4314658045768738,0.8276351690292358,0.4012061357498169,0.7786372303962708,0.3884016275405884,0.757625162601471,0.42125022411346436,0.8083146214485168,0.43463873863220215,0.8274741768836975,0.38780510425567627,0.7696158289909363,0.4588514566421509,0.8623338341712952,0.4632502496242523,0.8668115139007568,2.6227810382843018,0.00019999999494757503
13,0.1481456309556961,0.4256637394428253,0.13653531670570374,0.3854525089263916,0.025860711932182312,0.1770593523979187,0.11976144462823868,0.3781678080558777,0.13405399024486542,0.4034847021102905,0.06643857061862946,0.26765021681785583,0.02841275930404663,0.18285907804965973,0.11678993701934814,0.3784758746623993,0.4627051055431366,0.8664083480834961,0.42428451776504517,0.8168280720710754,0.39500582218170166,0.7761779427528381,0.3824593126773834,0.758493959903717,0.4246984124183655,0.8170999884605408,0.42594650387763977,0.8186556696891785,0.396901398897171,0.7821107506752014,0.4620268940925598,0.8656556010246277,0.46207013726234436,0.8652974367141724,2.6678247451782227,0.13227982819080353,0.38611850142478943,0.1294477880001068,0.3683655858039856,0.008782240562140942,0.09726680815219879,0.13107773661613464,0.41326647996902466,0.12021052837371826,0.36677542328834534,0.06020922586321831,0.23236244916915894,0.010972172021865845,0.10502494126558304,0.09989035874605179,0.33681660890579224,0.4564814567565918,0.8589094281196594,0.4335711598396301,0.824267566204071,0.4010266363620758,0.7761553525924683,0.38561490178108215,0.7533989548683167,0.42178669571876526,0.8086977601051331,0.43199002742767334,0.821401834487915,0.3859167993068695,0.7682254314422607,0.4586881995201111,0.8619047999382019,0.4631437361240387,0.8666174411773682,2.622833490371704,0.00019999999494757503
14,0.14608372747898102,0.4225366711616516,0.13308796286582947,0.37985220551490784,0.025333132594823837,0.17479385435581207,0.12104301899671555,0.37979787588119507,0.13330040872097015,0.4020489454269409,0.06376603245735168,0.2618570923805237,0.027669591829180717,0.18066295981407166,0.11441215872764587,0.3732772767543793,0.46198567748069763,0.865478515625,0.423326313495636,0.8153122067451477,0.39219632744789124,0.7723014950752258,0.3814491629600525,0.7571596503257751,0.4227027893066406,0.8141939043998718,0.4222157299518585,0.8141341805458069,0.3963746130466461,0.7812317609786987,0.4619453251361847,0.8655696511268616,0.4617730975151062,0.8651997447013855,2.6535816192626953,0.128813236951828,0.377554714679718,0.12487656623125076,0.3489864468574524,0.010430971160531044,0.1090603917837143,0.10707999020814896,0.3573530614376068,0.11627839505672455,0.36109575629234314,0.06263073533773422,0.2331516295671463,0.012783544138073921,0.11882039159536362,0.09403046220541,0.3315570056438446,0.46029752492904663,0.8632193207740784,0.4328491985797882,0.8214725852012634,0.4022483229637146,0.772254228591919,0.3915846645832062,0.7589400410652161,0.4223885238170624,0.8088944554328918,0.4268108606338501,0.8140397667884827,0.38622817397117615,0.7686841487884521,0.45754149556159973,0.8603398203849792,0.4633810520172119,0.8668457269668579,2.6070902347564697,0.00019999999494757503
15,0.1465344876050949,0.42381513118743896,0.1316678524017334,0.3786090612411499,0.025141801685094833,0.1745721697807312,0.1186169758439064,0.3761996626853943,0.13187411427497864,0.398454874753952,0.06384211778640747,0.2615481913089752,0.027045350521802902,0.1784089207649231,0.11182481795549393,0.3690934479236603,0.46270471811294556,0.8664398789405823,0.42147013545036316,0.8121528029441833,0.3883652985095978,0.7673535943031311,0.38122639060020447,0.7569870948791504,0.42252814769744873,0.8138981461524963,0.41707319021224976,0.8068273067474365,0.3959108889102936,0.7798002362251282,0.4610999524593353,0.864437460899353,0.4616069793701172,0.864853024482727,2.6414761543273926,0.13157442212104797,0.3775201439857483,0.12708713114261627,0.35508838295936584,0.008917945437133312,0.09642032533884048,0.10460080206394196,0.3449177145957947,0.12045832723379135,0.3702995181083679,0.06266983598470688,0.2352629005908966,0.012294191867113113,0.11339182406663895,0.11862244457006454,0.37975776195526123,0.4572616517543793,0.8598664402961731,0.42977097630500793,0.8241608142852783,0.3896006643772125,0.763054609298706,0.3863491714000702,0.7558589577674866,0.41970735788345337,0.8057588934898376,0.4182398021221161,0.805791437625885,0.3934285044670105,0.7752366662025452,0.4615311324596405,0.8645257949829102,0.46324118971824646,0.8666702508926392,2.605527639389038,0.00019999999494757503
16,0.14487209916114807,0.4195900857448578,0.12765781581401825,0.3713794946670532,0.02425537072122097,0.17133541405200958,0.11653482168912888,0.37234964966773987,0.1302516758441925,0.3962908387184143,0.06189193204045296,0.2564269006252289,0.02622188813984394,0.17560578882694244,0.11014167964458466,0.365715891122818,0.4624473750591278,0.8660431504249573,0.42078542709350586,0.8116022944450378,0.3848562240600586,0.7622630596160889,0.37980934977531433,0.7549363970756531,0.42098861932754517,0.8116605281829834,0.4121125638484955,0.8001057505607605,0.3933088183403015,0.7771518230438232,0.46178510785102844,0.8653363585472107,0.4612971544265747,0.8646478652954102,2.623906135559082,0.12888960540294647,0.3763089179992676,0.12670768797397614,0.34650367498397827,0.00926100742071867,0.09937407076358795,0.09578457474708557,0.3323889672756195,0.11539511382579803,0.3587087094783783,0.056296706199645996,0.2157646268606186,0.011799896135926247,0.10890553891658783,0.09475298970937729,0.33395662903785706,0.4573151171207428,0.8598670363426208,0.4260733425617218,0.8202840685844421,0.3825587034225464,0.7537569403648376,0.3774911165237427,0.7484119534492493,0.414920449256897,0.8019763231277466,0.4047505259513855,0.7908563017845154,0.3801136314868927,0.7608602643013,0.45870286226272583,0.8626822233200073,0.46346965432167053,0.866556704044342,2.5478451251983643,0.00019999999494757503
17,0.1436917781829834,0.4177726209163666,0.12570953369140625,0.36899036169052124,0.0239959005266428,0.17041349411010742,0.11349435895681381,0.3678020238876343,0.12898589670658112,0.39453834295272827,0.05934819579124451,0.2520999610424042,0.0262380950152874,0.17549172043800354,0.10835425555706024,0.3640052378177643,0.46194347739219666,0.8653866052627563,0.4201841652393341,0.8107250332832336,0.38468024134635925,0.7618414759635925,0.3777731657028198,0.7519370913505554,0.41828688979148865,0.808006227016449,0.40861818194389343,0.7944263219833374,0.39220374822616577,0.7755814790725708,0.46139511466026306,0.8649336099624634,0.46140801906585693,0.864815890789032,2.6103920936584473,0.1261519491672516,0.37260523438453674,0.12100774049758911,0.34232333302497864,0.008832183666527271,0.09788847714662552,0.09972945600748062,0.33389002084732056,0.11662357300519943,0.3689558804035187,0.053341351449489594,0.2103595733642578,0.012517809867858887,0.11302480101585388,0.08652109652757645,0.31245777010917664,0.45728546380996704,0.8593681454658508,0.42776480317115784,0.819406270980835,0.39825916290283203,0.7665516138076782,0.39366960525512695,0.7585254907608032,0.41825035214424133,0.8043162226676941,0.40405312180519104,0.787488579750061,0.3798353970050812,0.7600641250610352,0.45888110995292664,0.8623878359794617,0.46296751499176025,0.8661149144172668,2.5629937648773193,0.00019999999494757503
18,0.1424751579761505,0.41564688086509705,0.12240956723690033,0.3626324534416199,0.023658443242311478,0.16908910870552063,0.11281053721904755,0.3654765486717224,0.12873828411102295,0.3936493396759033,0.05896338075399399,0.25054436922073364,0.025398632511496544,0.17250590026378632,0.1074768453836441,0.3624507486820221,0.4617574214935303,0.8653397560119629,0.41807305812835693,0.8076772093772888,0.3809066712856293,0.7570047974586487,0.37688785791397095,0.7513583302497864,0.418102502822876,0.8069344162940979,0.40686482191085815,0.7914376258850098,0.39147400856018066,0.7744857668876648,0.4611305892467499,0.86434006690979,0.46140724420547485,0.8645349144935608,2.599565029144287,0.13029782474040985,0.37743642926216125,0.12275134772062302,0.34430035948753357,0.009798211976885796,0.10524612665176392,0.11246214061975479,0.36849716305732727,0.11471590399742126,0.36158615350723267,0.053127966821193695,0.2114672064781189,0.012730480171740055,0.11121129244565964,0.09744616597890854,0.33469632267951965,0.4578227400779724,0.8604376912117004,0.4286850690841675,0.8167851567268372,0.39556562900543213,0.7615064978599548,0.378020316362381,0.7450175881385803,0.41345521807670593,0.8016571402549744,0.3991027772426605,0.7776480317115784,0.3852139711380005,0.7672677636146545,0.4587886929512024,0.8619794845581055,0.46350279450416565,0.8664551377296448,2.5633091926574707,0.00019999999494757503
19,0.13874457776546478,0.4085119366645813,0.11429133266210556,0.3484966456890106,0.021463971585035324,0.1610720306634903,0.10476560145616531,0.3515982925891876,0.12241295725107193,0.38163405656814575,0.05162876471877098,0.23447296023368835,0.022800294682383537,0.1627991944551468,0.09858447313308716,0.34578344225883484,0.4611223042011261,0.8642703890800476,0.4160425364971161,0.8048937916755676,0.37756088376045227,0.7525742053985596,0.37162765860557556,0.7439979910850525,0.415517121553421,0.805159866809845,0.39836689829826355,0.7804871201515198,0.38908466696739197,0.7710487842559814,0.46073371171951294,0.8641173839569092,0.4611847996711731,0.8642105460166931,2.556943893432617,0.1237720251083374,0.3640214800834656,0.11563687771558762,0.3305976092815399,0.00695847999304533,0.08503247052431107,0.09379326552152634,0.3312380313873291,0.11132632195949554,0.35045766830444336,0.052820835262537,0.20207643508911133,0.009057031944394112,0.09049846231937408,0.08405088633298874,0.3069266974925995,0.45746928453445435,0.8601041436195374,0.42245906591415405,0.8125314116477966,0.38524022698402405,0.7491387724876404,0.3740464746952057,0.7411037683486938,0.41120439767837524,0.7990795969963074,0.3864463269710541,0.7628989815711975,0.37929248809814453,0.7579958438873291,0.4582831859588623,0.8616284728050232,0.4629170596599579,0.8658058047294617,2.5062525272369385,9.999999747378752e-05
20,0.13765424489974976,0.40696197748184204,0.10876191407442093,0.3398105502128601,0.02081168442964554,0.15835976600646973,0.10380271822214127,0.3498455882072449,0.121195949614048,0.37842661142349243,0.05016680061817169,0.2315092831850052,0.022347034886479378,0.16103844344615936,0.09699076414108276,0.34245699644088745,0.46123194694519043,0.8645417094230652,0.4135848879814148,0.8019238114356995,0.3750263750553131,0.748573362827301,0.37133246660232544,0.7437394857406616,0.41430431604385376,0.8026047945022583,0.39611607789993286,0.7769764065742493,0.38755324482917786,0.7688091993331909,0.46060052514076233,0.8637678623199463,0.46061578392982483,0.8635968565940857,2.542707920074463,0.12340840697288513,0.3660341501235962,0.11928858608007431,0.3328983187675476,0.00813345331698656,0.09393313527107239,0.0944201797246933,0.33373457193374634,0.11433985084295273,0.3588991165161133,0.050628919154405594,0.19885554909706116,0.010634548030793667,0.10472314804792404,0.08395542949438095,0.30709654092788696,0.4579063355922699,0.8604838848114014,0.42805224657058716,0.814399242401123,0.3809390664100647,0.7449990510940552,0.3770102560520172,0.7442958950996399,0.41105708479881287,0.7981202006340027,0.38614508509635925,0.7636656165122986,0.3846066892147064,0.7644798159599304,0.4576582908630371,0.8607906699180603,0.46349072456359863,0.8663859963417053,2.5159592628479004,9.999999747378752e-05
21,0.13600154221057892,0.4035624861717224,0.1098422259092331,0.33994796872138977,0.02080751210451126,0.15824367105960846,0.10074348747730255,0.3438132107257843,0.11984872817993164,0.3766706585884094,0.04968758672475815,0.23029348254203796,0.02238699235022068,0.1622243970632553,0.09567081183195114,0.33994942903518677,0.46086692810058594,0.8639669418334961,0.41382279992103577,0.8023738265037537,0.37249353528022766,0.7450839877128601,0.36956554651260376,0.741661787033081,0.41463565826416016,0.8028334379196167,0.3933955430984497,0.7728243470191956,0.38623976707458496,0.7666000723838806,0.4603295922279358,0.8635444045066833,0.4608837366104126,0.8639547228813171,2.53402042388916,0.12374496459960938,0.36247918009757996,0.10782929509878159,0.3155895471572876,0.006646718829870224,0.08234778046607971,0.08872858434915543,0.3151209354400635,0.1109093502163887,0.3510280251502991,0.04784366115927696,0.19521564245224,0.008860597386956215,0.09054838865995407,0.08002632856369019,0.2970384657382965,0.45754554867744446,0.8600550889968872,0.4240252673625946,0.8130673170089722,0.3835028409957886,0.7476317286491394,0.3723249137401581,0.7367777228355408,0.41345471143722534,0.7998584508895874,0.38409623503685,0.7635166645050049,0.37819764018058777,0.7545718550682068,0.45792967081069946,0.8611381649971008,0.46360713243484497,0.8665920495986938,2.4918313026428223,9.999999747378752e-05
22,0.13638462126255035,0.4044058620929718,0.1077500581741333,0.3371151387691498,0.02074594981968403,0.15788330137729645,0.09843887388706207,0.3388904929161072,0.12085511535406113,0.3790544271469116,0.050057779997587204,0.23131439089775085,0.022128019481897354,0.16116705536842346,0.09340225905179977,0.3359818458557129,0.46012890338897705,0.8631526827812195,0.41431254148483276,0.802699089050293,0.3715926706790924,0.7428798079490662,0.36840540170669556,0.7400139570236206,0.41386911273002625,0.8023973703384399,0.3926199972629547,0.7724432349205017,0.3866696357727051,0.7677345275878906,0.45962560176849365,0.8628794550895691,0.46066126227378845,0.8635340929031372,2.528730869293213,0.12355735898017883,0.3674258291721344,0.11321501433849335,0.3217540979385376,0.008479291573166847,0.09685522317886353,0.09849978238344193,0.3371564447879791,0.1123298704624176,0.3519101142883301,0.04683905839920044,0.19504843652248383,0.009671427309513092,0.09342450648546219,0.09044568985700607,0.3149157166481018,0.4581741690635681,0.8605698347091675,0.4234785735607147,0.8149961829185486,0.38884708285331726,0.7528160214424133,0.3739676773548126,0.738075852394104,0.4118274748325348,0.7976158261299133,0.3901669681072235,0.7698336839675903,0.37689027190208435,0.7555170059204102,0.4580846130847931,0.8613112568855286,0.4632820188999176,0.8660631775856018,2.5135304927825928,9.999999747378752e-05
23,0.1353866010904312,0.4025566279888153,0.10593696683645248,0.33342069387435913,0.020417800173163414,0.1561468094587326,0.09980599582195282,0.34180977940559387,0.11857260018587112,0.3755435049533844,0.04896228015422821,0.22862659394741058,0.021988490596413612,0.1599278599023819,0.09282855689525604,0.33464083075523376,0.46000251173973083,0.8630379438400269,0.413298636674881,0.8011274933815002,0.3705545961856842,0.7422146797180176,0.3689030408859253,0.7407172918319702,0.4126631021499634,0.8004810214042664,0.38959014415740967,0.768025815486908,0.38526320457458496,0.76590496301651,0.45993518829345703,0.863044261932373,0.4605015218257904,0.8635071516036987,2.5206923484802246,0.12438493967056274,0.3679248094558716,0.10919360816478729,0.3140835464000702,0.007451881188899279,0.08723442256450653,0.09838644415140152,0.34474581480026245,0.1116878092288971,0.34669438004493713,0.047948673367500305,0.1943829506635666,0.00964228343218565,0.09529997408390045,0.08545468002557755,0.3096494674682617,0.4577769637107849,0.8601720929145813,0.4244578182697296,0.8159348964691162,0.38698479533195496,0.7527779340744019,0.3794068992137909,0.7417726516723633,0.4098721742630005,0.7940623164176941,0.3797464966773987,0.7563691139221191,0.379940390586853,0.7569867968559265,0.45773181319236755,0.8605504631996155,0.4637625813484192,0.8666498064994812,2.5050172805786133,9.999999747378752e-05
24,0.13341984152793884,0.39913272857666016,0.10116234421730042,0.32553398609161377,0.01945643499493599,0.15277357399463654,0.09517339617013931,0.3343806564807892,0.11699412763118744,0.3717913329601288,0.04552370309829712,0.22168006002902985,0.02108166180551052,0.15649811923503876,0.08965062350034714,0.3280826508998871,0.4600176215171814,0.8631395101547241,0.41173115372657776,0.7994371652603149,0.3676952123641968,0.7388809323310852,0.36413609981536865,0.7342572808265686,0.4108148217201233,0.7971161007881165,0.38501811027526855,0.7628191113471985,0.384574830532074,0.7650401592254639,0.45840349793434143,0.8612395524978638,0.4607485830783844,0.8637166023254395,2.4974558353424072,0.12097930163145065,0.35745862126350403,0.10625322163105011,0.3071124255657196,0.006440147291868925,0.08149392902851105,0.08499655872583389,0.3061836063861847,0.10799925029277802,0.344014048576355,0.044361475855112076,0.18555881083011627,0.007878920994699001,0.08504793047904968,0.08086743950843811,0.29540640115737915,0.4576723575592041,0.8598843812942505,0.42230233550071716,0.8115853071212769,0.3835422992706299,0.7456497550010681,0.3695971667766571,0.7345031499862671,0.4089643359184265,0.7945581674575806,0.37346214056015015,0.748311460018158,0.3744179904460907,0.7518038749694824,0.45799243450164795,0.8608126640319824,0.4632967412471771,0.8662294149398804,2.468583583831787,4.999999873689376e-05
25,0.1317802518606186,0.3958643674850464,0.09915872663259506,0.32216712832450867,0.019386857748031616,0.15233854949474335,0.09398410469293594,0.33103299140930176,0.11552275717258453,0.36861416697502136,0.04492492973804474,0.21966134011745453,0.02097318321466446,0.15602880716323853,0.08942992240190506,0.3293207287788391,0.46018290519714355,0.8628596067428589,0.41054603457450867,0.7971019744873047,0.3676220178604126,0.7370331287384033,0.3634531497955322,0.7325495481491089,0.4121452271938324,0.7995873093605042,0.38328930735588074,0.7591872215270996,0.38370898365974426,0.7639429569244385,0.4586186110973358,0.8612316250801086,0.4600062966346741,0.86297607421875,2.49109148979187,0.12104310840368271,0.35876205563545227,0.10953284800052643,0.3152748942375183,0.006288465578109026,0.08018790185451508,0.08638063073158264,0.31034886837005615,0.11006449908018112,0.3430371582508087,0.04470391571521759,0.18639050424098969,0.008247006684541702,0.08643065392971039,0.08426070958375931,0.30669066309928894,0.4576666057109833,0.8600555062294006,0.42321088910102844,0.8125007152557373,0.3808107376098633,0.7441617846488953,0.3718908131122589,0.7362690567970276,0.4103216528892517,0.795886218547821,0.3766852021217346,0.7507213354110718,0.3790106475353241,0.7578802704811096,0.4579434394836426,0.8608043789863586,0.46322956681251526,0.8660891652107239,2.4800713062286377,4.999999873689376e-05
26,0.13238276541233063,0.39703312516212463,0.09854598343372345,0.321646511554718,0.019302215427160263,0.152032732963562,0.09306774288415909,0.3291414976119995,0.11458126455545425,0.3670876622200012,0.04420486092567444,0.21784795820713043,0.020800475031137466,0.15560390055179596,0.0889916867017746,0.32709166407585144,0.4598434567451477,0.8626530766487122,0.41013336181640625,0.7968652844429016,0.3653391897678375,0.7349978685379028,0.3612092137336731,0.7290512919425964,0.4121328890323639,0.799483597278595,0.38316377997398376,0.759998083114624,0.3842538297176361,0.7653031349182129,0.4585422873497009,0.8610894083976746,0.46014541387557983,0.8630096316337585,2.486097574234009,0.12208733707666397,0.36096590757369995,0.10373355448246002,0.2995382249355316,0.006939053535461426,0.08616435527801514,0.08805540204048157,0.3168638348579407,0.1074058786034584,0.3397599458694458,0.04319937154650688,0.18222647905349731,0.00837402231991291,0.0876130759716034,0.07908234000205994,0.2915121614933014,0.45752444863319397,0.8597617149353027,0.4225022792816162,0.8122785091400146,0.37972885370254517,0.7417176365852356,0.3663358688354492,0.7308663725852966,0.4091472327709198,0.795204758644104,0.37238675355911255,0.7482953071594238,0.37725725769996643,0.7564756870269775,0.4579619765281677,0.8607838749885559,0.4634139835834503,0.8663082718849182,2.4642553329467773,4.999999873689376e-05
27,0.13239532709121704,0.396731972694397,0.09816665202379227,0.31975018978118896,0.019265519455075264,0.15195515751838684,0.09408979117870331,0.33041736483573914,0.11467631161212921,0.36694368720054626,0.04439279064536095,0.21861018240451813,0.0207893755286932,0.15546032786369324,0.08803030103445053,0.3256101608276367,0.45925334095954895,0.8618711233139038,0.4103113114833832,0.7972287535667419,0.3635035455226898,0.7319597601890564,0.3617480397224426,0.7305113077163696,0.41055771708488464,0.7972817420959473,0.3808104693889618,0.7556909918785095,0.38276657462120056,0.7632353901863098,0.4584079086780548,0.8614768385887146,0.4602459967136383,0.863348662853241,2.4817230701446533,0.12136489897966385,0.3591359555721283,0.10685358941555023,0.30675771832466125,0.0062752277590334415,0.07985271513462067,0.08441987633705139,0.3044416606426239,0.1081361472606659,0.3411456048488617,0.04246174544095993,0.18315543234348297,0.008409269154071808,0.08708954602479935,0.07777521014213562,0.2915407419204712,0.45871952176094055,0.8610178232192993,0.4236411154270172,0.812218189239502,0.38384321331977844,0.7455827593803406,0.3696412444114685,0.7328765988349915,0.41082772612571716,0.7953956127166748,0.3730321228504181,0.7494707107543945,0.37791284918785095,0.755494236946106,0.4583473205566406,0.8613941073417664,0.4632161557674408,0.8661449551582336,2.470935583114624,4.999999873689376e-05
28,0.13149018585681915,0.3952094316482544,0.0962294489145279,0.3174389600753784,0.018966423347592354,0.15056484937667847,0.09165676683187485,0.32602086663246155,0.11532944440841675,0.36778444051742554,0.044717997312545776,0.2202325314283371,0.021038677543401718,0.15628008544445038,0.087785504758358,0.32495883107185364,0.4591863453388214,0.8620645403862,0.4100553095340729,0.7967150211334229,0.36366337537765503,0.7326140403747559,0.3620518743991852,0.7304465770721436,0.40929147601127625,0.7954016923904419,0.37906336784362793,0.7541361451148987,0.3828401267528534,0.7629542946815491,0.4587692618370056,0.8616112470626831,0.45961856842041016,0.8626219034194946,2.477273941040039,0.12215161323547363,0.361390620470047,0.10426421463489532,0.30008700489997864,0.006316752173006535,0.08033519983291626,0.09281110018491745,0.3211858868598938,0.10640875995159149,0.3390899896621704,0.04384509101510048,0.1840476244688034,0.008720571175217628,0.08737041056156158,0.08421078324317932,0.3037451207637787,0.4585678279399872,0.8607227206230164,0.42407140135765076,0.811880886554718,0.385006844997406,0.745760977268219,0.37258949875831604,0.7354413270950317,0.4098346531391144,0.7949206829071045,0.3745655417442322,0.7488060593605042,0.37663277983665466,0.7554861903190613,0.457788348197937,0.8605896234512329,0.463733434677124,0.8666355609893799,2.4798409938812256,4.999999873689376e-05
29,0.1306690275669098,0.3938886821269989,0.09530571103096008,0.31522810459136963,0.01885499432682991,0.15058518946170807,0.09127163887023926,0.3261590600013733,0.11234894394874573,0.3632574677467346,0.043226178735494614,0.21607261896133423,0.020361579954624176,0.15406353771686554,0.08555299788713455,0.3200697898864746,0.45887237787246704,0.8616202473640442,0.40830284357070923,0.794729471206665,0.3615109324455261,0.7299315333366394,0.35872942209243774,0.7259994149208069,0.4088112711906433,0.7955856323242188,0.3751734793186188,0.7488263845443726,0.3829093873500824,0.7630459070205688,0.4576806426048279,0.8599278330802917,0.4600166380405426,0.8629019856452942,2.46378755569458,0.12057000398635864,0.3587188720703125,0.10199810564517975,0.2971205711364746,0.006183573044836521,0.07838425040245056,0.08321066945791245,0.3009244501590729,0.10670948773622513,0.33959099650382996,0.04359777271747589,0.18075546622276306,0.007983988150954247,0.08423042297363281,0.08200416713953018,0.29914769530296326,0.4584369361400604,0.8607023358345032,0.4229819178581238,0.8100706338882446,0.38562893867492676,0.7460240125656128,0.3687111735343933,0.7309051752090454,0.4096328318119049,0.7944220900535583,0.37060949206352234,0.7438564300537109,0.3774602711200714,0.754673182964325,0.4574625790119171,0.8601831793785095,0.4635636508464813,0.8664677143096924,2.4657113552093506,2.499999936844688e-05
