sample_id,algorithm_true,algorithm_pred,algorithm_prob,freq_bin_true,freq_bin_pred,freq_bin_prob,frequencia_base_true,frequencia_base_pred,freq_log2_true,freq_log2_pred
1842,parallel5,parallel5,0.9983322,11,10,0.93292034,728.84875,602.0883,9.509476,9.233831
1596,series3,series3,0.44455057,6,8,0.18144834,293.3065,254.97679,8.196265,7.994222
2034,series2x2_parallel1,series3,0.41119897,5,5,0.24122639,231.93732,263.87967,7.857591,8.043736
3036,series3_parallel2,series3_parallel2,0.37571815,3,2,0.25669092,149.14182,153.47575,7.220541,7.261867
566,series3_parallel2,series3_parallel2,0.35456452,3,0,0.39489123,150.9477,102.853546,7.237905,6.684448
1263,series2x2_parallel1,series2x2_parallel1,0.38695198,7,4,0.19838224,341.79636,185.00784,8.416993,7.5314426
435,parallel5,parallel5,0.9997129,2,1,0.6403703,101.255615,94.22707,6.661858,6.5580697
694,series2x2_parallel1,series3,0.40450674,0,3,0.15804635,67.58041,207.37701,6.078533,7.696112
203,series2x2_parallel1,series3,0.454702,10,5,0.20896466,666.36285,336.6575,9.380164,8.395138
2255,series3,series3,0.39491037,0,3,0.2426186,65.14389,238.69081,6.025558,7.898999
682,series2x2_parallel1,series2x2_parallel1,0.46841866,4,11,0.18360251,192.40051,300.1726,7.587969,8.229649
1445,series2x2_parallel1,series3_parallel2,0.36608794,11,11,0.15840136,842.95605,307.78427,9.719314,8.265776
134,series2x2_parallel1,series3,0.56246805,5,2,0.30549553,214.0324,250.5363,7.7416854,7.968876
3015,series3_parallel2,series2x2_parallel1,0.40298355,0,0,0.14969301,67.12259,172.24605,6.0687265,7.428327
1593,parallel5,parallel5,0.99990165,3,3,0.94387805,147.31311,149.48227,7.202742,7.2238307
2874,series2x2_parallel1,series3_parallel2,0.40287563,7,10,0.6142788,312.61398,561.0504,8.288239,9.131987
1526,series3,series3_parallel2,0.47345525,6,8,0.23814479,272.87064,260.20953,8.092073,8.02353
537,series3,series3_parallel2,0.38868114,8,8,0.26384717,416.0464,247.88382,8.700601,7.9535203
1996,series2x2_parallel1,series3_parallel2,0.721723,11,10,0.5199703,865.0636,536.39746,9.756662,9.067159
3014,parallel5,parallel5,0.99990344,9,9,0.97616744,565.08923,503.77542,9.142335,8.976637
260,series3,series3_parallel2,0.42441037,0,7,0.16840062,77.562096,250.12105,6.27728,7.9664826
907,series3_parallel2,series3,0.58705497,8,10,0.46816257,428.50406,564.64044,8.743165,9.141189
1962,series3,series3,0.50782627,10,8,0.12696815,672.3428,269.9468,9.393053,8.076531
1855,series3_parallel2,series3_parallel2,0.35496458,3,11,0.25088713,151.81409,291.4873,7.246162,8.187289
292,parallel5,parallel5,0.99997723,7,7,0.9678362,343.4136,350.56772,8.423803,8.453549
2073,series3_parallel2,series3,0.35061306,6,5,0.26067302,272.9437,228.38005,8.09246,7.835293
54,parallel5,parallel5,0.9999342,11,10,0.6603881,725.7617,673.1735,9.503352,9.3948345
250,series2x2_parallel1,series3_parallel2,0.40990534,9,9,0.18509448,528.4607,241.15907,9.045652,7.9138412
490,series3,series2x2_parallel1,0.35159227,3,1,0.19627613,138.23088,248.69429,7.110936,7.9582295
1418,series3,series3_parallel2,0.41087154,9,1,0.18926406,546.4698,185.0964,9.093998,7.532133
2977,series3,series3_parallel2,0.360125,7,5,0.31396532,353.95978,271.0076,8.467442,8.08219
2403,parallel5,parallel5,0.9999269,1,1,0.9850745,90.75128,81.795654,6.503846,6.3539524
402,series3_parallel2,series3,0.38290504,2,11,0.19070078,103.65081,335.78183,6.6955876,8.39138
1694,series2x2_parallel1,series3,0.40280858,5,5,0.24253902,233.18323,263.71017,7.86532,8.0428095
2965,series3,series3,0.4711329,0,8,0.17839219,72.4544,257.5543,6.1790013,8.008733
3032,series3,series3,0.4510724,6,2,0.28941378,305.16257,298.84787,8.253434,8.223268
674,series3,series2x2_parallel1,0.36535928,3,1,0.22021407,131.7268,222.77798,7.041405,7.799463
875,series2x2_parallel1,series2x2_parallel1,0.3898347,7,1,0.18125916,351.28476,237.53392,8.456497,7.8919897
2808,series3,series3,0.40491453,6,11,0.31644386,266.80765,324.72266,8.059656,8.343064
2184,series3_parallel2,series3_parallel2,0.36041763,0,2,0.16076405,75.6458,291.0312,6.241188,8.18503
62,series3,series3,0.4439724,10,8,0.22039136,648.39307,238.69106,9.340725,7.8990006
2877,series3_parallel2,series2x2_parallel1,0.7366077,11,1,0.72654104,844.46136,132.65701,9.721888,7.051557
2262,parallel5,parallel5,0.99994457,7,7,0.9722803,379.44604,401.9463,8.567751,8.650859
2047,parallel5,parallel5,0.99991274,10,10,0.72388196,576.7688,414.95984,9.171849,8.696828
1162,series3,series2x2_parallel1,0.36671504,11,10,0.40650612,794.25745,475.0628,9.633463,8.891974
946,series3_parallel2,series2x2_parallel1,0.36562693,5,5,0.16275305,222.26624,233.37537,7.796145,7.8665085
78,series3_parallel2,series3_parallel2,0.6896084,11,11,0.552291,756.2475,553.01013,9.562715,9.111162
1055,parallel5,parallel5,0.9999987,6,6,0.9660305,285.07413,323.36075,8.155193,8.337001
2493,parallel5,parallel5,0.9999732,3,3,0.9604784,149.91838,147.62642,7.2280335,7.205807
957,parallel5,parallel5,0.9997742,11,10,0.91804636,738.42566,764.437,9.528309,9.578254
3050,parallel5,parallel5,0.9978975,6,6,0.42981434,270.42206,258.61307,8.079069,8.014651
1298,series3,series3_parallel2,0.46103397,8,8,0.24760048,409.24576,253.58838,8.676824,7.986345
379,series3_parallel2,series3,0.6357252,6,5,0.3003073,285.46317,447.37973,8.157161,8.805356
2296,parallel5,parallel5,0.9998871,2,2,0.9469701,112.20449,98.34993,6.8099866,6.619852
1763,series3,series3_parallel2,0.43951032,10,10,0.47510168,642.00543,528.18304,9.326442,9.044894
2093,series3,series3_parallel2,0.3609687,10,9,0.1242665,716.2549,257.51242,9.484329,8.008498
1550,series3_parallel2,series3,0.3714288,9,4,0.14217487,492.0995,281.05215,8.942806,8.134694
1385,series3,series2x2_parallel1,0.39763072,2,5,0.22222865,107.3193,158.89151,6.7457657,7.311898
170,parallel5,parallel5,0.9999294,3,3,0.8881432,132.55379,150.4523,7.050434,7.2331624
351,series3,series2x2_parallel1,0.378359,5,5,0.21385431,214.22887,181.30243,7.743009,7.5022545
2639,series3,series3,0.338157,0,0,0.16705213,76.2561,210.26257,6.252781,7.7160482
2713,series3,series3_parallel2,0.40004045,8,8,0.25973034,414.87482,248.24687,8.696532,7.9556317
130,series3,series3,0.52235764,10,5,0.22543317,660.8999,316.30862,9.368288,8.305189
2843,series3,series3_parallel2,0.3589344,3,1,0.18417504,142.21928,252.51088,7.1519732,7.9802017
52,series3,series3_parallel2,0.44178173,4,11,0.22522725,194.07251,403.9218,7.600452,8.657932
2247,series3_parallel2,series3_parallel2,0.4302098,0,2,0.30940738,72.6572,114.26912,6.183034,6.836292
2998,series3,series3_parallel2,0.3577709,0,0,0.39426404,75.10931,102.84114,6.23092,6.6842737
2087,series3_parallel2,series2x2_parallel1,0.34869218,11,4,0.17946127,805.00073,228.31642,9.652846,7.834891
789,parallel5,parallel5,0.9991705,10,10,0.986458,600.6465,632.0893,9.230372,9.303985
1535,parallel5,parallel5,0.99983764,5,5,0.99022233,204.53632,218.35643,7.6762133,7.770541
1514,parallel5,parallel5,0.9997174,2,2,0.9686867,114.64989,115.677605,6.841091,6.8539658
1702,series3_parallel2,series3,0.41085693,8,8,0.46246862,426.39023,468.70944,8.736031,8.87255
606,series3_parallel2,series3,0.47319096,3,3,0.19081798,138.91858,291.2864,7.118096,8.186295
223,series3_parallel2,series2x2_parallel1,0.4099471,6,3,0.15117756,272.14542,167.24121,8.088234,7.3857865
1625,series3,series3_parallel2,0.6292508,10,10,0.48148263,653.432,500.70212,9.351893,8.967809
1811,series3,series3,0.54246247,5,2,0.2376823,223.3194,248.17247,7.8029647,7.9551992
2691,series3,series3,0.5782004,5,2,0.29471117,215.62589,254.43558,7.7523866,7.9911566
313,series3_parallel2,series2x2_parallel1,0.34498206,6,3,0.20854741,254.17207,221.65593,7.9896617,7.792178
2743,parallel5,parallel5,0.999985,3,3,0.86746395,139.71298,152.48827,7.1263223,7.2525544
370,series2x2_parallel1,series2x2_parallel1,0.41980037,4,5,0.2093719,170.3033,158.63144,7.4119625,7.309535
2393,series2x2_parallel1,series3,0.48704454,6,3,0.19492954,274.3581,295.7843,8.099916,8.208402
2521,series3_parallel2,series3,0.5172388,7,10,0.19918554,334.74045,333.4403,8.386899,8.381285
2458,series3,series2x2_parallel1,0.3781091,3,0,0.37828705,157.00801,97.761024,7.2946944,6.6111875
2324,series3,series3_parallel2,0.40045616,3,2,0.25795525,146.5266,146.92833,7.195019,7.198969
549,parallel5,parallel5,0.9998486,7,7,0.8962573,377.21848,301.9879,8.559257,8.238347
1427,series3,series2x2_parallel1,0.35514864,7,6,0.2502858,344.5305,225.88486,8.428488,7.8194437
2617,parallel5,parallel5,0.997474,8,8,0.9732005,414.3675,365.5458,8.694767,8.513908
1489,series3,series3,0.7418298,9,11,0.41363788,532.58203,794.5951,9.05686,9.634076
1900,parallel5,parallel5,0.99937165,10,10,0.96735084,634.19073,637.9387,9.308773,9.317274
1744,series2x2_parallel1,series3,0.42687735,11,3,0.23681389,823.4005,254.90677,9.685451,7.993826
2431,series3_parallel2,series3,0.35218132,0,0,0.22015017,75.403984,204.27534,6.236569,7.6743712
1467,parallel5,parallel5,0.9999206,5,5,0.9157668,216.2303,198.07884,7.756425,7.629931
148,parallel5,parallel5,0.99999297,4,4,0.68961877,161.54262,170.89789,7.335771,7.4169908
444,series2x2_parallel1,series3,0.47501472,10,9,0.26735282,719.7562,395.68018,9.4913645,8.628191
1591,series3_parallel2,series3_parallel2,0.3984632,5,2,0.21455395,217.98053,141.5768,7.7680554,7.145441
2077,series2x2_parallel1,series2x2_parallel1,0.44944122,6,8,0.19922553,293.32373,318.6924,8.19635,8.316021
874,series3_parallel2,series3_parallel2,0.35264617,8,11,0.24178068,407.22775,291.286,8.669692,8.186293
1451,series3,series2x2_parallel1,0.43367425,3,6,0.20452465,125.732315,252.22086,6.9742117,7.9785438
3064,series3_parallel2,series2x2_parallel1,0.36681873,11,1,0.19676648,758.85547,161.63785,9.567681,7.3366213
2143,series2x2_parallel1,series3_parallel2,0.36015624,2,2,0.13587247,118.4066,254.53046,6.8876057,7.9916945
510,parallel5,parallel5,0.9988642,10,10,0.9439501,578.7154,479.39062,9.17671,8.905058
2232,parallel5,parallel5,0.9993518,4,4,0.9622756,174.3098,175.79791,7.44551,7.457774
1375,series2x2_parallel1,series3,0.36298588,8,5,0.29632953,431.07864,232.07281,8.751807,7.8584337
1991,series3,series2x2_parallel1,0.41822842,10,5,0.37172553,704.02747,270.495,9.459488,8.079458
1525,series3,series2x2_parallel1,0.41431493,5,5,0.18447685,232.30673,141.43434,7.859887,7.1439886
2494,series3_parallel2,series3,0.44335884,11,3,0.2501469,821.7546,257.19073,9.682564,8.006695
1746,series3_parallel2,series2x2_parallel1,0.38884944,1,3,0.20070054,95.5926,254.62865,6.578827,7.992251
455,series3_parallel2,series3,0.3727177,0,5,0.28437492,80.8968,226.30415,6.338011,7.822119
2570,parallel5,parallel5,0.99654466,11,9,0.5259233,780.0263,600.01355,9.607379,9.228851
1313,series3,series3,0.38542295,4,4,0.17706877,169.72249,288.09628,7.407034,8.170407
2210,series3_parallel2,series3_parallel2,0.40799809,5,9,0.20120384,243.36214,364.3295,7.926961,8.5091
2865,parallel5,parallel5,0.99992967,8,8,0.84683794,410.69754,368.08234,8.681932,8.523885
47,series3_parallel2,series2x2_parallel1,0.4259332,0,1,0.42367366,71.27381,136.20422,6.1553,7.0896277
2381,series3_parallel2,series2x2_parallel1,0.33946934,5,0,0.14239945,237.38182,214.81012,7.8910656,7.746918
2238,parallel5,parallel5,0.99990237,10,10,0.7255706,596.0028,445.70456,9.219175,8.799944
25,series2x2_parallel1,series3,0.6717275,7,3,0.27160084,359.0092,289.492,8.487877,8.17738
222,series2x2_parallel1,series3,0.35039407,2,4,0.17426953,109.21929,248.625,6.771084,7.9578276
2608,parallel5,parallel5,0.9999658,2,2,0.5603458,101.317314,98.923904,6.662737,6.6282473
2364,series3_parallel2,series2x2_parallel1,0.3593055,6,5,0.279445,255.62012,226.05312,7.9978576,7.820518
2415,parallel5,parallel5,0.9999337,1,1,0.77801865,100.1248,84.18032,6.6456556,6.395411
1830,parallel5,parallel5,0.9999994,6,6,0.9921268,295.28183,298.3491,8.205949,8.220858
1676,series2x2_parallel1,series3,0.55125594,9,3,0.22403514,547.3805,314.3854,9.0964,8.296391
1711,series2x2_parallel1,series3_parallel2,0.40934497,9,9,0.1814949,532.5482,244.18817,9.056768,7.9318495
2667,series3,series3_parallel2,0.4459751,3,4,0.24064529,153.83629,149.188,7.265252,7.220988
847,parallel5,parallel5,0.9999083,0,0,0.9914049,68.676704,68.823814,6.101749,6.104836
937,series3,series3_parallel2,0.48050302,11,9,0.31282964,796.3319,466.95966,9.637226,8.867154
763,parallel5,parallel5,0.99953,5,5,0.99019265,231.09438,268.83615,7.8523383,8.070583
1774,series3_parallel2,series2x2_parallel1,0.41997096,0,5,0.2161978,67.9778,157.75644,6.086992,7.301555
2648,parallel5,parallel5,0.99997306,2,1,0.61300296,102.98179,90.811806,6.6862454,6.504808
1937,series3_parallel2,series3,0.3397736,5,0,0.18168008,230.54881,207.2845,7.8489285,7.6954684
445,series3,series2x2_parallel1,0.40984833,1,8,0.3383267,87.943306,299.10242,6.458502,8.224496
2195,series3,series2x2_parallel1,0.45815074,9,11,0.162207,566.2705,274.91037,9.145348,8.102818
2014,series2x2_parallel1,series3,0.38864654,1,0,0.43751723,84.690994,100.2564,6.4041367,6.6475506
1906,series3,series3_parallel2,0.53698957,1,0,0.47793493,89.18801,92.500984,6.478778,6.531397
1565,series3_parallel2,series2x2_parallel1,0.41231593,2,1,0.52322775,123.43201,107.47271,6.9475727,6.7478266
2662,series3,series2x2_parallel1,0.34765634,3,5,0.29234585,155.57098,226.94196,7.2814293,7.8261795
1147,series3_parallel2,series3,0.48326153,10,8,0.20502299,634.9731,355.51187,9.310552,8.473754
655,series3,series3,0.37321594,4,4,0.17170264,168.68694,287.98264,7.3982043,8.169838
762,series3_parallel2,series3_parallel2,0.40587378,1,1,0.5126564,86.616714,89.39817,6.4365735,6.4821734
58,series2x2_parallel1,series3,0.38851437,1,0,0.4776572,83.19581,100.39657,6.378439,6.649566
1936,series3,series3_parallel2,0.41539606,5,2,0.36834794,206.58359,126.904495,7.690582,6.9875994
801,series3,series2x2_parallel1,0.4071818,7,3,0.15794688,359.6588,183.49617,8.490485,7.519606
3039,parallel5,parallel5,0.9999136,0,0,0.9894783,78.6089,71.221954,6.296621,6.15425
913,series3_parallel2,series2x2_parallel1,0.36205903,9,1,0.18953943,554.338,249.74377,9.114622,7.964305
939,series3_parallel2,series3,0.6206148,8,7,0.21207884,450.60324,244.2303,8.815714,7.9320984
2995,series2x2_parallel1,series3,0.4246267,3,9,0.18128435,133.6882,237.58339,7.0627284,7.89229
1345,series3,series2x2_parallel1,0.3795726,10,1,0.25483468,595.5054,146.66812,9.217971,7.1964116
1422,series3,series3,0.38020793,7,2,0.26572046,314.21442,213.70808,8.295606,7.7394977
503,series2x2_parallel1,series2x2_parallel1,0.36749172,1,11,0.18397157,94.19151,251.83493,6.557525,7.9763346
1142,series3,series3,0.36113438,4,1,0.15992577,172.09201,236.98804,7.4270363,7.8886704
882,series2x2_parallel1,series3,0.61423004,11,11,0.44979933,757.8714,519.477,9.565809,9.020916
1627,series2x2_parallel1,series3,0.39754024,6,6,0.24304314,303.24036,284.29938,8.244318,8.151267
481,parallel5,parallel5,0.9999945,6,6,0.95556676,263.66748,260.28574,8.042576,8.0239525
38,series3_parallel2,series3_parallel2,0.42195645,4,5,0.25456592,166.5409,189.01813,7.3797326,7.562381
2278,series2x2_parallel1,series3,0.42819527,8,8,0.21764846,434.76773,239.06955,8.764101,7.9012866
511,series3_parallel2,series3,0.56282884,2,2,0.30328918,107.058685,250.28214,6.742258,7.9674115
2704,parallel5,parallel5,0.9999715,1,1,0.98989165,95.81791,89.217316,6.5822234,6.479252
1717,parallel5,parallel5,0.99897665,2,2,0.9852755,120.57069,115.5834,6.9137354,6.8527904
252,series3,series2x2_parallel1,0.3647217,3,1,0.2165201,131.7914,219.93355,7.0421124,7.780924
2239,parallel5,parallel5,0.9995257,2,1,0.865474,103.24271,89.34034,6.689896,6.48124
1574,parallel5,parallel5,0.9999577,0,0,0.97843105,73.9111,65.857834,6.2077193,6.041283
793,series3_parallel2,series3,0.4074779,10,8,0.13368122,657.3229,238.91568,9.360458,7.9003577
26,series3,series2x2_parallel1,0.38862267,7,1,0.18161772,337.69147,230.5313,8.399562,7.848819
1538,series3_parallel2,series3,0.38294992,0,5,0.20590365,80.30659,235.90106,6.3274465,7.882038
1881,parallel5,parallel5,0.9999043,1,1,0.9677944,98.0396,92.973045,6.6152925,6.5387406
1260,series3_parallel2,series3,0.37580782,6,6,0.1601673,263.75882,262.22446,8.043076,8.034658
2993,series2x2_parallel1,series3,0.5016259,0,0,0.23095317,71.685005,251.12044,6.1635995,7.9722357
2442,parallel5,parallel5,0.9983007,10,10,0.9804155,615.669,633.7285,9.266011,9.307721
1598,series3_parallel2,series3_parallel2,0.4239992,11,9,0.20916344,740.4992,298.79196,9.532354,8.222998
1719,series3,series3,0.46309683,2,2,0.2021553,110.33911,226.02585,6.7858005,7.820344
2020,parallel5,parallel5,0.99997926,9,9,0.99543786,536.6816,413.0578,9.067923,8.6902
2901,parallel5,parallel5,0.9997921,4,4,0.9495269,167.52762,164.78775,7.388255,7.364465
926,series3,series2x2_parallel1,0.39281285,7,4,0.18581834,384.30002,195.55365,8.586089,7.6114206
3054,series3_parallel2,series3_parallel2,0.49202466,0,0,0.67775303,77.265495,74.76926,6.2717524,6.2243733
836,series3,series3_parallel2,0.49523854,1,0,0.37911987,92.83941,105.767876,6.5366654,6.7247577
220,series3,series3_parallel2,0.48570532,0,0,0.8790776,70.6035,68.007866,6.141668,6.08763
2719,parallel5,parallel5,0.9997689,1,1,0.91028434,96.59151,100.40675,6.5938244,6.6497126
1935,series2x2_parallel1,series3_parallel2,0.3702645,4,5,0.27381352,167.52463,193.54053,7.3882294,7.596492
1523,series2x2_parallel1,series3,0.44334224,11,11,0.394086,842.53766,490.18497,9.718597,8.937182
133,series2x2_parallel1,series3_parallel2,0.36088234,10,9,0.12873608,598.72906,260.24908,9.2257595,8.023749
2168,parallel5,parallel5,0.99993515,0,0,0.9883477,65.186,68.94562,6.02649,6.107387
2145,parallel5,parallel5,0.9997067,5,5,0.9643154,207.37859,232.62428,7.696123,7.861858
1769,series3,series3,0.33509186,4,1,0.19375864,180.49747,245.82434,7.495835,7.941484
2795,series3,series3,0.3427206,5,6,0.2274131,233.52621,240.61703,7.8674407,7.910595
16,series3,series2x2_parallel1,0.41755363,3,5,0.18149579,146.99571,152.08107,7.1996303,7.248697
1015,series3_parallel2,series3,0.48388314,10,2,0.21337418,670.8422,226.38869,9.38983,7.822658
954,series3_parallel2,series3,0.4024311,6,6,0.2607428,302.21936,290.6361,8.239452,8.18307
1171,series3_parallel2,series3,0.51292485,8,10,0.2249716,413.58456,387.13147,8.692039,8.59668
419,parallel5,parallel5,0.9997117,3,3,0.9305389,134.03911,155.27567,7.06651,7.278688
1585,parallel5,parallel5,0.9999887,7,7,0.96241915,342.12006,317.56146,8.418359,8.310892
375,parallel5,parallel5,0.99995804,4,4,0.9692392,181.64816,193.21564,7.505003,7.594068
2731,series3_parallel2,series3,0.46142304,3,10,0.13138707,128.02332,256.63794,7.0002627,8.003591
2132,series2x2_parallel1,series3,0.3955727,7,5,0.16906041,309.8983,220.03781,8.275651,7.7816076
2961,series3,series2x2_parallel1,0.3757401,9,1,0.17943582,555.0281,248.81934,9.116417,7.958955
6,series2x2_parallel1,series3_parallel2,0.4238341,3,1,0.5125594,125.556816,104.16259,6.9721966,6.7026935
902,series3_parallel2,series3_parallel2,0.37001383,10,7,0.13052413,627.6741,239.68834,9.293872,7.905016
2606,parallel5,parallel5,0.9970299,10,10,0.9684028,694.9059,674.0583,9.440674,9.396729
903,parallel5,parallel5,0.99804807,0,0,0.9489031,72.1108,88.57582,6.1721435,6.468841
887,series3_parallel2,series2x2_parallel1,0.4032503,3,1,0.24908216,150.7995,149.94241,7.236488,7.228265
1969,series3_parallel2,series3,0.3920432,7,7,0.16549939,339.35907,339.11932,8.406669,8.405649
1714,series2x2_parallel1,series3,0.3769836,10,2,0.23952363,631.0331,221.06076,9.301572,7.788299
393,parallel5,parallel5,0.9999325,9,9,0.99311393,549.9614,495.9176,9.103187,8.953957
345,parallel5,parallel5,0.999698,3,3,0.9528618,142.47598,172.59956,7.154575,7.431285
2599,series3,series2x2_parallel1,0.4211937,1,5,0.23299246,85.248604,239.31195,6.4136043,7.9027486
2604,series3,series3_parallel2,0.36914533,10,9,0.15572813,605.16956,275.776,9.241196,8.107353
2245,series3,series2x2_parallel1,0.4109181,4,2,0.16669469,178.0457,151.30519,7.476104,7.2413177
1600,series3,series2x2_parallel1,0.40079683,1,4,0.25400862,91.66021,237.86232,6.518224,7.893983
306,series3,series3,0.43362314,10,10,0.35252666,591.66125,525.35004,9.208628,9.037135
1807,parallel5,parallel5,0.9998721,5,5,0.90536505,224.60199,233.99303,7.811227,7.8703218
904,series2x2_parallel1,series3_parallel2,0.3498973,3,0,0.14443016,139.5515,238.46939,7.124654,7.8976603
1566,series2x2_parallel1,series3_parallel2,0.39665464,9,7,0.15562445,542.9777,291.9775,9.084749,8.1897135
2507,series2x2_parallel1,series2x2_parallel1,0.40863827,6,6,0.1626848,286.7875,188.65176,8.163838,7.5595818
2572,parallel5,parallel5,0.99932295,10,11,0.51271653,708.7722,690.2997,9.469178,9.431079
2516,series2x2_parallel1,series2x2_parallel1,0.41284323,7,3,0.155029,373.66284,177.54373,8.545593,7.4720306
884,series3,series2x2_parallel1,0.3697479,4,5,0.1594497,167.63579,232.35541,7.3891864,7.8601894
1289,series3,series2x2_parallel1,0.36793885,11,11,0.17686313,753.9529,253.46,9.558331,7.9856143
1078,series3_parallel2,series3_parallel2,0.42961326,8,8,0.18947683,400.71426,257.46545,8.64643,8.008235
2286,series3,series3_parallel2,0.36983484,3,1,0.3401194,146.17851,147.56589,7.1915874,7.2052155
2007,series2x2_parallel1,series3,0.37296048,5,5,0.16874805,242.63489,241.21288,7.922643,7.914163
86,parallel5,parallel5,0.99996734,0,0,0.9824819,72.64469,69.77902,6.1827855,6.1247215
63,series3_parallel2,series2x2_parallel1,0.41260737,6,5,0.19519803,267.97775,157.21791,8.065969,7.296622
638,parallel5,parallel5,0.9969221,11,11,0.9422948,743.703,641.59436,9.538583,9.325518
2789,series2x2_parallel1,series3_parallel2,0.5079883,8,9,0.41153082,385.1749,453.61905,8.58937,8.825337
1639,series3_parallel2,series3_parallel2,0.540063,4,9,0.41868454,179.31572,403.26126,7.486358,8.655571
1488,series3_parallel2,series3,0.45464256,11,7,0.22216092,758.4914,389.31897,9.566989,8.604809
2732,parallel5,parallel5,0.99996984,1,1,0.6372202,87.19392,81.889305,6.4461555,6.355603
1825,series2x2_parallel1,series3,0.39877778,10,6,0.19835058,609.69885,269.89954,9.251953,8.076279
681,series3_parallel2,series3,0.38603732,6,11,0.15801497,295.82986,218.52228,8.208624,7.7716365
1343,parallel5,parallel5,0.9999981,6,6,0.9234632,291.117,303.29266,8.185455,8.244567
2375,series2x2_parallel1,series2x2_parallel1,0.3946683,2,2,0.21096188,108.469215,147.37555,6.761142,7.2033534
2505,series3_parallel2,series3,0.41034472,10,5,0.16650708,618.72363,220.04152,9.273151,7.781632
1644,parallel5,parallel5,0.99982774,7,7,0.82986736,322.7197,351.7302,8.334138,8.458325
2944,parallel5,parallel5,0.99999917,6,6,0.9892671,276.38977,260.1999,8.11056,8.023477
2765,series3_parallel2,series3,0.43281862,9,4,0.2143992,487.62405,200.13943,8.9296255,7.6448617
778,series3,series2x2_parallel1,0.3647109,4,4,0.221885,179.29977,266.37042,7.48623,8.05729
2369,series2x2_parallel1,series2x2_parallel1,0.6670181,11,1,0.678371,841.3461,127.44665,9.716556,6.9937496
137,series2x2_parallel1,series2x2_parallel1,0.3837526,6,11,0.29642883,246.95067,402.7676,7.948079,8.653804
1501,series3,series3,0.45246527,7,1,0.12111038,334.66257,267.53278,8.386563,8.063572
2873,series3_parallel2,series3_parallel2,0.35664374,11,1,0.18513197,774.0434,256.81152,9.596271,8.004566
2040,parallel5,parallel5,0.9993967,8,8,0.51649684,385.6263,361.4643,8.59106,8.497709
1349,series3,series2x2_parallel1,0.50691396,8,11,0.29648358,433.02872,545.64606,8.758319,9.091822
2175,series3,series3_parallel2,0.37675217,0,2,0.15376107,71.604805,280.5957,6.1619844,8.132349
2778,parallel5,parallel5,0.9838785,8,8,0.8576908,399.30963,348.101,8.641364,8.443362
286,parallel5,parallel5,0.9942689,10,11,0.55239975,707.3624,776.6845,9.466306,9.601185
2851,series3,series3,0.41510853,9,10,0.3788997,516.7723,500.6164,9.013385,8.967562
3065,series3,series3_parallel2,0.3561269,9,11,0.19956669,480.4531,252.20569,8.908252,7.978457
1484,series2x2_parallel1,series3,0.3723288,0,6,0.15908696,65.4906,255.71045,6.033216,7.9983673
1255,series2x2_parallel1,series3,0.4116598,9,3,0.15308882,540.04034,214.15758,9.076923,7.742529
1496,parallel5,parallel5,0.999894,9,9,0.97642946,475.73532,337.6832,8.894015,8.399527
1640,parallel5,parallel5,0.9909499,11,11,0.6082955,737.9577,544.78827,9.527394,9.089552
2524,series2x2_parallel1,series3,0.36307237,8,6,0.14808668,396.56342,249.58789,8.631408,7.963404
768,series3,series2x2_parallel1,0.3886745,5,4,0.20654812,216.1432,179.57265,7.7558436,7.488424
1957,series2x2_parallel1,series3,0.38179636,2,4,0.1718639,113.1357,287.4497,6.8219104,8.167166
1934,series2x2_parallel1,series2x2_parallel1,0.40120995,0,6,0.313947,70.716,312.21973,6.143965,8.286418
2048,series3_parallel2,series3,0.38094518,8,0,0.14071287,409.85083,225.68724,8.678955,7.818181
73,series2x2_parallel1,series2x2_parallel1,0.43180615,3,0,0.1600297,148.93541,236.2618,7.218543,7.8842425
59,parallel5,parallel5,0.99891907,8,8,0.9687464,388.5911,373.90842,8.602109,8.546541
1734,parallel5,parallel5,0.99999654,6,6,0.97371906,270.43332,256.12967,8.079129,8.0007305
93,series3,series3,0.44429126,6,8,0.130013,249.67238,259.10605,7.9638925,8.017399
2237,parallel5,parallel5,0.9999881,5,5,0.9320365,201.9832,196.22253,7.6580915,7.616347
943,series3_parallel2,series3_parallel2,0.40290397,3,1,0.16144554,136.14526,198.01201,7.089003,7.629444
2596,parallel5,parallel5,0.999692,10,10,0.90484834,665.6743,531.069,9.378673,9.052755
29,parallel5,parallel5,0.99994695,0,0,0.98310655,73.26569,72.67188,6.195066,6.1833253
1249,series3_parallel2,series3_parallel2,0.40860355,6,8,0.1734778,266.1812,257.86093,8.056265,8.010449
173,series2x2_parallel1,series2x2_parallel1,0.38932166,7,6,0.1729867,377.55676,238.23242,8.56055,7.896226
2321,series3,series3,0.41628316,8,10,0.34459648,385.8196,471.85297,8.591783,8.882194
1683,series2x2_parallel1,series3_parallel2,0.3620865,10,11,0.1956346,586.24084,250.06863,9.19535,7.9661803
478,series3,series3_parallel2,0.3735201,10,9,0.1524079,719.1299,273.13232,9.4901085,8.093456
2280,series2x2_parallel1,series3,0.37396288,8,6,0.16465262,394.8425,266.1849,8.6251335,8.056285
897,series3_parallel2,series3,0.36508846,7,2,0.14815967,309.68204,213.99138,8.274644,7.741409
1978,series3_parallel2,series3,0.4423649,10,8,0.18823607,591.9437,246.20724,9.209316,7.9437294
2503,parallel5,parallel5,0.99962306,4,3,0.9004987,162.0123,140.68637,7.3399596,7.1363387
2414,series2x2_parallel1,series2x2_parallel1,0.39662552,8,3,0.19517814,426.79544,250.191,8.737401,7.966886
2263,series3,series3,0.4448188,3,2,0.20663705,147.97101,229.95735,7.209171,7.8452225
1192,series3_parallel2,series3_parallel2,0.43014938,2,2,0.2947682,119.93841,115.19994,6.90615,6.847996
1557,parallel5,parallel5,0.99995744,2,2,0.87859404,112.08351,108.56627,6.80843,6.762432
1211,series2x2_parallel1,series2x2_parallel1,0.35024187,7,6,0.1204375,366.01535,229.68738,8.51576,7.843528
972,series2x2_parallel1,series3_parallel2,0.3860255,6,5,0.2880678,251.0411,197.9117,7.97178,7.628713
2057,parallel5,parallel5,0.9999497,7,7,0.7762444,341.74033,304.92764,8.416757,8.252323
2619,series3_parallel2,series3_parallel2,0.3939697,10,2,0.16922903,701.9651,273.22784,9.4552555,8.093961
2666,series2x2_parallel1,series3_parallel2,0.40010613,10,10,0.61596316,617.87067,569.9075,9.271161,9.154584
879,series3,series3,0.45628777,0,8,0.17920482,72.9924,256.36224,6.1896744,8.00204
2394,series3,series3_parallel2,0.3449316,11,1,0.20413452,729.4093,246.47194,9.510585,7.9452796
2774,series3_parallel2,series3_parallel2,0.3340665,7,1,0.19873802,358.153,241.3573,8.484432,7.9150267
1983,series3_parallel2,series3,0.49239057,9,8,0.3070697,469.22095,572.36035,8.874124,9.16078
1004,parallel5,parallel5,0.9995424,7,7,0.9643407,343.9725,359.54996,8.426149,8.490048
1308,series3_parallel2,series3,0.4371453,6,10,0.33475798,288.1464,482.80875,8.170658,8.915308
2376,series3_parallel2,series3_parallel2,0.44477388,4,7,0.3134996,183.89032,397.39554,7.5227017,8.634432
536,series2x2_parallel1,series3,0.6433743,8,10,0.43859613,432.4163,617.9785,8.756277,9.271413
1604,series3_parallel2,series3,0.4416942,8,2,0.22199297,398.30655,265.1074,8.637735,8.050433
2763,series3,series3,0.4529383,6,2,0.24511205,305.43298,204.7163,8.254712,7.677482
104,series3_parallel2,series3_parallel2,0.45741776,4,5,0.287646,165.4161,182.09154,7.369956,7.50852
1095,parallel5,parallel5,0.9911478,9,9,0.82647353,567.7507,411.73865,9.149114,8.685585
930,series3,series3_parallel2,0.39942017,8,9,0.19347185,391.54733,270.27036,8.613043,8.078259
2878,series3,series3_parallel2,0.39877218,5,2,0.2515939,219.40622,147.38948,7.7774606,7.20349
725,series2x2_parallel1,series2x2_parallel1,0.43747556,7,1,0.18907745,362.5531,243.25937,8.5020485,7.9263515
181,series2x2_parallel1,series3,0.36663273,6,6,0.16535436,268.02966,263.94772,8.066249,8.044108
702,series3_parallel2,series3,0.35504,11,4,0.17532626,832.19073,284.4586,9.70077,8.152075
1079,series3,series3_parallel2,0.540638,6,8,0.21670753,269.5604,280.40286,8.074465,8.131357
1651,series3,series2x2_parallel1,0.37313002,4,11,0.1948517,185.5065,245.95746,7.535326,7.942265
1958,series3_parallel2,series2x2_parallel1,0.40869614,2,1,0.44906992,121.49902,106.26362,6.924801,6.731504
1462,parallel5,parallel5,0.9999721,10,10,0.9157771,651.816,509.1181,9.348321,8.991857
2225,series3_parallel2,series3,0.44858012,4,0,0.118055135,172.48242,257.12512,7.4303055,8.006327
1594,series3_parallel2,series3_parallel2,0.33652067,7,1,0.19822069,360.47403,244.53377,8.493752,7.93389
2981,series2x2_parallel1,series3,0.51347876,11,7,0.20348108,737.7348,378.6062,9.526958,8.564554
1099,series3,series2x2_parallel1,0.40237886,8,6,0.15639812,385.80328,188.61504,8.591722,7.559301
1806,parallel5,parallel5,0.99998486,8,7,0.92981285,385.47238,379.6779,8.590484,8.568632
675,series3_parallel2,series2x2_parallel1,0.39848438,1,6,0.15357904,95.529396,185.3501,6.5778728,7.534109
2407,series3_parallel2,series3_parallel2,0.5451477,4,0,0.46473387,179.48792,92.400665,7.487743,6.5298314
24,series2x2_parallel1,series2x2_parallel1,0.5708537,3,1,0.61086756,139.3317,125.6803,7.12238,6.9736147
961,parallel5,parallel5,0.99988735,2,2,0.66931075,104.349396,101.42815,6.7052784,6.6643143
2224,series3_parallel2,series3,0.5484698,5,2,0.23574547,223.44527,250.49988,7.8037777,7.968666
1383,series2x2_parallel1,series3,0.36426824,7,1,0.16012381,375.79834,212.7167,8.553815,7.7327895
149,series3_parallel2,series3,0.4660487,8,5,0.23999098,461.32263,216.50813,8.849632,7.7582774
452,series3_parallel2,series3_parallel2,0.3367109,4,1,0.21701749,178.86751,237.22574,7.4827476,7.8901167
530,series3_parallel2,series3,0.36813635,4,4,0.15111518,165.15318,285.60492,7.367661,8.157877
1533,parallel5,parallel5,0.9995393,11,10,0.49743968,733.9878,676.1325,9.519612,9.401162
986,series2x2_parallel1,series3,0.39791825,6,3,0.24870458,260.74536,239.05138,8.026498,7.901177
1198,series3,series2x2_parallel1,0.38027117,11,4,0.15763792,775.9486,187.56708,9.599817,7.551263
2685,series2x2_parallel1,series3,0.40902528,9,8,0.24369541,540.9786,423.90195,9.079428,8.727587
914,series2x2_parallel1,series2x2_parallel1,0.39306915,6,5,0.21649376,288.0011,156.7942,8.16993,7.2927284
1508,parallel5,parallel5,0.99954444,3,3,0.8884527,137.60391,151.41905,7.1043777,7.242403
2474,series2x2_parallel1,series2x2_parallel1,0.41132703,6,2,0.1693825,261.27902,151.60054,8.029448,7.244131
182,series2x2_parallel1,series3,0.43960577,9,6,0.2571929,528.4694,259.72202,9.045676,8.020824
2738,series3_parallel2,series3,0.40219545,9,9,0.37361738,478.2357,412.04932,8.901578,8.686673
798,series3_parallel2,series3,0.5209158,7,7,0.24975072,323.27164,379.28705,8.336603,8.567146
628,series3_parallel2,series3,0.5160122,3,2,0.23008375,148.84978,247.00357,7.2177134,7.948388
2320,parallel5,parallel5,0.99979174,11,11,0.92604256,789.99567,662.79736,9.625701,9.372424
745,parallel5,parallel5,0.9999945,3,3,0.8006655,157.81787,165.37184,7.302117,7.36957
2164,series2x2_parallel1,series3_parallel2,0.36978546,9,2,0.15133168,537.96094,280.50464,9.071358,8.131881
119,series3,series3,0.5527255,5,9,0.27026767,235.51917,363.71707,7.8797007,8.506673
207,parallel5,parallel5,0.99994993,4,5,0.74761456,195.08684,193.89882,7.6079726,7.59916
2584,series3,series3,0.4054661,5,8,0.27897453,201.76729,366.0594,7.6565485,8.515934
568,parallel5,parallel5,0.9999567,1,1,0.81215644,83.19999,73.524216,6.3785114,6.2001476
1823,series2x2_parallel1,series3_parallel2,0.38998482,2,2,0.16847672,115.9733,274.3015,6.857649,8.099619
2746,series3_parallel2,series2x2_parallel1,0.41181803,10,5,0.3705251,695.04926,251.08517,9.440971,7.972033
2330,series3,series3_parallel2,0.5867736,10,10,0.74927485,618.63,553.45447,9.272933,9.112321
2089,series2x2_parallel1,series3,0.45712712,6,7,0.22240576,252.3506,389.17078,7.9792857,8.6042595
868,parallel5,parallel5,0.99985826,2,2,0.966549,114.244194,96.590454,6.835977,6.5938087
1102,series3_parallel2,series2x2_parallel1,0.40976128,4,2,0.19400996,182.95808,134.3019,7.5153694,7.069336
2735,series2x2_parallel1,series2x2_parallel1,0.4116466,5,2,0.17334643,239.06047,150.02689,7.901232,7.2290773
1800,series3,series2x2_parallel1,0.4984915,6,1,0.31012177,281.67355,139.40535,8.13788,7.1231422
2159,series3_parallel2,series3_parallel2,0.52712804,2,0,0.39532644,110.01462,97.18262,6.7815514,6.6026263
2802,series2x2_parallel1,series3,0.48255402,10,7,0.16644503,623.5456,167.12622,9.284351,7.384794
2830,series3_parallel2,series3,0.42810526,11,6,0.2983274,796.90015,284.26102,9.638255,8.1510725
1844,series2x2_parallel1,series3_parallel2,0.3541446,3,0,0.13715063,138.3194,241.24454,7.11186,7.9143524
473,series2x2_parallel1,series3,0.4613271,7,9,0.28924727,318.25937,368.9947,8.314059,8.527456
1630,parallel5,parallel5,0.99982524,3,3,0.7096953,127.1028,137.51053,6.989852,7.1033983
312,series2x2_parallel1,series3_parallel2,0.3763207,6,10,0.42910695,294.8001,491.20444,8.203593,8.94018
377,series2x2_parallel1,series2x2_parallel1,0.38533953,1,1,0.26153383,99.59869,144.8049,6.638055,7.1779666
1333,series3_parallel2,series3,0.5190969,7,2,0.26838702,332.16217,276.38538,8.375744,8.110538
1618,series3,series2x2_parallel1,0.41479596,5,5,0.27807295,236.18793,306.16718,7.8837914,8.258176
2260,parallel5,parallel5,0.9999585,0,0,0.9874335,72.835205,65.17553,6.186564,6.0262585
2426,parallel5,parallel5,0.9999776,1,1,0.9862724,93.99468,97.301506,6.5545073,6.60439
1182,series2x2_parallel1,series3,0.48887914,3,5,0.18137941,153.63959,268.79614,7.2634063,8.070369
1788,series3,series3,0.4462618,8,8,0.23669866,427.37167,240.90398,8.739347,7.9123144
500,series3_parallel2,series3,0.4436681,3,11,0.2784397,127.28702,336.12872,6.9919415,8.39287
132,series3_parallel2,series3,0.38029918,1,3,0.2360546,85.74811,232.62314,6.422033,7.8618507
1796,series3_parallel2,series3,0.4241283,4,3,0.24422634,173.61191,244.93675,7.439722,7.9362655
128,series3,series3,0.36457157,5,5,0.15097935,243.5225,238.24014,7.9279113,7.8962727
2214,parallel5,parallel5,0.9998113,3,3,0.9568872,144.11949,146.65373,7.1711216,7.19627
85,series3,series3,0.40396369,6,10,0.35043988,288.1302,469.69357,8.170577,8.875576
1405,series2x2_parallel1,series3,0.5769223,5,5,0.30484766,219.66562,253.91321,7.7791653,7.9881916
992,series2x2_parallel1,series3_parallel2,0.40464577,9,9,0.20549367,485.39795,370.9115,8.923024,8.534931
2220,series3_parallel2,series3_parallel2,0.4159827,4,1,0.42772052,162.89078,106.95152,7.347761,6.7408133
1465,series2x2_parallel1,series2x2_parallel1,0.41990525,6,5,0.21511559,272.23465,153.26695,8.088707,7.259903
295,series3,series3,0.4414724,4,3,0.25004548,180.46562,256.39478,7.49558,8.002223
641,parallel5,parallel5,0.9973859,11,11,0.9517517,855.95953,811.5325,9.741399,9.664505
2094,parallel5,parallel5,0.99974054,9,9,0.8948068,493.5231,458.07965,8.946974,8.839455
1222,parallel5,parallel5,0.9996351,7,7,0.87587833,342.72464,368.10156,8.420906,8.52396
2658,series2x2_parallel1,series3,0.50654846,3,6,0.30978408,148.59471,343.82428,7.215239,8.425528
749,series2x2_parallel1,series3_parallel2,0.36786246,3,3,0.12785266,155.0825,233.10216,7.276892,7.8648186
2192,series3,series3_parallel2,0.38048184,7,4,0.21752018,351.36743,313.14178,8.456837,8.290672
1272,series2x2_parallel1,series3_parallel2,0.36891225,2,2,0.13870081,105.99629,295.3404,6.72787,8.206235
434,series3,series3,0.36389026,7,6,0.15771818,320.2118,239.50621,8.322883,7.903919
1049,series2x2_parallel1,series3,0.3998158,10,9,0.19845733,642.78467,276.5464,9.328192,8.111378
1564,series3,series2x2_parallel1,0.33769792,4,6,0.23206924,174.0768,234.09909,7.44358,7.8709755
226,series3_parallel2,series2x2_parallel1,0.35926002,1,6,0.23205183,85.9873,222.72026,6.4260516,7.799089
1654,series3_parallel2,series2x2_parallel1,0.4086121,5,2,0.19305347,234.8478,138.52753,7.875582,7.114029
1695,series3_parallel2,series3_parallel2,0.3724591,0,2,0.15447605,78.3019,259.31595,6.2909756,8.018567
620,series3,series3,0.38991797,10,2,0.37718177,686.3615,185.4267,9.422825,7.534705
1334,series2x2_parallel1,series3,0.51573807,5,2,0.20927216,225.607,262.46307,7.817668,8.035971
2244,series2x2_parallel1,series3,0.48651758,7,8,0.18596643,360.54434,257.85922,8.494033,8.01044
1679,series3,series3,0.6801389,7,3,0.3215103,346.7286,314.9366,8.437663,8.298918
809,parallel5,parallel5,0.99653864,8,8,0.98766625,423.40988,381.08398,8.725911,8.573965
2067,series2x2_parallel1,series2x2_parallel1,0.39508852,1,0,0.42957568,91.3947,88.860344,6.5140386,6.473468
198,series2x2_parallel1,series3,0.4284231,9,4,0.18223016,476.13394,196.57625,8.895224,7.618945
748,series2x2_parallel1,series3,0.50112915,5,2,0.23330115,224.8083,239.9983,7.8125515,7.9068804
2956,series3,series2x2_parallel1,0.3773466,4,4,0.1892272,185.37192,263.64066,7.534279,8.042429
2988,series3,series3,0.36852372,5,5,0.29268587,215.2492,235.10641,7.749864,7.87717
841,series3_parallel2,series3,0.42037573,6,10,0.37591428,258.92078,491.8933,8.016367,8.942202
2952,parallel5,parallel5,0.9999422,0,0,0.98616713,72.5757,72.12091,6.1814146,6.1723456
284,series3,series2x2_parallel1,0.41215074,10,5,0.23797138,718.6822,327.8913,9.48921,8.357074
2373,parallel5,parallel5,0.9997755,9,9,0.88872427,470.04733,334.2383,8.876662,8.384733
2815,parallel5,parallel5,0.99995553,0,0,0.6493554,77.659004,77.28138,6.2790813,6.272049
758,parallel5,parallel5,0.99998295,6,6,0.8269468,251.50536,301.633,7.9744453,8.23665
2153,series2x2_parallel1,series3_parallel2,0.4021178,8,7,0.15547885,441.5235,295.107,8.786346,8.205094
692,series2x2_parallel1,series3,0.56099284,5,9,0.21994327,240.17677,358.66855,7.907953,8.486507
2334,series2x2_parallel1,series3,0.44434264,8,6,0.26594502,396.23978,263.89435,8.63023,8.043817
1520,series3_parallel2,series3_parallel2,0.4624611,3,8,0.3865713,155.39478,475.21295,7.279794,8.89243
927,series3_parallel2,series3_parallel2,0.4256803,11,10,0.6639475,855.60205,591.9981,9.740796,9.209449
2181,series3,series3_parallel2,0.40356123,10,6,0.4180989,644.6889,403.01343,9.332459,8.654684
2701,series3_parallel2,series3,0.4901404,10,9,0.39868286,635.9337,460.6078,9.312733,8.847395
1347,parallel5,parallel5,0.9989741,2,2,0.85085726,109.21008,113.79476,6.770962,6.8302903
1617,parallel5,parallel5,0.99983954,5,5,0.9645738,204.20412,212.39902,7.673868,7.7306333
1034,series2x2_parallel1,series2x2_parallel1,0.38128415,2,6,0.23434494,113.665115,211.37508,6.8286457,7.7236614
234,series3,series3,0.4329893,7,4,0.20528337,324.35175,207.49136,8.341415,7.6969075
2443,parallel5,parallel5,0.99966776,4,4,0.9633602,172.49742,162.77899,7.430431,7.346771
1046,parallel5,parallel5,0.9984546,8,8,0.98265064,424.80463,335.81314,8.730656,8.391515
35,series2x2_parallel1,series3_parallel2,0.362609,10,2,0.17869875,672.15656,269.2872,9.392653,8.073002
2725,series2x2_parallel1,series2x2_parallel1,0.3653934,6,5,0.27152324,256.0171,220.03242,8.000096,7.7815723
909,series3_parallel2,series3,0.6483778,6,3,0.2644469,264.85464,339.22,8.049057,8.406077
1607,series2x2_parallel1,series3_parallel2,0.35590434,0,0,0.19728725,69.92311,238.17424,6.1276975,7.8958735
1975,series2x2_parallel1,series3_parallel2,0.45764738,0,0,0.83624727,65.695305,74.480606,6.0377183,6.218793
1885,series3,series3,0.518182,5,9,0.26343814,240.41353,391.34317,7.909374,8.61229
2569,series2x2_parallel1,series3_parallel2,0.6864641,10,10,0.4322147,658.6081,488.34695,9.3632765,8.931763
724,series2x2_parallel1,series3,0.37073463,7,6,0.16370775,331.83096,266.13,8.374305,8.055987
1438,series3,series2x2_parallel1,0.44509006,7,5,0.19456619,359.16608,247.57547,8.488507,7.9517245
155,parallel5,parallel5,0.9961599,4,4,0.9347276,179.33362,178.91138,7.486502,7.4831014
1973,parallel5,parallel5,0.99998415,10,10,0.7513079,631.08356,390.03174,9.301687,8.607448
2620,series3,series3_parallel2,0.43143722,4,4,0.27746892,166.2604,185.0638,7.3773007,7.531879
769,series3,series2x2_parallel1,0.358557,4,5,0.21177563,165.01219,217.16656,7.366429,7.762658
1963,series3_parallel2,series3_parallel2,0.37606838,0,11,0.16453385,70.1848,325.97845,6.1330867,8.348633
1473,series3_parallel2,series3,0.46510598,8,10,0.28578636,412.2392,380.1357,8.687338,8.570371
1197,parallel5,parallel5,0.9999614,6,6,0.5468629,248.6273,252.27612,7.957841,7.97886
625,parallel5,parallel5,0.9999893,6,6,0.9560242,259.60236,301.21176,8.02016,8.234634
3005,series2x2_parallel1,series2x2_parallel1,0.35689503,1,6,0.24523535,85.85581,224.94023,6.423844,7.813398
876,series2x2_parallel1,series2x2_parallel1,0.3548144,0,4,0.18695185,80.65569,229.88553,6.3337045,7.844772
1191,series2x2_parallel1,series3,0.36820254,3,5,0.24300937,155.10117,235.8115,7.2770658,7.88149
1068,parallel5,parallel5,0.9998683,5,4,0.7248969,196.4629,220.06544,7.618113,7.781789
3000,series3,series2x2_parallel1,0.4141175,5,5,0.1743512,236.04121,147.11119,7.882895,7.200763
591,series2x2_parallel1,series3_parallel2,0.37481895,4,2,0.1539997,172.98369,291.44897,7.434492,8.187099
929,series3,series3_parallel2,0.3523154,1,0,0.39340314,94.0892,102.66647,6.5559573,6.6818213
1903,series3,series3_parallel2,0.41625407,2,8,0.288198,105.12579,257.53217,6.715973,8.008609
1216,series2x2_parallel1,series3,0.4392914,2,2,0.28377792,102.9249,302.432,6.685448,8.240467
1831,series3_parallel2,series2x2_parallel1,0.41367388,3,5,0.21273382,140.02632,159.1542,7.1295543,7.3142815
1202,series2x2_parallel1,series3,0.4037335,11,11,0.4037169,806.5561,619.43695,9.655631,9.274814
2146,series3_parallel2,series2x2_parallel1,0.4261428,1,1,0.21366589,87.213,243.0186,6.446471,7.924923
311,parallel5,parallel5,0.9998652,8,8,0.99648166,436.50824,450.42932,8.769865,8.815157
1698,parallel5,parallel5,0.9996178,2,2,0.9271061,114.600296,102.55134,6.840467,6.6802025
2229,parallel5,parallel5,0.99993074,1,1,0.93487114,84.33789,80.5463,6.398109,6.3317466
326,series3,series2x2_parallel1,0.42962468,4,5,0.23866229,173.11569,241.22348,7.4355927,7.9142265
1832,parallel5,parallel5,0.99982786,11,11,0.7947036,879.58997,605.11914,9.780687,9.2410755
2750,parallel5,parallel5,0.99997807,5,5,0.94543964,229.0374,246.27472,7.8394394,7.9441247
2772,parallel5,parallel5,0.99996877,8,8,0.8473167,399.7507,439.2244,8.642957,8.778814
859,series3,series3,0.38154137,0,0,0.5022953,79.54539,99.685005,6.3137064,6.6393046
683,series3,series3_parallel2,0.3992954,1,1,0.5253121,86.85991,87.65248,6.4406185,6.453723
2017,series3,series3_parallel2,0.5371847,8,10,0.6280388,461.81448,487.4842,8.85117,8.929212
2714,series3,series3,0.42348242,6,2,0.24275722,302.4406,295.0007,8.240508,8.204575
1863,series3_parallel2,series3,0.4702593,6,0,0.26401913,285.39148,248.24588,8.156798,7.955626
1372,series3,series3,0.42370725,1,6,0.23243317,88.0476,253.91698,6.4602118,7.988213
978,parallel5,parallel5,0.9998218,3,3,0.93241286,124.90057,141.57881,6.9646363,7.1454616
842,series3,series3,0.45684057,2,5,0.23146561,114.986885,219.0931,6.8453255,7.7754
401,parallel5,parallel5,0.99981475,1,1,0.76471967,95.428314,84.66799,6.5763454,6.4037447
354,series2x2_parallel1,series3,0.3540524,10,4,0.14113107,631.42114,231.3832,9.302459,7.8541403
1783,series2x2_parallel1,series3_parallel2,0.4067929,3,9,0.21142188,127.431694,291.29623,6.9935803,8.186343
61,series3,series2x2_parallel1,0.3609651,4,1,0.22775707,176.19691,222.41968,7.461045,7.7971406
2215,parallel5,parallel5,0.9999566,0,0,0.99097097,74.26389,69.56948,6.214589,6.120383
2016,parallel5,parallel5,0.99984527,3,1,0.4426999,129.1152,111.26609,7.012515,6.79787
2454,series3_parallel2,series3_parallel2,0.3995094,7,11,0.25479746,328.176,400.8467,8.358326,8.646907
1371,series3_parallel2,series2x2_parallel1,0.4000156,4,3,0.15137048,181.01419,178.64766,7.499959,7.4809732
558,series2x2_parallel1,series3,0.5708155,7,3,0.24100326,343.42767,364.16888,8.423862,8.508464
2144,series3,series3,0.54919136,10,7,0.22438997,645.1114,364.81653,9.333405,8.511027
2066,series3,series3_parallel2,0.47174382,0,4,0.28443587,80.7562,181.0757,6.335501,7.500449
2194,series3_parallel2,series2x2_parallel1,0.40101644,4,1,0.170474,182.63939,229.35497,7.512854,7.8414383
1537,series2x2_parallel1,series3_parallel2,0.35795182,11,1,0.18649645,760.75,251.48216,9.571279,7.9743123
2520,series3_parallel2,series3,0.5296158,5,10,0.22217314,220.08902,322.67065,7.7819433,8.333919
1154,series3_parallel2,series2x2_parallel1,0.40611172,1,1,0.43223813,90.594185,89.79066,6.5013466,6.4884934
416,parallel5,parallel5,0.99994075,2,1,0.59723985,109.63779,102.81324,6.7766013,6.683882
2986,series3,series2x2_parallel1,0.3867823,11,11,0.18309459,801.5032,258.44864,9.6465645,8.013734
1853,series3,series3,0.45773593,2,5,0.20293848,115.968506,264.83994,6.8575892,8.048977
82,series3,series3,0.3506179,4,6,0.21392772,178.41328,237.14091,7.4790792,7.8896008
1886,series3_parallel2,series3,0.48632932,6,6,0.2979103,294.51572,331.46793,8.202201,8.3727255
3055,series3_parallel2,series3,0.62561363,4,7,0.19313847,168.8517,254.50168,7.399613,7.9915314
553,series2x2_parallel1,series3_parallel2,0.3993478,5,8,0.26488647,207.62967,248.58803,7.697869,7.957613
1709,series3_parallel2,series2x2_parallel1,0.42384672,1,5,0.1830069,87.866806,155.98546,6.4572463,7.285268
1652,parallel5,parallel5,0.9999908,5,5,0.9250169,242.8332,276.53632,7.923822,8.111325
454,series2x2_parallel1,series3_parallel2,0.36597925,2,2,0.14769779,105.630196,290.46558,6.7228785,8.182223
2243,series2x2_parallel1,series3,0.37253422,10,2,0.37655494,629.36633,157.27509,9.297756,7.2971463
2397,series3,series3,0.6651037,8,11,0.24606669,424.6738,623.19495,8.730211,9.28354
1291,series3,series3,0.46723324,4,1,0.109550595,166.63814,267.77606,7.3805747,8.064883
2905,series3_parallel2,series3,0.3662848,0,5,0.286006,80.63098,230.45923,6.3332624,7.8483677
1870,parallel5,parallel5,0.99953216,10,10,0.9785977,581.9085,468.614,9.1846485,8.872256
2544,series3,series3,0.43782154,11,9,0.3214138,846.10913,460.43335,9.7247,8.8468485
212,series2x2_parallel1,series2x2_parallel1,0.4039652,6,3,0.1534568,271.41278,176.64217,8.084345,7.464686
1515,series3,series3,0.40552872,5,8,0.26491922,214.64023,245.06186,7.7457767,7.937002
1218,series3,series2x2_parallel1,0.34111553,9,6,0.13001841,490.74423,234.4287,8.9388275,7.8730054
1432,parallel5,parallel5,0.99931717,4,4,0.9141191,191.00417,178.77869,7.5774603,7.482031
1033,series2x2_parallel1,series3,0.34450537,4,6,0.2104063,177.1968,236.72163,7.4692087,7.887048
556,series2x2_parallel1,series2x2_parallel1,0.39351484,1,6,0.2355796,98.09,274.4528,6.616034,8.100414
2867,series2x2_parallel1,series3_parallel2,0.38000947,0,0,0.3614125,78.668785,101.634766,6.2977195,6.66725
3052,series3,series3_parallel2,0.35122195,7,6,0.17999886,337.6332,255.99678,8.399313,7.999982
3028,series3,series3,0.3806702,10,10,0.41698438,677.74567,526.5916,9.4046,9.040541
2053,series3_parallel2,series3_parallel2,0.36184335,2,2,0.17879105,112.07199,270.27194,6.808282,8.078268
2820,series3_parallel2,series2x2_parallel1,0.4142689,1,1,0.5657372,85.55461,94.12242,6.4187737,6.5564666
1050,parallel5,parallel5,0.999972,5,5,0.9189308,200.195,193.63843,7.6452622,7.5972214
2029,series3,series3,0.4439132,9,3,0.14197573,537.5998,218.42038,9.070389,7.7709637
1130,parallel5,parallel5,0.27652693,7,8,0.26674706,377.56973,306.22607,8.560599,8.258453
117,parallel5,parallel5,0.99998116,9,9,0.57212585,502.2545,351.46548,8.972275,8.457239
99,series3,series2x2_parallel1,0.39744946,10,6,0.28860778,597.7811,309.51074,9.223474,8.273846
2643,series2x2_parallel1,series3_parallel2,0.49776998,2,4,0.29145733,120.91449,171.83311,6.9178433,7.4248643
291,series3_parallel2,series3,0.5026416,10,11,0.59984523,592.4131,828.2218,9.21046,9.693873
3018,series2x2_parallel1,series2x2_parallel1,0.35568556,8,1,0.19311287,460.0573,247.65755,8.84567,7.952203
3024,series3_parallel2,series2x2_parallel1,0.46517852,9,6,0.48242563,563.3549,250.07384,9.1379,7.9662104
275,series2x2_parallel1,series3,0.43850255,0,2,0.18240866,66.122795,253.13425,6.0470757,7.983759
2764,parallel5,parallel5,0.99917084,9,9,0.86455214,520.4841,406.1344,9.02371,8.665813
350,series3_parallel2,series3,0.43428144,10,1,0.118678145,663.0629,257.70145,9.373002,8.009557
1770,series3,series3_parallel2,0.43664008,10,10,0.47571263,642.5782,532.9846,9.327728,9.05795
1521,series2x2_parallel1,series2x2_parallel1,0.37576014,6,6,0.23121876,283.7408,214.03148,8.14843,7.741679
1189,series3_parallel2,series3,0.43170613,11,9,0.2308398,725.77997,442.18655,9.503388,8.788511
381,series3_parallel2,series3,0.41327307,2,4,0.22800276,103.72549,143.68571,6.6966267,7.166773
1979,series2x2_parallel1,series3_parallel2,0.41050804,4,9,0.20148548,184.69801,296.89795,7.5290246,8.213823
783,series2x2_parallel1,series3_parallel2,0.5335103,5,5,0.29162958,238.81273,220.3659,7.899736,7.783757
1307,parallel5,parallel5,0.9995059,4,4,0.9191748,187.66226,183.83836,7.551995,7.522294
1045,series3_parallel2,series3_parallel2,0.3801383,7,7,0.14159328,311.6976,244.03406,8.284003,7.9309387
834,series2x2_parallel1,series3,0.35733873,6,5,0.30260363,263.9992,234.80386,8.04439,7.8753123
2043,series3,series3_parallel2,0.39406273,3,1,0.29958507,138.2031,154.81808,7.1106462,7.2744303
1151,series2x2_parallel1,series3,0.39591998,0,0,0.53867555,78.42299,96.8523,6.293205,6.5977144
1545,parallel5,parallel5,0.99998856,6,6,0.9847927,287.6862,285.56357,8.168352,8.157668
3043,series2x2_parallel1,series3,0.3928031,5,9,0.21554531,237.07289,367.18488,7.889187,8.520363
369,series3,series2x2_parallel1,0.34695253,2,0,0.1406225,102.64659,179.95517,6.681542,7.4914937
1138,series3,series2x2_parallel1,0.40310916,0,3,0.15534543,67.09329,180.34619,6.0680966,7.494625
1989,parallel5,parallel5,0.99978125,3,3,0.94088364,131.0495,136.28006,7.033968,7.0904307
2457,series3,series3_parallel2,0.49997002,2,1,0.41936448,107.951294,104.92197,6.7542367,6.713173
2173,series3_parallel2,series3,0.3743069,8,6,0.16557519,397.0576,265.5241,8.633204,8.052699
1554,parallel5,parallel5,0.9999994,6,6,0.9917624,268.54022,268.6308,8.0689945,8.069481
1581,series3,series3_parallel2,0.3470269,11,10,0.53021675,827.5066,556.7014,9.692627,9.12076
2936,series3_parallel2,series3,0.46956155,8,8,0.2917256,388.27423,334.29486,8.600932,8.384977
1879,series2x2_parallel1,series3,0.4426208,9,9,0.5283648,545.41595,524.5058,9.091213,9.034815
1930,series3_parallel2,series2x2_parallel1,0.40631068,2,4,0.31701666,109.47788,165.35593,6.7744956,7.369431
2676,series3_parallel2,series3_parallel2,0.4836298,10,1,0.23882689,689.1416,173.57674,9.428657,7.4394298
2242,series3_parallel2,series2x2_parallel1,0.4598295,6,11,0.15176842,263.00616,277.14865,8.038953,8.114516
1680,series3_parallel2,series3,0.4242627,2,2,0.2466849,101.30529,289.87018,6.6625657,8.179263
2715,series3,series3,0.5083014,5,6,0.30943447,199.83102,341.41766,7.642637,8.415394
2670,series2x2_parallel1,series3,0.33718076,7,5,0.2775801,312.6334,227.73843,8.288328,7.831234
70,series2x2_parallel1,series3_parallel2,0.47916475,8,8,0.4073807,407.51804,439.8046,8.67072,8.780719
921,parallel5,parallel5,0.9998765,0,0,0.98864555,70.10919,70.61116,6.1315317,6.1418242
2561,series3,series2x2_parallel1,0.41759786,1,3,0.16729918,93.5414,175.89062,6.547533,7.4585347
2899,parallel5,parallel5,0.99999154,5,5,0.9532701,234.22198,199.05542,7.8717327,7.6370263
1582,series3,series3_parallel2,0.5363918,2,0,0.4296665,109.96321,94.58929,6.780877,6.563605
958,parallel5,parallel5,0.9999088,4,4,0.9488739,171.99881,173.62091,7.4262547,7.439797
487,series2x2_parallel1,series2x2_parallel1,0.39277172,7,4,0.18391322,379.12714,207.7244,8.566538,7.698527
573,series3_parallel2,series3,0.38738963,2,0,0.4717936,111.124596,100.26025,6.7960343,6.647606
808,parallel5,parallel5,0.99883705,8,8,0.9608294,461.64355,379.4616,8.850636,8.56781
1492,series2x2_parallel1,series3,0.34974995,8,0,0.16770612,401.81293,212.54839,8.65038,7.7316475
2850,parallel5,parallel5,0.9999907,1,1,0.90706736,94.184006,94.23442,6.5574102,6.5581822
2032,series2x2_parallel1,series3_parallel2,0.42632544,5,2,0.40789908,202.17162,122.16452,7.6594367,6.9326816
1899,parallel5,parallel5,0.9996968,3,3,0.9757134,134.2521,153.21347,7.068801,7.2593994
2191,series3,series3,0.6145188,5,9,0.21412176,241.56903,345.1788,7.9162917,8.4312
1082,series3,series3_parallel2,0.3795097,3,2,0.2744953,131.65712,138.23024,7.040642,7.1109295
1722,series3_parallel2,series3,0.4157975,6,3,0.14896014,268.88306,214.09933,8.070835,7.7421365
2496,series3_parallel2,series2x2_parallel1,0.3489253,2,6,0.15905449,102.19781,236.51071,6.6752205,7.8857617
2028,parallel5,parallel5,0.999959,9,9,0.9668095,474.82797,338.45645,8.891261,8.402826
1428,series3_parallel2,series3_parallel2,0.3931743,2,2,0.29030398,105.69201,134.90851,6.7237225,7.0758376
1634,series3,series2x2_parallel1,0.39960587,2,4,0.25170866,122.86489,237.0631,6.940929,7.8891273
2370,series3,series2x2_parallel1,0.41183954,4,1,0.2524611,187.3371,232.80757,7.549493,7.862994
1946,series3_parallel2,series3_parallel2,0.3681651,10,1,0.35695696,578.4469,140.87509,9.176041,7.138273
950,parallel5,parallel5,0.9992618,2,2,0.9549368,110.0858,101.02432,6.7824845,6.658559
1352,parallel5,parallel5,0.9999949,6,6,0.54159474,248.21577,291.13107,7.955451,8.185525
2383,series3,series3,0.35742253,4,5,0.18620889,159.03299,240.72188,7.3131824,7.9112234
3051,series3,series3,0.45129114,6,9,0.17536764,268.1989,228.10576,8.06716,7.833559
2343,series2x2_parallel1,series3,0.61496353,8,7,0.20517959,448.6256,244.51881,8.809368,7.9338017
2446,parallel5,parallel5,0.9944299,11,11,0.8106932,755.86664,469.48248,9.561988,8.8749275
3040,series3,series3,0.378499,1,4,0.17681703,84.52791,288.47018,6.4013557,8.172278
2406,series3_parallel2,series3_parallel2,0.47502106,10,10,0.5532136,601.79425,491.15964,9.233127,8.940048
983,series2x2_parallel1,series2x2_parallel1,0.41132042,6,5,0.1797529,267.74173,147.98495,8.064698,7.2093067
2660,series3_parallel2,series2x2_parallel1,0.37316158,0,2,0.2801099,79.3115,142.37971,6.3094583,7.1535997
1896,parallel5,parallel5,0.9999888,6,6,0.9771739,298.89786,288.63556,8.223509,8.173105
981,parallel5,parallel5,0.99992275,5,5,0.97457665,211.70613,195.07394,7.7259192,7.6078773
342,series2x2_parallel1,series3_parallel2,0.39252344,2,9,0.19213428,122.634895,286.84457,6.9382257,8.164125
2990,series3,series2x2_parallel1,0.3941498,11,4,0.19240877,760.2744,201.73442,9.570376,7.6563134
2626,series3_parallel2,series3,0.40321717,11,8,0.46799973,841.98315,455.74915,9.717648,8.832096
1423,series2x2_parallel1,series2x2_parallel1,0.39890486,1,6,0.15523437,96.507385,186.41986,6.5925674,7.542412
2690,series3,series3,0.5262923,5,2,0.2124776,225.06367,252.69212,7.8141894,7.981237
2455,parallel5,parallel5,0.9998876,9,9,0.9938017,537.9482,504.48422,9.071323,8.978665
2799,series3_parallel2,series3_parallel2,0.3755447,0,0,0.46186787,72.248505,97.950554,6.174896,6.6139817
2607,series3_parallel2,series3_parallel2,0.41322508,9,9,0.20239145,498.43967,297.8285,8.961275,8.218338
919,series2x2_parallel1,series3,0.3507927,2,6,0.21944338,116.85001,241.32994,6.868514,7.914863
2301,series3,series2x2_parallel1,0.4060252,4,5,0.27554742,180.59361,242.84773,7.496603,7.923908
20,series2x2_parallel1,series2x2_parallel1,0.34736127,6,4,0.18416692,283.78284,275.166,8.1486435,8.104158
2325,series3,series2x2_parallel1,0.48435593,8,10,0.44083962,424.87625,408.15833,8.730899,8.672985
238,series2x2_parallel1,series3,0.37210488,4,2,0.20162785,172.71233,260.2214,7.432227,8.023596
1369,series2x2_parallel1,series3_parallel2,0.3901099,0,1,0.3816428,79.1028,103.200676,6.305657,6.6893086
1567,series3_parallel2,series3_parallel2,0.39508626,2,4,0.22312197,115.92819,154.77086,6.8570876,7.27399
2657,series3,series3_parallel2,0.43113804,7,1,0.18395777,376.19278,190.99054,8.555328,7.5773573
928,series3_parallel2,series3,0.3703207,7,4,0.16574244,334.9454,287.8477,8.387782,8.169162
2552,parallel5,parallel5,0.99632215,10,10,0.84286976,638.5509,648.9179,9.318658,9.341892
367,series3_parallel2,series3,0.40365553,6,3,0.24954322,258.722,240.51732,8.015259,7.909997
1498,series3_parallel2,series3,0.36644962,9,4,0.19343796,522.8742,289.60913,9.03032,8.177963
829,parallel5,parallel5,0.9999114,0,0,0.9903764,66.3317,70.38649,6.0516267,6.1372266
1745,series3_parallel2,series3_parallel2,0.35549283,5,11,0.20645328,202.98393,277.34567,7.6652217,8.115541
2777,series3_parallel2,series3_parallel2,0.44881546,6,11,0.26561284,265.68143,321.39426,8.053554,8.3282
998,series3_parallel2,series2x2_parallel1,0.34654793,7,6,0.24458446,346.85492,232.23709,8.438189,7.8594546
2933,series3_parallel2,series3_parallel2,0.532947,4,0,0.4154459,176.65022,95.60381,7.4647517,6.578996
1377,series3,series3_parallel2,0.42403263,6,11,0.27315482,261.99384,348.70673,8.033389,8.44587
2800,series3_parallel2,series3,0.44950286,7,10,0.12577634,344.2459,253.33145,8.427296,7.9848824
1985,parallel5,parallel5,0.99984574,3,3,0.834807,126.43408,156.88232,6.9822416,7.293539
741,series2x2_parallel1,series2x2_parallel1,0.3975716,8,6,0.15125482,390.5764,185.27072,8.609461,7.533491
1531,series3_parallel2,series2x2_parallel1,0.36157632,8,6,0.24975249,456.1105,223.02066,8.83324,7.8010335
2671,series3,series2x2_parallel1,0.39096692,7,4,0.22909003,371.55518,228.30089,8.537433,7.8347926
240,parallel5,parallel5,0.99997365,6,5,0.8714738,246.2932,291.77548,7.944233,8.188715
301,series3,series3,0.42057815,8,11,0.15187426,396.54297,231.54439,8.631333,7.855145
1430,series3_parallel2,series2x2_parallel1,0.46157408,10,11,0.1476098,587.8062,276.0558,9.199197,8.108816
592,series3,series3_parallel2,0.47837183,4,4,0.28918818,158.90201,163.59872,7.3119936,7.3540177
44,series2x2_parallel1,series3,0.58938134,10,9,0.2616616,632.8402,358.09003,9.305697,8.484179
1817,series2x2_parallel1,series3_parallel2,0.4020503,10,9,0.18156418,661.54156,251.97089,9.369688,7.9771132
1133,series2x2_parallel1,series2x2_parallel1,0.42202088,3,5,0.18978728,142.8763,145.69525,7.1586227,7.18681
1421,series3_parallel2,series2x2_parallel1,0.4311735,4,4,0.35307872,163.50731,159.2557,7.3532114,7.3152013
2810,series2x2_parallel1,series3_parallel2,0.40347347,5,3,0.15477729,203.5007,205.37428,7.66889,7.6821117
1437,series3,series3,0.6595064,11,11,0.33987722,826.3641,393.41663,9.690634,8.619914
440,series2x2_parallel1,series2x2_parallel1,0.41223657,7,5,0.2613734,315.5499,317.90298,8.301724,8.312443
526,parallel5,parallel5,0.99995077,6,6,0.89271224,250.44069,266.57706,7.968325,8.058409
893,series2x2_parallel1,series3,0.479204,2,4,0.16342656,105.14629,175.44193,6.716254,7.4548497
154,parallel5,parallel5,0.9999769,2,1,0.91337585,103.353195,91.66448,6.691439,6.518291
1116,parallel5,parallel5,0.9999769,1,1,0.67144716,99.62569,93.85319,6.638446,6.552334
846,parallel5,parallel5,0.9997582,10,10,0.9662489,636.41486,587.01404,9.313824,9.197251
2114,series2x2_parallel1,series3_parallel2,0.3485292,2,6,0.17027785,102.31492,243.36479,6.6768727,7.9269767
2248,series3,series3_parallel2,0.38219142,2,9,0.17835212,121.933784,282.27115,6.929954,8.140938
2436,series2x2_parallel1,series3_parallel2,0.39158532,1,1,0.49167112,88.0089,89.41576,6.4595776,6.482457
2056,parallel5,parallel5,0.999979,0,0,0.95860976,74.91929,72.12318,6.2272654,6.172391
658,parallel5,parallel5,0.9999988,6,6,0.97571677,304.0394,362.9653,8.248115,8.503688
2531,series2x2_parallel1,series3,0.51911604,10,9,0.29064992,633.52325,362.19617,9.307254,8.5006275
1443,series2x2_parallel1,series2x2_parallel1,0.3983993,11,1,0.16757402,736.9539,229.67729,9.525431,7.8434644
2054,parallel5,parallel5,0.9987276,2,2,0.9739612,122.51109,109.96667,6.9367685,6.7809224
952,parallel5,parallel5,0.9999826,9,9,0.538943,497.65314,311.89362,8.958997,8.28491
2044,series3_parallel2,series3_parallel2,0.5081065,4,1,0.38219732,172.2238,102.48187,7.4281406,6.679225
2645,series3_parallel2,series3_parallel2,0.4606597,4,1,0.442551,169.13008,106.37058,7.4019895,6.7329555
1264,parallel5,parallel5,0.9999565,0,0,0.94635594,69.52719,70.37507,6.1195054,6.1369925
2353,series3_parallel2,series3,0.4827395,0,8,0.17889702,72.88021,261.01163,6.187455,8.02797
1322,series2x2_parallel1,series3,0.42938572,7,8,0.15875958,369.81345,245.43141,8.530654,7.939176
993,series3,series3_parallel2,0.36287215,8,4,0.18970463,463.87387,328.8244,8.857589,8.361174
446,parallel5,parallel5,0.9915998,1,1,0.61679316,95.59749,101.36514,6.578901,6.663418
31,series3_parallel2,series3,0.6516486,8,10,0.21657352,430.94272,565.4588,8.751352,9.143278
87,parallel5,parallel5,0.9999771,9,9,0.9965616,532.69507,439.33997,9.057166,8.779194
2179,series2x2_parallel1,series3,0.4984389,9,7,0.3114807,567.67676,309.32175,9.148926,8.2729645
266,parallel5,parallel5,0.99997437,7,7,0.92598194,316.83136,290.05765,8.307571,8.180196
2955,series3,series2x2_parallel1,0.37484393,10,1,0.17101604,676.46063,226.2509,9.401862,7.8217797
302,series3_parallel2,series2x2_parallel1,0.36869022,1,1,0.21409552,87.55429,221.74034,6.452106,7.7927275
1947,parallel5,parallel5,0.99995947,7,7,0.94618034,324.01187,350.224,8.339903,8.452134
2104,series3_parallel2,series3,0.38395545,2,2,0.1743117,117.53561,267.98483,6.876954,8.066008
1319,parallel5,parallel5,0.98730946,4,4,0.37331748,159.68549,160.86867,7.3190894,7.3297396
1505,series3_parallel2,series2x2_parallel1,0.4585324,3,5,0.479472,156.51181,192.83598,7.2901278,7.5912304
2509,series3_parallel2,series3,0.44794396,10,8,0.12046953,666.2673,267.3832,9.379957,8.062765
2380,series3_parallel2,series3,0.5485724,10,2,0.29456896,645.8009,260.75174,9.334946,8.026533
3045,series2x2_parallel1,series3_parallel2,0.5444039,10,10,0.6845696,655.2964,633.78174,9.356004,9.307842
2913,series2x2_parallel1,series2x2_parallel1,0.40346706,3,5,0.21406233,141.04361,160.03934,7.1399975,7.322283
424,series3_parallel2,series2x2_parallel1,0.3770869,5,6,0.20816807,223.99779,214.19998,7.8073406,7.7428145
1614,series3_parallel2,series3,0.37446484,0,5,0.20289832,79.69839,238.28557,6.3164787,7.896548
974,series3,series2x2_parallel1,0.39798924,1,0,0.15179498,94.67712,173.27414,6.564944,7.4369125
636,parallel5,parallel5,0.99998605,2,2,0.44256678,101.35091,101.25217,6.663215,6.661809
1922,series3,series3_parallel2,0.3788044,4,2,0.14717765,164.8923,284.15433,7.3653803,8.150531
2803,series2x2_parallel1,series3,0.34806803,3,6,0.1587919,133.49292,256.6381,7.0606194,8.003592
854,parallel5,parallel5,0.99999845,5,6,0.8425917,243.30946,208.40625,7.9266486,7.7032547
2970,parallel5,series3_parallel2,0.37533557,0,0,0.27205464,76.954,250.5363,6.2659245,7.968876
657,series3,series3_parallel2,0.4884121,0,4,0.2879173,79.02501,155.64108,6.3042374,7.282079
322,series2x2_parallel1,series3,0.43065137,4,4,0.21770401,163.4159,199.88559,7.3524046,7.6430306
1706,series3_parallel2,series3_parallel2,0.39278755,9,7,0.15089309,467.84982,248.94453,8.869902,7.9596806
1637,series3_parallel2,series3,0.37243354,2,0,0.48084274,101.989815,98.2221,6.6722813,6.6179757
2784,series3_parallel2,series2x2_parallel1,0.4146764,5,5,0.17192608,198.54599,154.16826,7.6333294,7.268362
2299,series3,series2x2_parallel1,0.42817804,4,3,0.33296013,188.47482,161.56612,7.558228,7.335981
449,series2x2_parallel1,series3,0.43989024,5,4,0.2009219,215.62503,205.51056,7.752381,7.6830688
2680,series3,series3_parallel2,0.3798665,0,0,0.46177807,71.39271,97.54262,6.157705,6.6079607
861,series2x2_parallel1,series3_parallel2,0.557509,8,10,0.72839177,424.20776,595.4869,8.728627,9.217926
2308,series3,series3,0.36891255,2,4,0.18084918,115.5287,287.94797,6.8521075,8.169664
1992,series3_parallel2,series3_parallel2,0.46267104,11,6,0.21348001,779.2641,357.58075,9.605968,8.482125
1528,parallel5,parallel5,0.9999882,7,7,0.3909851,317.43176,301.9997,8.310303,8.238403
2254,series3,series3_parallel2,0.38202572,11,10,0.41944465,783.38306,484.04355,9.613574,8.918993
2565,parallel5,parallel5,0.9999895,2,1,0.95433843,102.498405,91.54169,6.6794577,6.516357
1866,series3_parallel2,series2x2_parallel1,0.39173093,0,5,0.14962937,74.02718,191.67978,6.2099833,7.5825543
2550,parallel5,parallel5,0.99992347,10,10,0.9660691,668.5818,610.4788,9.38496,9.253798
1241,series2x2_parallel1,series3,0.39621055,10,9,0.18166885,651.8319,256.38562,9.348356,8.0021715
1215,parallel5,parallel5,0.9998853,9,9,0.46423167,476.92618,426.8355,8.897622,8.737536
1400,series3_parallel2,series3,0.632757,11,3,0.29626498,780.37494,347.88986,9.608024,8.442487
2290,series3_parallel2,series3_parallel2,0.47212788,7,4,0.27372473,317.5751,171.54134,8.310954,7.4224124
587,series2x2_parallel1,series3_parallel2,0.3509982,3,6,0.16805437,137.78131,240.30501,7.1062365,7.908723
2895,series2x2_parallel1,series3,0.3850275,6,6,0.26137307,250.89072,435.75778,7.9709153,8.767383
1224,parallel5,parallel5,0.9996227,2,2,0.9431348,105.19628,105.864365,6.71694,6.7260733
1822,parallel5,parallel5,0.9999683,7,7,0.62171006,313.29605,361.36417,8.291383,8.49731
2697,parallel5,parallel5,0.99996614,3,3,0.9723423,149.81169,157.95976,7.2270064,7.3034134
463,parallel5,parallel5,0.9547725,0,0,0.89870226,68.4106,94.18746,6.096148,6.557463
1474,series3_parallel2,series3,0.43316,9,9,0.52560836,547.61426,525.59766,9.097016,9.037815
639,series3,series3,0.5685871,8,2,0.3063053,426.96957,248.80116,8.737989,7.9588494
2600,series3,series3,0.3752322,9,1,0.1499902,519.8724,239.38568,9.022014,7.903193
2615,series3_parallel2,series3_parallel2,0.44658026,2,2,0.29038724,120.30919,112.09459,6.910603,6.808573
2841,series2x2_parallel1,series3_parallel2,0.38289055,0,2,0.1439204,72.636894,286.07843,6.1826305,8.160267
1268,series2x2_parallel1,series3_parallel2,0.35502946,0,0,0.40515402,73.8513,102.843796,6.2065516,6.684311
2984,series2x2_parallel1,series3_parallel2,0.42625648,9,11,0.26547775,525.6943,353.47015,9.03808,8.465445
555,series2x2_parallel1,series2x2_parallel1,0.3441527,7,4,0.18137522,325.03125,240.2553,8.344435,7.9084244
7,parallel5,parallel5,0.99892634,10,10,0.777274,626.56226,574.7934,9.291314,9.1669
1820,parallel5,parallel5,0.9995197,10,10,0.97752863,599.69275,619.8019,9.22808,9.275663
2537,parallel5,parallel5,0.99873334,11,10,0.6311003,724.6615,708.83405,9.5011635,9.469304
663,series3,series2x2_parallel1,0.41365772,7,1,0.17606446,313.8831,165.81418,8.294084,7.3734236
290,series3_parallel2,series3,0.36725473,1,5,0.1626094,83.963715,234.88614,6.391694,7.875818
2349,series3_parallel2,series2x2_parallel1,0.35739318,2,4,0.19740812,118.47338,282.0462,6.888419,8.139788
1834,series3_parallel2,series3_parallel2,0.50249165,4,0,0.42785954,185.02289,103.9148,7.53156,6.6992574
533,parallel5,parallel5,0.99999964,6,6,0.9758739,256.54736,257.46988,8.003081,8.00826
1083,series3_parallel2,series3_parallel2,0.36425954,5,9,0.13320775,238.62802,263.36072,7.8986197,8.040896
1556,parallel5,parallel5,0.9997099,4,4,0.8128282,164.45807,155.71329,7.361576,7.282748
162,series3,series2x2_parallel1,0.40621194,7,6,0.37829617,362.3226,287.91754,8.501131,8.169512
315,series2x2_parallel1,series3,0.5685145,11,2,0.28588733,830.4569,279.25674,9.697762,8.125448
1636,series3,series3,0.39020434,10,0,0.1990776,597.38727,220.45755,9.222523,7.784357
2453,series2x2_parallel1,series2x2_parallel1,0.41242808,2,1,0.47574803,104.010704,113.0893,6.700588,6.8213186
2198,parallel5,parallel5,0.9999465,10,10,0.8602844,577.89996,499.80298,9.174676,8.965216
1039,parallel5,parallel5,0.9999654,0,0,0.9785236,78.111786,62.839527,6.2874684,5.9736004
1472,series3,series3,0.51300883,5,6,0.3032951,200.77708,344.77243,7.649451,8.429501
2425,parallel5,parallel5,0.9997773,2,2,0.5252649,101.71821,101.396675,6.668434,6.6638665
2786,parallel5,parallel5,0.9992632,7,7,0.40094,378.97104,258.97247,8.565944,8.016655
439,series3,series2x2_parallel1,0.36370376,4,1,0.21817365,176.54889,223.19727,7.463924,7.8021755
1373,series3_parallel2,series3,0.40149322,3,5,0.25613046,154.02351,264.07214,7.267007,8.044788
1058,series2x2_parallel1,series3,0.3907155,11,11,0.17668805,788.69226,230.48634,9.623319,7.8485374
2744,parallel5,parallel5,0.9999839,11,11,0.87660074,807.9793,560.4655,9.6581745,9.130482
1691,series3_parallel2,series3_parallel2,0.507231,0,0,0.8589471,71.565506,71.43222,6.1611924,6.158503
823,series2x2_parallel1,series2x2_parallel1,0.5138481,11,11,0.5273549,850.12665,537.679,9.731534,9.070601
270,series3,series3,0.34146,6,1,0.20158595,269.90506,243.42674,8.076308,7.927344
2679,series3_parallel2,series3_parallel2,0.40345216,3,9,0.18205763,132.2136,249.03053,7.0467267,7.960179
204,series2x2_parallel1,series3_parallel2,0.39928484,1,1,0.355802,99.48229,101.940674,6.636368,6.671586
647,series3_parallel2,series3,0.35822815,7,6,0.15236193,319.45953,230.87457,8.3194895,7.8509655
2294,parallel5,parallel5,0.9997248,9,9,0.98840904,552.26746,506.2879,9.109223,8.983814
1948,series2x2_parallel1,series2x2_parallel1,0.41886285,6,5,0.18833004,266.65704,151.84695,8.058842,7.2464743
40,series2x2_parallel1,series3,0.3633364,9,5,0.19147784,479.68005,237.9606,8.905929,7.894579
1217,series2x2_parallel1,series3,0.42256957,1,2,0.16531539,98.7072,246.30826,6.6250834,7.944321
1311,series3,series2x2_parallel1,0.36807862,9,4,0.22503029,542.4575,266.93854,9.083366,8.060364
2839,series3,series3_parallel2,0.41598827,10,8,0.2941125,608.04346,480.51917,9.248031,8.90845
390,series2x2_parallel1,series2x2_parallel1,0.40100703,0,3,0.1544461,68.2644,177.77797,6.0930614,7.4739327
1213,series2x2_parallel1,series3_parallel2,0.45908818,3,1,0.43462765,127.008095,107.754944,6.9887767,6.7516103
2976,series3_parallel2,series3_parallel2,0.37849122,11,10,0.5800359,837.5655,555.6885,9.710058,9.118133
2782,parallel5,parallel5,0.99804497,8,8,0.7844971,387.23947,366.51944,8.597082,8.517746
1137,series3,series3_parallel2,0.4496817,11,10,0.5542787,815.6705,558.1584,9.671843,9.124531
2284,series3,series3,0.3463334,4,3,0.20710425,169.4992,224.13176,7.4051347,7.808203
850,series2x2_parallel1,series3,0.4522959,7,11,0.2753386,336.9476,336.27783,8.39638,8.39351
830,series2x2_parallel1,series2x2_parallel1,0.34234706,2,0,0.13048083,119.0517,217.11,6.8954444,7.7622824
670,parallel5,parallel5,0.75792557,0,0,0.964985,68.69289,79.71844,6.102089,6.3168416
441,parallel5,parallel5,0.9998685,7,7,0.9404842,373.67395,343.94727,8.545636,8.4260435
1086,series2x2_parallel1,series3_parallel2,0.5244448,0,0,0.4571691,68.069595,97.30488,6.0889387,6.60444
2400,series3,series2x2_parallel1,0.35516822,6,11,0.15692358,290.4961,201.20636,8.182375,7.652532
1873,series3,series3,0.5317662,5,2,0.23466097,224.30191,248.79022,7.809298,7.958786
2008,series3_parallel2,series3,0.35221335,2,6,0.182816,120.78008,233.88037,6.916239,7.869627
2856,series3,series3_parallel2,0.36245903,2,2,0.1301744,118.078125,256.1102,6.883598,8.000621
2200,series3_parallel2,series3,0.36709467,4,0,0.1622041,162.84282,216.8562,7.3473363,7.760595
2573,series2x2_parallel1,series3,0.41838402,9,3,0.15743108,545.02203,212.21074,9.090171,7.729354
1143,series3,series3,0.48193362,10,10,0.21098828,630.2256,358.81628,9.299725,8.487102
2060,series3_parallel2,series3_parallel2,0.3675457,4,5,0.21679552,170.83571,184.74844,7.4164658,7.5294185
1247,series3,series3_parallel2,0.49874863,0,0,0.86121094,71.5067,71.309906,6.1600065,6.1560307
521,series3,series3,0.38854,0,0,0.20125535,74.97401,218.37346,6.2283187,7.7706537
2088,parallel5,parallel5,0.9994893,8,8,0.9926462,446.4931,387.4361,8.802494,8.597815
483,series3_parallel2,series2x2_parallel1,0.4076717,5,1,0.1769908,242.4748,231.8967,7.921691,7.8573384
365,parallel5,parallel5,0.99940765,11,10,0.6424557,776.7584,740.7337,9.601322,9.532811
795,parallel5,parallel5,0.9997125,11,11,0.80553734,732.06995,706.7464,9.515838,9.465049
384,series2x2_parallel1,series3,0.3565627,0,0,0.2959962,79.40498,114.33554,6.3111577,6.83713
948,series2x2_parallel1,series2x2_parallel1,0.39283448,9,4,0.18105951,571.6616,200.54045,9.159018,7.6477494
192,series3_parallel2,series3_parallel2,0.39958096,9,9,0.20332365,513.6747,284.116,9.004711,8.150336
2749,series3_parallel2,series3_parallel2,0.38234416,10,10,0.4208203,591.9253,486.2792,9.209271,8.925641
2129,series2x2_parallel1,series2x2_parallel1,0.36887157,1,1,0.34750825,96.3765,141.82301,6.5906096,7.147948
3026,series3_parallel2,series3,0.48934224,3,6,0.27296495,146.97618,327.71448,7.1994386,8.356296
2035,series2x2_parallel1,series3_parallel2,0.5419279,1,0,0.39338785,88.92801,99.49206,6.474566,6.6365094
1024,series3,series3,0.36855224,5,5,0.21160765,238.04698,239.27983,7.8951025,7.902555
2863,series3,series3_parallel2,0.3796728,2,2,0.14337069,110.135,289.77747,6.783129,8.178802
2914,series3_parallel2,series3,0.7321075,9,11,0.34709045,538.2829,752.63477,9.072221,9.555806
464,series3_parallel2,series3_parallel2,0.36313966,5,11,0.18756957,200.22182,257.61508,7.6454554,8.009073
924,parallel5,parallel5,0.9999194,0,0,0.9918796,76.95799,71.864685,6.2659993,6.167211
1997,series3,series3,0.4091471,6,6,0.22791035,248.24629,435.08972,7.9556284,8.765169
3007,series2x2_parallel1,series3,0.39566523,0,0,0.44346163,71.6873,99.55551,6.1636457,6.637429
2379,series2x2_parallel1,series3_parallel2,0.38903484,11,8,0.26822767,838.5189,247.1585,9.7116995,7.9492927
332,series2x2_parallel1,series3_parallel2,0.3461278,9,6,0.1780165,539.58466,255.67259,9.075706,7.9981537
2275,series2x2_parallel1,series3,0.5777629,2,2,0.30420887,106.04759,264.02676,6.728568,8.04454
1397,parallel5,parallel5,0.99939895,9,9,0.82025987,530.96716,496.48834,9.052479,8.955616
602,series3_parallel2,series2x2_parallel1,0.40218318,6,0,0.1474973,289.14813,181.5882,8.175665,7.5045266
1037,series2x2_parallel1,series3,0.46435055,3,6,0.27767763,145.68158,329.90103,7.1866746,8.36589
