sample_id,ratio_log2_head_true,ratio_log2_head_pred,freq_log2_head_true,freq_log2_head_pred,detune_carrier_head_true,detune_carrier_head_pred
2550,1.5,1.2220552,345.6545,376.0297,-3.7854,-0.7644366
2333,0.5,0.23265822,96.4412,87.66459,-10.3414,-0.6000984
268,0.1667,0.17529175,205.6822,182.91371,8.771,-0.84306425
1524,0.125,0.18993688,129.779,159.5655,11.7836,-0.2547547
1757,0.6667,0.40778524,177.0824,246.03421,0.327,-0.30512792
3689,0.2,0.16177207,327.5052,448.8528,10.3484,-1.2390429
2558,2.0,1.1924236,67.8956,101.71121,6.9747,0.68024266
1050,0.5,0.38137513,133.0728,172.83252,-11.1606,0.7157439
3186,0.125,0.19670911,162.8834,121.17742,-5.7687,-0.6253149
1658,3.0,1.37375,701.6284,722.2694,3.6471,1.7054926
2826,0.25,0.23103969,149.9935,140.67242,-5.9042,-0.8343193
1556,0.3333,0.32667443,676.991,734.7451,-5.7244,-0.55774426
2979,1.0,0.81782615,368.0282,392.15915,1.1778,0.26577428
4007,0.5,0.5842045,561.1719,477.25793,5.3854,-1.0684417
443,1.0,1.1600057,709.7325,746.46216,6.3504,1.6179832
1463,3.0,1.7404479,251.6606,273.9864,0.533,-0.16205439
2286,4.0,3.2201629,101.6406,102.601006,-3.4622,1.6342734
1423,0.125,0.18301004,172.4333,189.97841,10.4604,0.2496855
3205,0.125,0.16877404,248.7771,378.68906,10.3904,-0.76388127
2764,0.6667,0.70661247,855.1835,699.7261,2.4794,0.98265535
986,0.125,0.18654187,685.4721,669.26495,5.0661,-0.33681095
3864,0.2,0.17626578,490.2295,549.9708,8.667,-1.126844
1377,0.25,0.2139493,265.185,301.00974,10.7691,-0.7697087
4022,0.5,0.32636547,98.2717,96.63883,-0.9203,0.2160944
1730,1.0,0.883501,109.7273,101.73761,6.2685,0.5949131
2623,0.125,0.26660743,83.9747,79.93001,6.5508,0.26326993
1178,2.0,0.68970305,208.3256,260.23395,0.0091,0.639046
395,0.1667,0.21687688,138.7555,155.7265,-9.861,0.9783816
1699,0.3333,0.2582614,90.5929,82.65498,10.9592,0.055807516
2488,0.125,0.16237395,396.5417,388.45804,2.079,-1.278752
3504,0.1667,0.18553282,249.8446,168.191,-1.7391,-0.6490229
1719,0.25,0.7447399,75.9141,87.19567,10.8279,-0.048403226
369,1.5,0.53569984,76.5694,81.08287,-4.7803,-0.1288142
1726,0.2,0.18659972,207.9533,180.50809,-6.4795,-0.5513599
3903,3.0,1.1275728,375.8831,414.81558,-3.2645,0.79366106
4042,2.0,2.9265838,647.2475,596.89777,1.8875,-2.3390872
766,1.5,1.0332528,209.7914,236.4152,-2.4667,0.82846314
804,4.0,3.158352,375.1719,385.25076,-9.245,-1.869677
333,0.5,0.5663956,292.5232,288.27423,-1.1272,0.37522683
2058,0.6667,0.2668241,75.82,89.017845,3.5508,-0.39960217
3330,3.0,1.9424355,158.8742,170.34485,-1.7047,0.95669097
2249,0.6667,0.46744925,522.8951,458.33832,3.2501,-0.8439655
3226,0.3333,0.23526864,159.6617,179.3683,0.7984,-0.19649374
1522,1.0,1.4346747,130.427,107.358284,3.9957,0.9087985
2457,4.0,1.4330269,381.8894,407.935,6.4501,-0.08399549
3081,0.2,0.22206973,100.3155,103.69317,3.6673,-0.8865874
359,4.0,2.8745968,292.7454,306.44458,1.6247,-0.4859905
1889,0.5,0.5523753,819.4396,693.5452,1.0884,0.23126036
1519,1.5,1.1275191,76.4842,82.12091,-0.6252,-0.72884595
2211,0.2,0.24047133,101.7556,95.67984,-9.0465,0.4832899
2366,1.5,1.330407,674.8952,630.19604,0.9616,0.73368365
2531,3.0,1.813045,401.8571,380.71585,0.4878,0.4113003
424,0.5,0.78185946,664.6131,791.18146,-6.531,1.6123655
2002,0.5,0.57995147,241.4981,238.51329,-2.4659,0.47215885
935,1.0,0.7502105,444.8927,519.46155,-2.8796,-0.75629634
1775,0.25,0.23451383,210.9394,260.69073,9.0402,-0.75562894
3408,0.125,0.19684094,255.9922,282.51065,8.8326,-0.33624646
3310,3.0,1.9896327,569.4522,639.7369,-7.2878,0.15659991
3424,1.0,1.2358972,162.0815,146.08385,8.3753,0.8227447
498,4.0,2.69662,235.9131,299.34613,-3.4457,-0.14150563
2606,1.5,1.8919615,145.5232,137.56175,1.1338,1.0480512
3453,0.5,0.24721621,140.9972,152.79091,10.1116,0.5680021
1649,0.6667,0.87507766,240.3432,190.15167,11.0216,0.7874003
43,0.1667,0.2149158,269.9833,329.29968,9.5044,-0.5072787
1738,0.5,0.5088426,90.3925,103.7236,-0.4145,-0.45138502
1782,2.0,1.3754915,133.0389,184.88014,0.9144,1.099841
893,0.25,0.21103114,685.5266,722.4986,-4.7612,-0.21971788
597,0.125,0.16341045,691.9128,518.33716,8.7893,-1.1373255
2745,0.25,0.16179806,209.3569,239.95404,-2.8942,-0.7677733
1961,1.5,1.3521385,72.0527,78.854866,-8.9047,-0.095642
2315,0.6667,0.47420627,867.8975,649.5003,9.7814,-0.36537272
1596,0.125,0.14662135,762.3982,660.19604,0.8241,-0.5817367
4005,0.1667,0.19289175,300.3456,188.10379,11.1169,-0.43464372
2239,1.0,2.136727,745.492,742.41754,9.7141,0.6377311
1684,0.6667,0.3130523,137.6785,132.64784,-7.2558,1.2901386
4068,1.5,0.94275755,519.9772,672.385,-9.9238,1.0245237
280,0.5,0.4705042,704.92,736.319,-5.6667,0.5090103
1997,4.0,2.8394237,275.667,278.7182,-6.6282,-0.5585588
542,1.5,2.312431,81.5326,80.23315,11.7373,-0.5129124
3526,0.125,0.15112989,249.2387,288.70618,1.1247,-1.0970972
1440,0.2,0.22066969,95.1321,87.334145,-2.9712,-0.8530682
3312,2.0,2.4063897,74.251,88.347824,-3.8509,-0.1033868
2334,0.6667,0.5905481,311.0976,288.19876,-6.2001,0.3961504
979,0.1667,0.18493265,174.5242,182.45584,2.6857,-0.6807723
64,0.1667,0.15193333,643.3675,642.489,-0.7417,-0.77375954
757,0.5,1.8767893,97.1962,83.06643,4.0854,0.5753981
2570,0.3333,0.27867386,767.46,741.9255,4.1681,0.35811874
3070,0.6667,0.55175656,477.8043,551.0473,-4.3082,-0.24437647
3347,0.6667,0.44844693,700.8238,615.49365,-8.3667,-0.8725363
252,1.0,0.6778187,172.6923,218.18329,-5.6408,0.64787924
3551,0.5,0.23680529,84.0887,86.961624,-11.1435,-0.51239246
1041,0.2,0.18943816,316.1351,356.22183,3.7772,-0.4868355
3615,0.5,0.72490036,131.3403,98.37337,-9.1615,-0.35592774
3302,4.0,3.3417964,219.794,201.16493,-7.0265,2.2705932
3439,0.5,0.5408096,751.6318,775.1412,-9.9642,0.44827354
2553,2.0,2.551604,232.8786,197.64017,-0.344,0.98583394
1890,0.3333,0.24053672,554.1327,609.0516,11.1063,-0.6170428
2884,0.1667,0.1575308,316.8798,398.81396,3.8086,-1.2159518
390,2.0,2.1420999,151.8154,131.73561,9.3174,0.6384193
947,1.5,1.8269899,680.0527,670.0781,8.968,0.1796962
2886,1.5,1.2283208,420.1772,403.49536,11.9213,-0.41845065
692,1.5,0.84748584,200.3108,330.8333,11.6584,0.16942346
223,0.125,0.1622337,342.3551,332.13846,-11.8859,-1.2359661
1220,0.25,0.2320355,148.7688,173.69467,-3.1214,0.08915348
3366,0.25,0.2541068,226.5248,225.80692,0.7299,-0.62199134
408,1.5,1.21341,306.3139,334.76633,-9.6383,0.4648164
3291,0.1667,0.19953594,808.1942,647.6798,10.7403,-0.16004653
2994,0.3333,0.32157287,96.525,92.39746,-8.0364,-0.51168406
2375,0.25,0.24968225,629.6398,700.6717,5.714,-0.1568001
2082,0.25,0.2552404,633.6205,619.0256,2.7882,-0.6172843
1206,0.3333,0.27618197,87.4948,83.72963,-4.1686,0.21426553
3009,0.1667,0.25374466,220.2817,198.83455,-9.2861,-0.49883223
434,0.25,0.27610204,504.8922,527.29315,-10.7121,-0.68483174
1034,3.0,0.5946102,860.5376,827.5646,0.7381,1.4400798
1466,0.2,0.17442565,342.5395,404.31693,6.7384,-0.7587297
3428,3.0,2.5807393,75.4789,84.50447,5.5369,0.8155337
1409,0.125,0.20654866,136.0009,103.35046,4.3493,-0.9678494
2563,0.5,0.27566904,75.4171,81.026825,-1.2652,-0.7782069
2902,0.25,0.20524955,261.6009,309.22217,-8.6451,-0.04800733
1355,0.1667,0.20406409,131.6602,123.2053,-3.9113,0.07569246
2125,3.0,2.2479613,804.5239,717.7944,11.9878,0.32208735
2823,0.3333,0.36271372,302.8623,235.60349,5.0211,0.6339054
1767,0.2,0.2021334,539.7973,491.9203,9.0475,-0.8329705
1002,0.3333,0.285871,223.9921,290.14606,11.3402,0.23697457
2123,0.25,0.27217096,216.5548,222.38403,8.8851,0.5541655
1146,4.0,2.8700845,67.541,93.900566,-7.163,-0.5446712
3459,3.0,1.7349114,602.9767,611.39557,11.0738,0.43009752
568,4.0,3.0952938,229.5521,241.33696,-2.1876,0.18461496
2224,0.3333,0.2214604,633.057,658.55585,3.8855,-0.53081256
3454,0.1667,0.17874113,107.5836,106.40318,-0.3517,-1.134453
1437,3.0,2.7284603,71.6676,82.5507,6.4319,-0.060559634
225,0.3333,0.2270071,121.8449,124.29097,4.0261,0.6856245
3816,0.1667,0.20979857,75.5514,79.65367,-8.8789,-1.1038486
3733,0.25,0.18980242,140.9777,171.74506,-6.2462,-0.9580022
896,1.0,0.84548587,299.6319,326.7242,-10.3952,-0.25872934
102,1.5,1.6486154,398.7787,381.1079,5.773,0.55647576
1379,3.0,3.2909248,177.5341,183.17531,-6.8802,1.6880122
2312,0.125,0.17132078,264.1145,258.1009,-4.9253,0.26218396
3773,0.2,0.15995131,454.4265,555.3121,9.9677,-1.0637406
337,0.25,0.21304616,280.1236,331.55646,8.0817,-0.4537367
2377,0.5,0.6827156,266.4164,202.02072,-5.8937,-0.30420172
2637,2.0,2.1171677,221.7406,234.88925,0.3683,1.2329892
246,0.6667,0.6062291,218.5681,253.18286,4.1248,0.46877158
2341,0.5,0.7890131,449.0655,404.78223,-6.7714,-0.7157238
779,0.25,0.5102805,71.2566,87.59389,-10.0159,-0.41397324
70,0.6667,0.89855456,662.0906,450.4889,4.4544,-1.1203539
4060,0.2,0.2738473,68.0053,79.61735,-8.8193,-0.54074407
3772,3.0,2.3397844,647.811,680.47687,-6.8097,-1.6953149
3511,0.1667,3.2303677,106.2639,149.02724,-2.5656,0.539803
1766,4.0,3.5006235,411.3623,369.13303,11.651,-1.825011
2203,3.0,2.054231,98.7427,97.84711,6.5022,0.07758589
3624,0.2,0.18816218,145.0649,143.64711,-5.5689,-1.1217136
2779,0.25,0.2531866,179.1361,177.67041,-11.2895,0.04701823
3538,0.6667,0.5620332,304.4271,322.23367,-8.5849,0.24063659
3553,1.5,1.5234351,365.9645,365.73917,-2.7661,-0.5274944
4078,1.0,0.69216263,290.4623,391.70834,0.0561,-0.53250957
3907,0.5,0.28311217,157.0938,167.50232,-4.6665,0.20181075
2294,0.5,0.45624748,758.1482,786.7053,-5.2517,0.8583071
3570,0.6667,0.8342315,523.9898,455.56268,-3.4291,-0.22038108
2988,4.0,3.20822,129.5093,121.188354,-7.3897,0.35909218
2208,0.3333,0.49789944,257.9577,191.03745,2.5816,0.35916388
475,0.3333,0.1830663,119.7801,161.96803,4.5218,-0.80396616
1165,0.1667,0.19727024,80.2497,81.53543,5.7527,-0.37335533
1521,0.6667,0.36064872,98.3786,84.272766,6.7417,-0.54983777
966,0.125,0.17466609,360.4273,310.1973,-6.143,-0.41536015
8,0.1667,0.3011876,260.9864,85.057304,-2.7857,0.20737717
634,0.5,0.34689188,443.0996,573.5868,0.4665,-0.5121755
2327,0.125,0.14773905,671.1846,624.9639,-0.0845,-0.34264895
2003,2.0,0.98624116,583.241,714.10474,-1.4525,1.3529189
2619,1.0,1.0175589,428.0789,459.0114,2.8519,0.82848865
1760,0.5,0.5872162,355.0603,370.7377,3.3682,0.39770585
2272,0.1667,0.28722855,153.4497,166.14421,0.4306,0.736397
1098,0.2,0.21176124,156.5802,107.392075,-11.8623,-0.2807203
3287,0.6667,0.45417446,169.6313,200.58214,6.003,0.17427406
13,0.6667,1.1280487,171.3624,694.8669,-2.0974,1.2465416
3280,2.0,2.0315573,133.021,126.56332,-6.4052,1.3342788
2588,1.5,1.6244553,177.7765,174.31339,5.5985,1.4442375
2998,3.0,3.0011654,182.8033,205.99496,-10.3027,1.7028769
898,1.5,0.74866927,239.5306,404.59924,6.5093,-0.4664387
2346,0.2,0.25291592,621.8692,618.3479,5.5445,-0.76070076
2852,1.5,1.4213369,107.372,109.050804,-3.9753,0.5696978
3762,2.0,1.061478,149.9848,205.2674,-7.5457,0.99972254
151,0.125,0.15559508,194.1997,196.29305,-7.8845,-1.0782019
42,1.0,0.8844942,314.0954,689.66205,10.5113,0.73336875
3136,0.125,0.15791918,502.6534,507.31104,-10.1717,-1.238588
603,0.1667,0.24919051,112.9955,97.84213,7.1132,-0.2013477
3290,1.0,0.98108405,396.1413,443.156,1.3025,0.0143574765
916,3.0,3.0720918,98.8124,91.33608,6.1939,-0.4743405
2063,0.2,0.1726368,544.4077,636.1948,10.8001,-0.84231853
133,0.2,0.20945159,519.8532,691.0635,-1.9868,0.20321438
2011,3.0,3.0202491,141.8996,135.6349,-1.9142,0.27100745
3214,1.0,0.9912,127.6573,154.78181,10.3372,1.0440084
2197,0.25,0.1931259,182.7268,216.43437,9.3056,-0.4544272
1539,0.125,0.15881316,786.7456,609.15704,7.9927,-0.75647813
3165,0.1667,0.193995,696.8949,636.7494,-3.7758,-0.53637004
85,0.125,0.16463307,651.6787,655.74786,6.65,-0.2580314
1795,1.5,1.5262065,410.1823,416.7921,-1.9619,0.41471273
3198,3.0,3.0701172,97.2865,78.216805,5.9332,0.64017785
2371,1.0,0.5347296,79.6772,93.730644,0.8489,-1.060659
1140,1.5,2.1309566,842.8823,756.6025,6.6574,-0.041897327
563,4.0,2.3915026,525.6006,613.5791,-6.0553,-1.3890994
429,0.6667,0.540705,169.3082,145.79279,2.4491,-0.42175624
2338,3.0,2.8825607,234.7171,229.8765,-6.5334,0.41611737
259,0.25,0.28126174,87.5735,86.45029,-10.5139,0.48595196
1585,4.0,2.2437043,862.6484,738.0767,-7.755,0.8543724
2803,2.0,2.16153,340.0444,331.59656,-9.5628,0.067996874
2495,3.0,2.8168912,214.5853,219.56328,10.2094,1.1593275
1288,3.0,2.2594044,560.4047,671.2508,6.9463,0.60817504
787,0.1667,0.18540795,279.8852,306.73682,-1.6715,-0.18329416
2111,0.2,0.19304296,228.8569,203.0021,3.4668,-0.26383546
3703,0.6667,0.49045902,368.7743,463.14587,4.7653,-0.5238466
4,4.0,1.1078191,342.3453,153.3128,-3.6866,1.2962276
451,0.2,0.30757356,230.2288,209.67871,-1.234,0.25144166
2655,0.6667,0.2886334,79.381,86.86387,-11.8505,-0.34311128
3694,3.0,2.4905088,823.4528,728.26843,-11.5711,-1.7090675
3685,0.1667,0.23626257,84.4251,76.387505,3.4525,1.3330759
789,0.5,0.54503,802.9147,801.1044,-6.9664,0.6227869
1413,1.5,0.9557648,76.8371,94.94357,0.2457,0.68578005
277,0.6667,0.51175827,204.9969,247.21912,-0.3915,0.4247735
90,4.0,2.897715,97.3027,99.24829,10.3614,-0.29858834
2336,0.6667,0.31355205,67.1868,82.549904,10.267,0.45007432
2610,3.0,1.9118012,310.8728,351.76904,2.7404,-0.8682039
689,0.1667,0.2153098,92.6133,121.39385,-5.629,-0.25795197
3261,4.0,2.9576433,289.5407,388.6692,-7.841,-1.5324758
2614,1.0,0.7765793,95.8908,96.3223,0.0162,-0.37541246
2822,0.2,0.1631713,432.7937,464.89087,-3.2204,-1.291233
2288,0.2,0.22009344,100.9599,81.51452,-6.6345,-0.21402453
119,0.6667,0.69359046,140.2724,137.84776,11.5283,-0.36428946
2985,0.25,0.17809075,188.4294,245.29752,-8.6974,-0.94488704
2806,0.3333,0.1959975,112.326,123.040855,-8.2503,-1.1236947
1892,4.0,2.7808557,157.116,149.52008,5.6079,0.52832407
1598,1.5,0.9372621,156.4534,214.21379,-6.175,0.74783033
1121,0.125,0.1411105,627.7545,592.7417,-5.8901,-0.9083354
3412,0.1667,0.25001788,71.6829,78.6333,2.1684,0.2384116
3034,2.0,2.3244433,81.0511,83.55377,-0.5101,0.14620787
3579,3.0,1.0607547,355.0402,359.01083,0.736,0.88535935
3349,3.0,2.0400329,221.7117,263.3865,1.5001,0.5056142
2494,0.2,0.20418967,177.7649,128.0975,-2.5214,0.870103
3390,0.6667,0.56435966,229.7621,305.32962,6.5379,0.4600799
1875,1.0,0.9114056,138.4556,147.4808,-6.7376,-0.052923683
2808,1.0,0.86412334,66.4864,94.586975,4.0259,0.85024315
1613,0.125,0.22529894,115.7782,104.490585,10.9385,-0.82932574
459,0.3333,0.34222394,300.2651,276.78085,-6.1094,-0.4999138
968,2.0,2.7112544,143.9002,99.97818,10.6794,-0.15898585
3726,3.0,2.0207002,78.2615,75.67218,10.4758,0.4478674
1832,0.2,0.22609167,97.2739,87.24572,10.5516,0.28116152
163,0.2,0.17612553,309.4497,286.3751,4.1647,-0.7402202
2993,3.0,2.6272547,319.588,340.2652,-4.5816,-0.79124874
3323,1.5,3.0436902,173.6813,102.401665,7.5613,-0.30929458
750,1.0,1.3215845,564.2729,535.3603,5.6564,0.28855026
2773,0.3333,0.35639673,416.2247,399.46698,-11.7165,-0.18202841
925,0.3333,0.4554447,236.4525,216.61264,0.9413,-0.5000755
350,0.5,1.0171,672.4669,782.8545,-3.1313,2.2233925
2466,3.0,1.8602663,148.4265,174.18051,1.0243,1.4795561
651,2.0,1.2893997,134.0002,127.30532,-8.513,0.20141405
3452,4.0,3.4780035,135.9177,138.47232,-0.9668,1.9071473
2373,3.0,1.5376946,158.0806,159.28076,6.4957,0.7008128
3972,0.3333,0.29126802,724.8044,690.71094,0.4211,-0.7156332
2797,0.6667,0.6823591,657.5628,541.9457,-9.5903,-0.4134364
3047,0.1667,0.21667619,75.0055,76.26349,-3.6086,-1.4285073
2917,0.125,0.20633669,165.4464,135.73447,-11.2937,-0.8152623
1944,0.1667,0.18683077,620.3882,622.68555,-1.3872,-0.9140841
2266,0.25,0.22274524,528.3931,624.03674,3.5593,-0.8006176
272,0.1667,0.33886936,117.4634,117.421104,2.9737,0.8555711
2520,1.0,1.5058926,591.7593,565.93524,10.9011,0.45975125
3964,0.125,0.1904523,129.7173,164.287,4.398,-0.25998145
378,2.0,1.2790394,305.5955,333.50073,1.7181,0.6644749
874,0.5,0.5378208,450.5308,500.99942,-6.3947,-0.17894289
3270,0.6667,0.5270294,405.233,423.5773,0.6288,-0.23120336
1534,0.1667,0.17892426,424.4804,324.63788,10.3925,-0.7655286
3563,0.25,0.23585638,481.6862,527.3252,-6.0898,-0.78084195
2465,0.1667,0.18175422,211.1953,211.96947,8.1926,-0.8802519
17,0.2,2.1699054,619.5643,731.17957,11.7832,-0.36892262
2704,1.5,1.6347231,435.783,507.17056,-1.8885,0.60370386
53,0.1667,0.20314397,340.4192,329.34628,7.9553,-0.846769
776,1.5,1.4245739,70.4122,99.417274,-3.3706,0.52876467
732,1.5,1.1901056,558.2344,466.90842,7.6705,1.1395261
3728,0.3333,0.20959179,126.306,123.45318,11.2897,-0.32483622
2616,3.0,1.9783571,655.1896,769.5375,-3.7257,1.596568
1541,0.125,0.15035991,804.9273,575.06287,-11.6422,-1.086242
3247,1.0,1.370219,524.0198,634.5396,8.5868,0.053189903
894,0.125,0.27435976,78.7253,84.360306,-0.8715,1.539568
582,0.5,0.4575324,161.8786,179.8854,9.8187,0.744803
3097,1.5,1.0758483,129.5325,194.49576,8.0339,0.8673054
284,0.1667,0.1857442,70.5957,90.770454,9.3941,-0.9963307
544,4.0,3.6882162,228.9209,243.52693,-6.5972,-0.24483173
1014,0.125,0.1941345,582.9405,499.72403,-7.1508,-0.9189407
1662,1.0,2.5971498,810.1173,793.18396,10.775,-0.17385338
2435,0.125,0.19235715,98.673,246.80634,-8.5747,-1.0078803
2647,1.5,1.2867992,264.6119,286.44516,0.7812,0.35012776
3594,3.0,1.5896508,274.6111,401.15128,3.3726,0.7039425
1362,0.25,0.342289,115.4989,134.12486,8.3305,0.7388363
307,1.5,2.445425,440.4879,436.33917,11.5038,-1.3270209
1188,1.5,0.9850756,189.2153,214.83441,-3.4574,0.6393093
2836,4.0,0.9841248,116.2228,140.60655,-9.2391,0.0060468973
2925,2.0,2.4736474,264.3726,278.93182,-8.1206,-0.043814793
961,3.0,3.6245317,95.6218,88.92393,0.5117,-0.6354415
2970,0.2,0.25355676,97.0008,85.80441,5.3187,-0.06793638
3133,4.0,2.1847272,355.1497,383.03015,2.7489,-1.2850641
1610,0.3333,0.45100898,390.4442,307.17245,11.3066,0.40504253
271,1.5,1.1102511,750.4862,758.2432,-6.9184,1.3593678
2410,0.1667,0.1811715,203.2151,180.52629,10.3486,-0.3607509
23,0.1667,1.4900122,102.8674,165.00969,-0.2642,1.3364841
1373,0.25,0.24502622,282.2126,378.40628,-8.1008,-0.3800261
2664,3.0,2.2519732,67.2481,86.30722,-3.8522,0.8696163
2353,0.2,0.15346216,394.8112,499.6213,0.695,-1.1481135
3169,4.0,0.36410585,307.2711,631.47,4.045,0.51089275
3719,0.6667,0.5935742,113.9076,118.333595,-2.3802,0.39542347
199,1.5,1.2866589,90.0868,83.079025,-0.1017,-0.1625775
47,0.25,0.1702444,178.6814,191.70436,-8.2422,-0.98172045
1771,4.0,3.2968452,207.6369,194.92552,5.6132,1.234368
2872,0.1667,0.18463223,195.1725,225.68083,0.295,0.1951561
3997,0.25,0.51316684,170.8331,194.60101,10.8236,0.60522157
823,4.0,1.7385745,92.0662,81.35324,6.4005,-0.5319984
444,0.3333,0.17561127,89.466,150.30786,4.7309,0.21795562
557,0.1667,0.20238736,786.1729,693.2964,-11.6605,0.72564685
819,0.5,1.8584524,411.777,353.41687,-1.9879,0.8936797
2069,0.3333,0.22109143,320.6022,416.54477,3.1847,-0.4739243
2958,0.3333,0.2225003,76.9547,92.25443,-8.4146,0.38882834
1588,0.25,0.19380428,167.7811,208.95831,-5.99,0.20371059
2318,2.0,2.4379861,88.0505,87.9009,-2.4555,-0.62821966
3739,0.2,0.187951,127.5385,167.01082,-10.3468,-0.7801809
3785,0.2,0.23165913,77.0099,80.108955,-11.952,-0.37697974
1281,0.25,0.19593394,189.0394,229.22105,2.3674,-0.43981773
4015,0.1667,0.18029103,457.0599,441.40533,1.4893,-1.0763142
3766,0.2,0.19614092,338.9351,247.55345,10.8989,-0.48506045
3544,0.1667,0.23469043,199.3124,195.05873,5.5817,-0.56342876
3269,1.5,1.2501895,189.029,175.45155,-7.9155,0.95449394
4077,0.5,0.26198566,83.7989,86.13923,-10.1177,-0.72672
2644,1.0,1.1905968,213.715,183.27869,-5.6476,1.0354497
1772,4.0,2.5791323,718.1335,689.5576,-3.0054,-0.88609165
4017,0.2,0.20228696,313.9337,257.5492,-3.5897,-0.39716873
3919,0.1667,0.17445248,122.1932,136.11053,1.0231,-0.565386
3831,0.1667,0.16311903,143.0918,179.17722,9.5239,-1.3366907
1987,0.125,0.20984428,87.7491,86.02602,-11.5952,-0.88882756
2524,4.0,3.469122,347.1073,423.0146,-10.9675,-2.5106556
2242,0.5,0.38469517,533.5269,692.3346,-9.1258,-0.24938975
1937,1.0,1.3228773,135.8034,167.91129,-11.7584,1.17389
1777,0.2,0.2016027,140.3008,113.26215,1.5736,-0.9674744
1820,0.6667,0.41218156,608.9826,670.48047,0.5519,-0.6554919
1360,0.3333,0.21191752,73.432,80.99362,0.3389,-0.6069319
3771,2.0,1.6825911,139.6926,140.34529,-9.7672,1.5475563
3910,0.6667,0.31858072,475.9402,689.081,-3.1537,-0.53997535
3451,3.0,2.2751696,84.4011,82.71585,-3.0705,-0.6761991
1009,3.0,0.5078347,79.0045,79.95215,-10.9109,-0.5758245
303,0.1667,0.25636137,257.866,205.33356,1.2897,-0.13397786
3222,1.0,1.0137742,80.817,97.75954,1.2812,-0.13006152
149,1.5,1.2941911,72.468,113.69927,-9.9619,0.45040756
1296,0.125,0.15328221,443.7869,524.4902,-2.9491,-1.1116936
900,0.6667,0.5139845,100.3347,109.33787,-1.109,0.24710986
454,0.6667,0.50472987,821.6938,762.7723,-6.9303,1.5489267
667,1.0,0.7635015,383.0389,418.40283,-4.8183,-0.089306824
3223,0.1667,0.16007054,259.3579,247.57521,-4.1974,-1.3015276
3383,0.1667,0.21343409,65.6802,81.01172,-1.3435,-0.33181602
1609,4.0,1.6683139,829.5088,800.9439,-8.6479,1.0352888
2501,0.2,0.2836915,101.7083,85.56139,-7.2663,0.086300835
18,4.0,0.34336013,340.2483,213.00136,0.2324,0.8401567
3708,1.0,1.0765929,155.5565,175.11362,-0.5823,0.7491535
1536,3.0,2.2395911,104.1569,97.7649,0.2985,0.07565275
1367,0.125,0.16480759,164.8194,183.13928,-8.24,-0.96323186
858,1.0,0.9454751,72.398,100.147545,7.5026,-0.088877365
1727,0.125,0.20483129,376.2231,300.34647,-10.6496,-0.3671973
3206,1.5,1.8685977,365.9825,342.43884,6.6339,-0.35010165
1601,3.0,3.0493531,329.6949,285.60718,8.1636,0.39488167
1054,1.5,1.8269088,107.4251,97.485825,5.8462,0.5159496
3244,2.0,1.3127419,70.4649,82.467766,-3.6886,0.2575949
1097,0.2,0.22420676,686.8565,594.3064,-5.7242,-0.71081245
4028,1.5,1.0384974,65.1436,102.76309,-7.6618,-0.015411825
2780,0.5,0.55556595,638.9547,676.5067,-8.8074,-0.22045204
3958,0.1667,0.18992731,309.9921,294.1896,7.208,-0.8821259
761,0.1667,0.20781425,87.1067,92.20139,-1.7906,-0.5079798
1244,0.2,0.18595234,444.6323,537.296,-1.2135,-1.0432713
1770,0.6667,0.59487665,111.6379,83.58493,-2.2697,-0.5422413
204,0.3333,0.21158805,70.6149,80.88279,8.4732,-0.705079
2443,0.2,0.19307567,91.1586,92.334755,6.0171,-1.021272
2328,2.0,1.5510887,485.5304,505.00006,-8.4133,0.15230602
1447,2.0,2.9278884,231.0426,199.66122,2.5698,0.9670834
2128,2.0,2.6732976,223.0398,176.18619,2.1597,1.4071306
1322,0.25,0.1955954,478.8285,578.17584,6.756,-1.0160452
587,0.5,0.5134453,183.9363,192.99066,-2.1014,0.45536077
1116,0.125,0.23146033,145.9969,138.86621,0.9695,-0.021698156
3447,1.0,0.6807234,99.8142,107.429665,-9.346,-0.07978347
2097,1.5,0.99025214,172.3477,215.51381,-7.5204,1.1324751
1821,0.3333,0.2533634,403.1179,274.5281,-10.2814,0.39266288
341,0.25,0.22258253,84.9746,78.047554,-5.7241,-0.013334812
1366,3.0,3.535869,94.7178,82.648895,11.9141,-0.997386
2523,0.5,0.572773,187.5528,167.55879,10.5464,0.50886405
2607,0.1667,0.15053144,363.8508,519.2768,2.7095,-1.0792602
3398,0.6667,0.53868896,823.291,644.4793,7.0854,0.15732077
3190,1.5,0.9106402,236.7059,324.76367,-0.3925,0.4608279
590,1.0,0.7909284,402.2341,422.07327,-5.7159,0.056469798
2233,0.2,0.16700467,233.9372,255.16118,9.6554,-0.35782605
3641,0.1667,0.19621082,169.866,168.0016,-5.1655,0.32578298
2586,0.3333,0.24192867,93.057,86.863785,2.4723,0.4908008
2753,3.0,2.667452,249.5453,275.5544,-8.4974,0.48568356
2038,1.5,0.65060747,600.8726,723.12213,-6.6314,0.804833
1575,1.5,1.6744398,292.169,247.58119,-6.0425,0.8649737
1729,0.6667,0.2599304,88.2666,103.33997,-1.6339,0.39727092
1897,0.3333,0.19061193,444.9074,617.56647,6.3571,-0.49390754
2775,0.3333,0.2595073,129.6035,124.56977,8.8713,-0.630903
1336,0.2,0.21152498,121.1292,108.43279,-2.2391,-0.78473026
4052,3.0,2.3110673,204.5957,218.925,-1.0709,1.1795822
2289,0.2,0.1970963,841.5364,753.13245,-3.4652,0.08789176
845,0.25,0.17693782,170.3465,215.90773,3.4871,0.085727274
2935,0.25,0.21716626,548.3341,691.12885,-11.8942,-0.46649593
2932,1.0,0.27760133,79.2139,80.963455,11.1408,-0.9319088
2086,0.5,0.4569527,358.7691,407.91046,-9.2139,-0.120624825
607,0.1667,0.23830703,140.1247,136.46553,0.7297,-0.6723323
3875,1.5,1.5862036,65.1121,78.68754,2.9488,0.76040775
2807,0.2,0.21436603,732.0212,689.5914,-10.757,-0.40404564
1326,0.6667,0.42885086,333.8241,528.4177,3.2012,-0.3582684
3532,0.2,0.23840156,73.4706,81.21725,5.6615,-0.67882997
693,0.125,0.16771868,201.092,175.58069,-9.558,-1.174138
2000,1.5,1.5126963,706.9511,747.7823,5.367,1.8190517
3387,0.2,0.21548335,872.7928,746.3368,1.8873,0.62649685
209,4.0,3.3728817,276.5352,251.61029,-6.8067,-0.41547233
186,2.0,1.4050617,326.2274,332.93176,8.4532,-0.6836919
3929,0.3333,0.4456393,818.3827,587.16425,-3.9281,-0.7183243
2829,0.125,0.1590252,275.2665,292.9331,-8.9715,-0.7704934
3467,1.0,1.0638319,108.5274,102.02343,2.6075,-0.039066255
2408,1.0,0.9735294,167.8869,166.77467,4.0665,0.82596964
1858,0.2,0.14949246,466.4169,602.4088,3.0281,-0.84508127
397,0.125,0.17938575,442.0491,404.6538,-3.8506,-1.1618211
2605,4.0,0.452799,576.8359,722.1109,0.2604,0.3423943
3362,0.2,0.16793293,159.1046,174.75504,8.4026,-0.94520926
2431,0.6667,0.5632177,286.7323,282.32898,-10.0817,0.5109105
4079,1.5,0.7412182,644.1411,627.48157,-2.0361,-0.13373043
2381,2.0,2.9188905,110.749,81.99583,4.7759,0.8344705
276,2.0,2.601627,97.4858,80.18986,11.6157,0.09819171
1429,0.1667,0.17325592,620.5373,652.0504,0.3131,-0.63090867
2183,0.1667,0.15885827,426.5212,550.7705,9.8209,-1.0276109
2041,2.0,1.1755131,526.5846,743.39435,-0.9579,1.706093
402,2.0,2.5908363,82.0305,83.04946,10.5014,-0.66603094
2848,0.3333,0.2648924,260.8208,242.01105,7.9139,-0.11728926
288,0.6667,0.40124422,67.2761,81.625595,-9.5104,0.5354045
2873,0.5,0.22083561,96.5608,96.81703,6.9101,-0.30802804
1798,0.3333,0.28404674,276.2933,250.15337,-1.7288,0.19297677
1751,1.0,2.1576672,811.0814,657.0457,-11.3397,0.03916323
715,1.0,0.91579354,133.7021,163.862,-2.5045,0.9597613
3680,0.2,0.16486372,153.2655,183.61015,4.1502,-0.78320116
2365,0.1667,0.19807376,66.2156,77.04993,10.4294,-0.11192052
837,4.0,2.0021925,638.584,665.9102,-10.352,-0.12921552
2508,3.0,2.7090507,271.235,258.08673,-9.4337,0.6819805
2388,0.25,0.15842704,317.8013,476.348,3.7949,-1.0869248
863,0.6667,0.29284194,82.0935,82.831245,-1.1028,0.59908193
2176,0.2,0.21254358,66.7569,80.10689,4.2796,-0.48467526
3285,0.6667,0.6145659,169.3944,190.96523,9.8289,-0.29408345
3058,0.6667,0.5429301,757.9488,572.15875,-5.1838,0.5332579
3224,4.0,2.2961197,660.8879,712.7051,4.7292,-0.82637465
3993,0.2,0.18990895,686.8611,676.8189,7.0259,-0.30272463
1011,0.5,0.48984852,567.5407,532.7211,4.9174,-0.72255456
3658,0.3333,0.34856015,846.9013,716.0632,11.281,-0.42156643
974,0.125,0.13807063,494.5638,552.25543,-10.2294,-0.7272589
1312,3.0,2.2076454,65.5928,79.30448,-6.4531,0.20909026
592,0.25,0.21952368,500.2368,575.5044,10.6195,-0.8595506
1635,0.6667,0.46659902,108.7077,114.72294,11.0734,0.3451041
107,1.0,0.9384119,214.1102,215.7759,-1.1761,0.025628088
2409,0.125,0.20843148,155.3151,105.385666,-1.8554,-0.24697183
1341,0.25,0.21294975,498.8717,646.4967,-2.1249,-0.90538025
3937,0.6667,0.30168536,125.7187,145.60509,-8.3665,0.72052777
1535,3.0,3.4857848,199.347,150.01529,9.8755,1.9379202
758,1.5,2.02236,746.7974,692.8694,2.0085,0.7842554
292,0.6667,0.41917256,121.4097,157.22878,-8.593,0.30661473
3631,0.125,0.17782146,461.423,424.65778,5.2575,-1.1389176
1071,0.25,0.2614035,82.0067,81.26765,10.6872,-0.7981928
518,0.3333,0.3199979,236.5104,244.94826,-2.4968,0.04558544
2945,0.2,0.14822109,404.7808,432.8095,-3.9255,-1.4380833
3656,0.5,0.38329878,559.8711,544.3552,-8.2144,-0.83410704
972,1.0,0.74041504,397.0603,486.4898,7.8113,-0.524186
1154,3.0,0.7798206,152.5335,172.42542,-1.0791,0.75978774
258,0.25,0.16825964,429.9732,533.30634,-5.8217,-1.0834724
513,0.125,0.16613814,167.9449,214.24268,-6.5943,-0.46488726
2662,0.3333,0.48261628,454.6396,331.86652,10.9441,0.14250398
412,4.0,3.1264014,74.3875,81.57192,-7.4962,-1.0006982
2145,0.3333,0.26764822,845.1555,740.7929,-10.4941,-0.2770792
2927,1.5,2.7434075,145.4513,97.22351,2.8715,-0.31873003
3619,0.3333,0.2995673,854.2422,777.1401,-9.6487,0.19125035
2646,0.6667,0.65935516,315.0149,229.48523,7.8314,0.5533173
2912,1.5,2.082027,333.99,324.01743,7.1371,-0.33859122
2019,2.0,2.0846686,175.8272,175.45654,-6.2851,0.9198232
3896,0.6667,0.6243985,134.3833,92.13401,-10.4156,0.38395324
2721,0.1667,0.20574953,70.3672,79.82353,-2.4755,-0.21065918
1207,3.0,1.7677624,566.2052,638.7409,10.8629,-0.039987534
2879,0.5,0.37467334,348.398,457.15067,1.0719,-0.22222906
2146,0.1667,0.18407845,781.2143,663.4374,6.1229,-0.26059833
3342,2.0,1.7102647,288.2136,323.24515,-8.6141,0.20878583
786,0.5,0.31208602,140.7408,172.17473,10.3545,0.28929102
467,1.0,1.5542779,458.4076,433.2466,-4.5716,0.16545665
2743,2.0,2.787642,114.5476,92.83763,-9.5531,-0.15334396
3713,2.0,1.727093,412.9137,421.8454,-10.8559,-0.2674665
3914,0.2,0.21363668,337.9419,331.9466,-11.8816,-0.069920234
405,1.5,0.9135699,201.1286,190.55496,4.4498,0.032705173
1240,1.0,1.4481137,660.5509,777.90533,5.7912,1.4184291
3965,0.25,0.21755986,470.4801,563.0098,6.358,-0.7520937
3645,0.125,0.1429886,582.8681,553.0928,2.4384,-1.0812898
2067,0.2,0.41070655,140.404,153.04453,7.0748,1.3067889
722,3.0,2.8592477,210.8312,199.58278,5.2181,0.38983417
66,3.0,1.8899076,870.9669,788.62036,7.032,2.1856308
3316,3.0,1.9555111,256.8247,306.05185,0.7551,-0.06313705
3970,2.0,1.4682521,309.7745,472.8637,-10.6762,1.240394
430,0.125,0.19648395,205.7911,221.24722,-9.0265,-0.8534521
2363,0.2,0.18894751,721.9678,708.1882,0.6534,0.044960782
2129,1.0,0.94126624,79.992,82.580246,2.394,-0.40323576
3472,0.6667,0.61546516,438.7778,398.4345,4.6225,0.4270298
680,1.5,1.5019242,559.4888,503.48642,-0.4179,0.37427536
2608,0.125,0.22845781,107.7399,95.20955,-9.9022,0.76129055
2697,2.0,1.7635189,150.6446,154.11905,5.2514,1.1728739
3478,2.0,0.8332075,142.0511,163.98509,7.1838,1.2989007
2573,0.25,0.20089108,540.2105,633.42065,-10.3175,-0.708423
1170,0.1667,0.15583134,433.3651,534.72577,-9.001,-1.0913326
1242,3.0,2.0695572,96.9752,128.24696,-5.2757,0.70016336
1368,1.0,0.7796805,142.2249,174.13722,9.9316,0.3127768
120,1.5,1.9336408,685.2672,772.5804,-5.2451,1.3287288
3227,0.25,0.31977165,154.403,131.89267,4.5913,-0.57351536
3059,3.0,1.8176078,127.6813,195.12675,-2.3163,0.9713704
2148,0.5,0.6388819,295.0566,238.06044,10.9949,-0.29333645
3132,0.125,0.16231264,353.4533,358.79138,-0.2452,-0.79471934
3215,0.25,0.35043404,291.0965,259.87277,6.8695,-0.49690825
1189,0.5,0.293411,104.3356,162.22604,2.3219,0.201944
2951,0.6667,1.082408,858.1624,630.2881,-11.698,0.8431024
1111,0.2,0.33823895,80.0844,101.9399,8.4627,-0.10222666
4003,0.125,0.15097891,330.3867,380.66302,2.6463,-1.0455258
1960,0.3333,0.35789123,163.7998,133.13579,1.9268,0.23136914
146,0.125,0.21632144,229.6415,199.34366,-8.8465,-0.017456355
2996,0.6667,0.808224,350.3727,231.8026,11.1429,-0.5526515
617,0.5,0.79352885,845.0214,743.06616,-4.1888,0.5701918
3096,0.3333,0.34987846,288.2086,276.3965,6.8975,0.08132894
2309,2.0,0.7555352,121.7423,160.43019,-9.6207,1.3378786
1979,0.125,0.13418786,838.8396,624.55255,5.999,-0.8118552
989,0.1667,0.20683934,138.5115,149.36636,-9.4578,-0.35876623
1057,2.0,1.215823,123.4935,167.93437,-4.7662,0.4629066
1391,0.5,1.3135041,528.6356,824.7324,-9.5184,2.0555308
613,0.25,0.19796574,489.9795,649.99207,-7.8665,-0.60376894
681,0.5,0.4502693,150.9131,148.59467,-0.9866,0.1806654
60,0.1667,0.16102572,557.7925,543.59326,-5.3634,-1.0394838
1342,4.0,3.0012918,82.8406,82.93381,-11.6392,0.6534346
1995,3.0,1.407968,583.7717,608.1335,-6.0258,0.920173
372,0.5,0.5059358,125.4685,121.77695,-3.4448,0.663776
3894,0.125,0.1567268,843.0124,633.5446,3.9093,-0.50777507
1671,0.1667,0.16768904,440.4934,486.30426,6.374,-0.9053932
1091,0.5,0.47976345,135.6341,154.73726,4.7,0.5280932
2476,1.5,1.1411744,178.8208,214.58177,4.579,0.87314963
736,2.0,1.1720805,428.2407,440.4039,-1.0156,0.09707455
1434,0.5,0.2378126,82.4371,89.77099,-5.2208,0.871646
4033,1.0,0.77799726,201.4963,236.98828,-2.5126,0.55912673
1563,1.0,1.2282674,678.3008,665.16754,-0.6649,1.4751099
3386,4.0,1.773016,536.9692,647.7124,9.2634,0.025965272
864,3.0,1.2912879,355.2059,500.31302,3.3025,1.6239257
2537,1.0,0.73616266,319.1809,384.5104,8.1482,0.49978846
3335,0.2,0.21010359,105.2586,90.85167,-10.2383,-1.0026358
2858,0.6667,0.4922999,729.1723,637.44257,7.2279,-0.18973993
3191,1.0,0.7796102,256.0866,325.44662,2.9851,0.33384484
2042,0.3333,0.31479275,95.4785,81.50231,11.3686,0.68379843
1353,3.0,1.8090357,157.3188,183.20958,-0.6993,0.98982126
2660,3.0,2.2938411,370.5444,404.2739,-1.0265,-0.83186084
1187,4.0,2.6949084,160.4619,192.80405,-7.99,0.7168858
2638,1.0,0.7554568,159.1948,195.3102,9.8583,0.6272783
321,2.0,1.5584455,791.7249,762.30145,-11.8752,1.31426
2893,0.6667,0.82283455,225.0475,171.53198,-4.427,-0.1661452
1887,1.5,2.731084,375.273,227.43703,4.6697,0.84132165
2500,0.25,0.2204903,129.1566,159.24922,-8.3499,-0.4043308
933,3.0,2.9458797,109.3051,92.20947,11.2904,1.2778245
1843,0.1667,0.21472037,750.8027,613.3086,-8.3843,-0.5537658
2193,2.0,1.9078138,786.0783,783.01337,-3.3962,0.72979796
711,1.0,1.188678,121.9842,125.33744,9.0983,0.24812227
400,3.0,3.3193393,214.6948,202.90001,1.4627,1.0527692
176,0.1667,0.20171522,607.2398,614.4079,1.5246,-0.7890169
1863,0.3333,0.2081622,117.0532,156.56386,4.9867,0.45990235
374,0.2,0.31826457,209.8213,182.32184,-11.7822,0.27826908
707,1.0,0.77922183,121.1069,176.79028,2.5022,0.61618674
2486,0.25,0.20532985,478.6065,560.36066,3.554,-0.8850135
2827,0.2,0.1738908,268.8872,260.82227,3.4907,-0.43769684
3046,1.5,1.6061584,381.9477,322.95764,-0.6615,-0.20654926
2626,1.0,0.60463893,81.2428,81.30039,-4.1898,0.25357124
2212,0.3333,0.42215788,263.6046,193.59024,0.1931,-0.49426448
1580,4.0,1.0808573,500.8713,621.2067,-3.4178,0.21076679
2037,0.5,0.40852943,110.6244,119.202934,8.833,0.5501937
657,1.5,1.0591575,74.7413,110.8575,4.5035,1.0211606
4064,0.3333,0.3929503,279.7581,276.0569,-0.2174,-0.45110092
733,2.0,2.8609445,285.2102,216.65117,10.446,0.32687548
1262,0.25,0.20984781,154.4764,203.32228,-9.5109,-0.72026426
1487,1.0,1.6419063,836.8281,793.1352,8.7452,1.4063289
943,1.0,1.6719563,623.9525,664.9258,-11.9877,0.72216326
3683,2.0,3.0264952,251.5081,220.27051,11.4971,0.38673055
3294,1.0,0.46414414,117.4611,170.11601,-11.7594,0.3434629
2012,2.0,2.28367,160.0699,130.61362,7.2866,0.5519753
1763,0.25,0.23328826,570.001,655.90137,-2.3062,-0.59993595
125,0.2,0.23886085,101.9247,84.29127,-11.3829,-0.94397706
871,0.1667,0.14639124,404.6133,533.1365,0.7422,-0.9649363
2659,2.0,2.7058446,232.1549,213.13924,-6.5569,0.79343754
3085,0.6667,0.39741346,863.0626,769.4011,7.0588,0.44729787
432,1.5,1.1281366,116.3948,163.25389,8.1829,1.0475187
1040,1.0,0.9089698,315.6095,343.6534,-8.4506,-0.7240311
256,0.2,0.2252202,110.1098,98.9326,-1.2334,0.12367569
1590,0.5,0.28932112,78.2266,78.378914,3.162,0.88813955
3180,0.2,0.17564255,108.7769,96.30419,-2.9906,-1.9823205
1333,2.0,2.7719476,143.8487,100.354004,11.0543,0.25036323
3084,4.0,1.5221679,737.812,793.4336,4.8795,1.529332
3414,0.2,0.15667138,225.2317,252.69289,-2.7197,-1.2567327
3082,2.0,2.92042,103.021,80.99627,-0.1738,-0.38926008
212,4.0,2.1716075,693.7651,785.0367,-5.0155,0.64549935
2021,0.1667,0.238525,767.769,667.70197,4.5019,-0.7191988
2142,0.6667,0.66441554,114.1807,103.56106,-11.4892,-0.45507598
1505,0.25,0.2101288,721.969,717.01996,-7.7547,0.33306333
2682,1.5,2.0036178,497.0366,500.9024,-11.1894,-0.6114378
3876,0.1667,0.16121483,243.4268,224.55367,5.6807,-1.0625468
1419,0.25,0.27506164,68.0716,125.63366,9.256,-0.59967434
3308,0.6667,0.3302987,805.7078,756.9552,9.537,1.7778262
1274,0.2,0.15674911,239.7621,266.8175,-0.0982,-0.44147885
2798,0.25,0.1792423,247.9347,321.29865,-11.1344,-0.80849785
3437,0.6667,0.41620484,178.0729,193.85506,7.7489,0.3940652
3736,0.25,0.1669311,424.3889,540.9099,-10.5452,-0.97183913
506,1.5,0.68293744,68.3888,78.342575,10.5846,-0.07940711
343,4.0,2.0126874,613.8373,764.06415,1.9133,0.9363753
1908,4.0,2.9038835,75.2322,83.43723,-8.2616,-0.40948802
970,0.125,0.15300113,593.5152,522.8587,-6.8104,-0.89220685
3492,0.25,0.14140339,420.1493,681.5997,2.2174,-0.18244427
2924,0.1667,0.18608277,573.096,499.1763,4.0599,-0.88096786
1932,3.0,2.777849,76.1967,74.41992,-6.1876,-0.39024213
1978,0.6667,1.1091074,322.0049,194.4829,1.5548,-0.05987922
684,0.6667,0.49074078,765.7654,698.1279,-8.8851,0.60647464
3507,0.5,0.6369361,475.0686,558.5496,-0.5116,0.3552426
3405,4.0,2.1089625,303.6555,314.1569,-2.6421,-0.08341446
2073,0.5,0.6933386,317.5813,333.8746,-9.8621,0.27542266
1561,0.25,0.33187562,69.1791,76.08573,9.2693,-0.59236354
3737,1.0,0.8138224,303.3783,341.2922,-2.9793,0.5837156
922,4.0,3.4850638,101.6472,96.49106,5.5297,1.571011
2175,3.0,2.2443788,66.3589,85.10908,0.6831,0.07575278
3755,0.3333,0.2745408,146.1669,137.9893,-10.4845,0.5083309
3376,0.2,0.15996249,217.5701,265.73868,-1.8364,-1.0606124
139,0.3333,0.31072304,117.848,99.81161,6.1597,-0.6387047
1755,1.5,2.035289,659.2988,661.5888,11.085,0.5309001
2522,0.3333,0.3376534,65.9987,91.734344,-11.2535,0.29842877
1204,1.5,1.4272842,105.4999,120.485634,-9.6598,0.7592939
1042,0.3333,0.19931997,94.5665,87.0885,0.8256,-0.45330924
2921,0.1667,0.19103017,632.6199,665.56604,9.8478,-0.68137366
3392,0.1667,0.22016159,249.4113,315.46503,-7.5718,-0.3554877
2006,0.25,0.36117905,351.3903,474.08905,11.1003,-0.558754
263,0.3333,0.38344172,221.1687,205.115,6.7756,0.35605285
262,3.0,3.0920486,431.0956,331.53125,10.6155,-1.7678797
3961,2.0,2.4175284,224.531,225.50687,7.3085,0.44987
2511,2.0,2.088763,161.3567,128.00499,0.9083,1.24516
1915,3.0,1.1060972,298.2186,254.00185,-0.1683,0.88243544
2268,1.5,1.588837,222.588,208.64912,8.9938,1.0045366
2479,0.125,0.25860307,203.843,182.86505,-7.9095,-0.66290665
3321,0.6667,0.2787832,397.9835,323.21243,4.4025,0.2059682
3525,0.6667,0.5032105,527.6198,534.00836,6.4801,-0.32504016
1833,4.0,3.665632,167.0269,144.1909,-8.9255,0.5868047
3393,0.1667,0.26104036,257.3547,246.8521,-8.6377,-0.66303974
2056,0.1667,0.23032208,136.0057,116.87052,1.8208,0.3543411
1691,0.25,0.3192075,423.8539,358.16745,8.1176,-0.052371915
3797,2.0,2.074883,101.5548,105.63428,8.5619,0.5996573
2257,0.1667,0.16795298,799.9708,655.5572,-11.3406,-0.7620253
2681,0.6667,0.28302172,92.9427,82.65408,-8.5543,0.6056257
1147,1.5,0.6809579,128.9924,180.53572,-7.6805,-0.013543018
1309,0.3333,0.42078972,385.6622,353.48535,10.4375,-0.48606423
1936,3.0,2.5281582,81.0094,82.19825,-10.9927,0.7775459
646,1.5,1.8469486,96.813,103.54162,7.1969,0.5092446
795,0.2,0.21746984,68.7487,81.92658,-0.9154,-1.3169158
564,0.125,0.2622695,99.1102,93.55122,-6.0087,-0.8758281
2896,2.0,1.837854,320.9019,270.0671,2.0136,0.6297752
729,2.0,1.8266226,73.551,78.192924,-11.7469,-0.4879115
3644,0.1667,0.18421398,196.3165,201.90398,4.3431,-0.60382295
712,0.2,0.19168334,692.0291,646.6702,11.7163,-0.4879419
2914,0.25,0.16024038,223.7336,299.97504,-1.4379,-1.1128764
862,0.5,0.4753701,109.6553,113.173805,9.9639,0.35389626
3373,3.0,2.8582635,349.1708,290.36746,-9.4966,-0.34431955
2307,3.0,2.5672233,350.2821,338.04166,6.1356,-0.69885355
2582,0.1667,0.142999,796.6071,666.68494,0.672,-0.44171238
2298,2.0,1.0888697,555.4209,637.8367,-5.8579,0.9995112
2301,3.0,2.0010471,429.3056,390.00027,-0.4425,-0.07391178
588,0.6667,0.42524046,95.1582,82.86002,6.5069,0.56632835
3560,0.125,0.17525145,261.8171,203.2659,1.6962,-0.582058
1253,1.5,0.8020164,271.15,235.48834,10.9269,0.7931464
3262,1.5,2.1791039,761.6327,746.322,7.7981,-0.69654423
2757,1.0,0.54970294,107.2744,105.529625,10.486,-0.5195577
2434,0.125,0.1581138,678.9272,668.80414,-9.7041,0.22616228
674,1.5,1.4248035,335.8304,295.9873,6.2293,0.89469486
851,1.5,0.8941843,226.2434,267.37915,3.7429,0.7080823
231,0.25,0.30986685,231.8525,217.94667,-3.5464,0.056786746
3597,0.2,0.18827142,319.0874,333.32483,-9.2484,-0.4088737
791,3.0,2.1417215,593.5634,705.877,-5.2289,-0.32398343
2094,0.2,0.21381342,539.5682,577.1807,-4.8447,-0.8537353
226,0.2,0.18983029,732.8942,658.98,-11.3636,-0.38476872
2540,0.3333,0.2541914,645.2819,650.8683,-11.7113,-0.7839953
976,2.0,1.0291407,135.1192,168.2238,1.7448,0.9003028
3620,0.2,0.19331388,91.8772,88.83585,2.173,-1.2463706
1329,0.25,0.23675564,287.5476,320.87778,-3.8585,-0.72377825
759,1.0,0.36255047,83.8299,78.04157,-6.167,0.24378657
2174,1.5,0.94673765,873.925,829.0396,-1.5509,1.814362
2284,4.0,1.2685567,514.6844,652.6119,-8.2244,-0.048779525
2103,0.6667,0.6976006,277.0113,243.22327,6.3771,0.3877728
3952,0.5,0.28364402,68.3732,82.28749,-5.9982,-0.5160646
1837,0.125,0.16014177,663.9215,575.24536,3.2107,-1.0233041
4048,0.1667,0.1646805,320.7272,339.7696,6.0332,-1.3414929
994,1.5,1.8029697,168.4969,125.72068,-4.3926,1.1369213
401,2.0,2.2489247,700.6248,770.4088,-10.8743,0.49428642
3016,0.3333,0.28645495,435.7106,443.24036,10.9921,-0.4177892
1885,0.5,0.3719785,143.6158,191.8622,-9.6776,0.28258845
1019,0.3333,0.2534752,171.8835,180.19717,6.6789,-0.013824427
2663,0.2,0.18004377,725.328,753.1753,-2.9985,2.0368335
4062,4.0,3.167463,89.9334,86.0085,-2.4682,0.20316198
3189,0.25,0.22125621,158.6509,185.6577,9.3809,0.17952383
2622,1.0,0.85265887,369.339,370.1632,-2.0552,0.30966726
3564,0.125,0.16563419,603.3423,527.692,-1.475,-1.117817
937,1.0,0.9582454,302.27,298.40076,-7.839,-0.39090627
228,1.5,1.6899326,635.7289,645.5713,7.85,0.4305697
317,1.0,0.82068604,499.7901,428.2526,5.7015,0.14682582
561,0.125,0.21454044,242.3329,268.60397,-1.4275,0.25588733
2595,3.0,2.9694664,80.1217,83.34333,4.0246,-0.38981897
3899,0.1667,0.18975393,253.3915,236.01703,-2.0355,0.3410434
62,0.2,0.17850684,625.1525,648.3515,8.6021,-0.615145
3627,0.3333,0.21082488,755.5977,713.4027,0.3321,0.103861526
1458,1.0,0.8184598,341.6157,438.07727,8.2624,-0.010491558
1847,3.0,3.4857543,344.4578,286.46408,11.7568,-1.1513188
1306,0.3333,0.19152772,118.5609,113.953476,1.044,-0.75570065
550,0.2,0.21607934,103.3243,87.29715,-3.7761,-1.1164111
3605,1.5,0.8763701,209.7375,219.98596,-0.0037,0.92437404
2475,0.6667,0.5830835,272.3236,257.01212,5.0828,0.5498259
721,0.5,0.42371562,193.0998,214.09607,-8.1625,0.731858
2186,0.125,0.15436809,160.8833,183.021,-3.3549,-1.2740605
3947,0.6667,0.6235503,454.0325,460.6373,-0.4634,-1.1705467
4047,0.5,0.8391444,379.5393,327.30768,-9.4558,0.90060896
3407,3.0,3.2647521,110.7228,112.61641,-7.4987,-0.11275572
853,0.3333,0.24019574,142.8679,165.33461,3.998,-0.023299659
1544,0.1667,0.15946391,278.7347,333.51947,5.8072,-0.6354373
3055,3.0,0.61529064,119.7332,191.73029,9.8412,0.95735544
2669,1.5,1.9629209,667.5408,764.7605,11.7549,0.088376135
3890,0.25,0.2301727,860.457,676.725,-11.9189,-0.17570701
1966,0.25,0.30398777,91.1961,81.8098,4.653,0.21073556
122,0.1667,0.1858915,119.3199,123.448654,-10.6354,-0.6714875
1010,4.0,3.5658631,107.327,103.67716,10.6977,1.6044811
2928,4.0,2.68355,300.8224,321.21072,-0.1874,0.13723013
1255,0.3333,0.25112242,78.8957,88.45394,5.5684,-0.55495375
2131,0.1667,0.19407609,414.6733,417.35535,-7.0076,-0.7084623
1003,4.0,3.22008,313.7657,358.39243,-8.8759,-2.4725118
229,0.2,0.2640997,102.0035,87.97325,1.2271,-0.737038
3002,0.125,0.24986953,102.8773,91.62998,-1.2329,-0.8943373
604,3.0,1.8643501,343.2042,362.50085,6.0907,0.7875721
2140,3.0,1.2473265,836.3762,821.3391,1.3778,1.971481
2395,2.0,1.6473525,66.0897,82.10284,-9.9024,-0.38202298
2144,3.0,0.89467883,179.6593,264.5257,-1.043,0.6890298
931,0.1667,0.20336767,109.2319,94.88268,7.9143,-1.0521713
1718,0.5,0.26348433,96.4104,94.12896,-11.0903,0.06700374
1396,0.25,0.24372883,291.0968,286.124,9.7005,-0.647657
2824,0.1667,0.1787008,324.8393,334.35696,-0.0195,-0.7308233
1141,0.5,0.4882648,366.0716,392.81607,1.3125,-0.1803789
4076,1.0,1.5602615,830.1681,756.9667,-10.0182,2.087278
2265,4.0,2.9921029,140.6329,174.09833,-1.3741,1.4374455
1323,0.6667,0.4805405,543.9619,546.1628,9.2297,-0.19538885
320,4.0,1.3295286,583.9197,605.3072,-10.0534,0.22216034
1078,4.0,3.209472,345.3772,290.96445,10.4412,-1.1038312
278,2.0,1.983268,523.7173,615.1784,10.7278,-0.5593386
1988,0.5,1.5294734,67.2532,83.57891,-6.7195,0.82774144
2709,0.1667,0.1938471,121.2006,113.10851,0.9037,-1.0147645
3104,3.0,2.7358432,191.6586,196.1689,2.7113,0.8467905
3778,0.5,0.59823966,641.3143,659.74756,4.3531,0.15602091
3774,0.6667,0.4614832,514.6155,583.4245,-7.1027,-0.3435128
2521,3.0,2.535904,130.6661,124.06409,7.2334,0.41914314
1313,3.0,1.8592117,136.9389,178.16084,-6.5432,0.79565173
203,4.0,1.344552,624.0519,726.3415,-10.9514,1.1331164
2547,3.0,2.783566,281.4693,253.53172,-11.7931,0.34548944
261,0.25,0.22995377,107.7645,122.06927,9.9908,-0.102058716
1548,0.1667,0.15201049,353.2544,432.84842,2.7315,-0.9532612
3076,3.0,3.2740657,98.851,82.755035,-2.07,-0.47389463
832,0.25,0.23464222,115.4258,138.97011,5.6584,-0.49247396
1304,4.0,3.6265497,91.6823,83.45257,3.2202,1.2222443
1531,0.5,0.39910474,337.3394,447.59567,9.3543,-0.4726485
112,1.5,1.7116777,536.8267,640.49725,3.7403,1.169041
559,0.25,0.23505315,573.5178,631.895,9.2644,-0.6815457
298,3.0,2.5762165,399.6394,373.33273,-11.5227,-0.8972754
3425,0.25,0.28203374,623.0168,636.682,8.6554,-0.7806084
516,1.0,0.8673903,528.9664,593.18463,9.0431,-0.1452256
889,0.25,0.24445267,98.068,100.72818,-2.4636,-0.3094475
2032,1.0,0.96951276,149.3102,186.38068,-8.7418,0.06578694
1417,3.0,3.2008896,143.08,152.66779,8.8466,0.43579614
3473,3.0,2.3983908,486.4207,515.5037,-8.7256,-1.0971521
1199,0.1667,0.15668644,395.2389,479.3716,-9.5818,-1.196303
521,0.3333,0.25900662,147.6713,142.28712,-5.024,-0.19533083
1750,3.0,3.065178,158.2351,121.90013,-5.9811,2.0749037
3118,1.0,1.3254079,530.0201,524.6778,-8.0253,0.33622608
909,1.5,1.8085326,680.5403,737.8421,9.3456,0.94569856
3221,1.0,0.8109282,676.1864,720.79846,11.929,0.9800685
244,4.0,1.655367,879.3459,799.5046,-4.1768,2.3475862
3930,4.0,1.5417985,442.1684,416.18832,3.2839,-0.2952839
1504,0.125,0.22635873,94.0082,77.21073,8.871,1.1552515
3979,0.2,0.26667336,107.0113,85.76599,7.0874,-0.8324221
2090,2.0,0.8829468,164.5418,193.25485,-6.6252,0.8086152
2055,0.25,0.19053732,555.2105,654.7638,-5.9102,-0.7726183
469,0.3333,0.39107475,461.8577,377.53354,2.7054,-0.13185099
2025,0.5,0.438344,90.3983,79.25731,2.578,0.60433686
954,0.25,0.16792032,135.4062,209.30412,-5.7889,-0.760331
3509,1.5,1.1568023,413.9255,502.87308,-6.3259,0.564169
4093,0.2,0.19677882,627.8727,581.47437,-7.8299,-0.8830586
2448,0.3333,0.24772574,536.8778,504.75375,-8.3408,-0.7263184
3258,0.6667,0.26896954,75.0305,81.71152,-11.5533,-0.4946395
2449,1.5,1.2510114,261.7271,320.99997,11.2975,-0.034698486
2788,0.125,0.18983768,407.3119,514.15875,-8.6309,-0.8917595
2237,0.6667,0.46111292,329.3575,446.50696,-0.914,-0.47021782
3266,4.0,3.265091,339.8495,265.56906,11.7202,-0.61791104
2149,0.5,0.69949794,302.5791,296.3352,-11.9394,0.37837002
921,3.0,2.205202,365.711,378.51712,-4.0603,-0.012920485
2747,0.125,0.14614324,746.4525,667.7969,7.7327,0.26474395
1457,0.6667,0.50264764,155.9458,187.24524,-10.8144,0.67400885
3005,4.0,1.4332805,678.3576,676.54425,10.866,1.2569339
2695,0.3333,0.2860954,123.5719,108.14067,11.6294,0.015329122
3375,0.2,0.264239,303.6806,308.4197,1.6981,0.16443706
975,2.0,1.5439844,202.1475,201.57918,-0.9921,1.0040946
3666,1.0,1.105276,252.0772,329.6571,-0.4636,0.6388872
1527,0.125,0.19475578,65.8657,84.52578,-1.8249,-0.868729
509,4.0,2.6292222,496.2409,725.378,6.3031,-0.5371044
3513,0.125,0.15581469,312.9251,372.45718,9.4259,-1.327879
4045,0.3333,0.41131377,80.0344,84.72636,11.1222,-0.56040627
1164,0.1667,0.22812231,87.5944,87.731316,3.5725,0.3371788
2819,3.0,2.0896587,784.5265,786.6445,-8.9723,0.6247898
27,0.2,1.60296,131.9452,766.05115,1.0711,1.363507
4043,0.25,0.19841723,209.7,201.39153,5.769,-0.83253753
3793,0.125,0.26283205,101.7052,88.9914,5.054,0.45247924
726,0.2,0.17688271,713.2694,662.00354,-8.2901,-0.33289647
3880,2.0,1.1309421,791.9656,751.1551,-1.2014,0.98476404
