cat__algorithm_loss,cat__algorithm_sparse_categorical_accuracy,cat__env1_curve_attack_loss,cat__env1_curve_attack_sparse_categorical_accuracy,cat__env1_curve_decay_loss,cat__env1_curve_decay_sparse_categorical_accuracy,cat__env1_curve_release_loss,cat__env1_curve_release_sparse_categorical_accuracy,cat__env2_curve_attack_loss,cat__env2_curve_attack_sparse_categorical_accuracy,cat__env2_curve_decay_loss,cat__env2_curve_decay_sparse_categorical_accuracy,cat__env2_curve_release_loss,cat__env2_curve_release_sparse_categorical_accuracy,cat__env3_curve_attack_loss,cat__env3_curve_attack_sparse_categorical_accuracy,cat__env3_curve_decay_loss,cat__env3_curve_decay_sparse_categorical_accuracy,cat__env3_curve_release_loss,cat__env3_curve_release_sparse_categorical_accuracy,cat__env4_curve_attack_loss,cat__env4_curve_attack_sparse_categorical_accuracy,cat__env4_curve_decay_loss,cat__env4_curve_decay_sparse_categorical_accuracy,cat__env4_curve_release_loss,cat__env4_curve_release_sparse_categorical_accuracy,cat__env5_curve_attack_loss,cat__env5_curve_attack_sparse_categorical_accuracy,cat__env5_curve_decay_loss,cat__env5_curve_decay_sparse_categorical_accuracy,cat__env5_curve_release_loss,cat__env5_curve_release_sparse_categorical_accuracy,cat__env_carrier_curve_attack_loss,cat__env_carrier_curve_attack_sparse_categorical_accuracy,cat__env_carrier_curve_decay_loss,cat__env_carrier_curve_decay_sparse_categorical_accuracy,cat__env_carrier_curve_release_loss,cat__env_carrier_curve_release_sparse_categorical_accuracy,cat__style_loss,cat__style_sparse_categorical_accuracy,detune_head_loss,detune_head_mae,detune_head_mse,env_head_loss,env_head_mae,env_head_mse,freq_head_loss,freq_head_mae,freq_head_mse,index_head_loss,index_head_mae,index_head_mse,loss,other_head_loss,other_head_mae,other_head_mse,phase_head_loss,phase_head_mae,phase_head_mse,ratio_head_loss,ratio_head_mae,ratio_head_mse,val_cat__algorithm_loss,val_cat__algorithm_sparse_categorical_accuracy,val_cat__env1_curve_attack_loss,val_cat__env1_curve_attack_sparse_categorical_accuracy,val_cat__env1_curve_decay_loss,val_cat__env1_curve_decay_sparse_categorical_accuracy,val_cat__env1_curve_release_loss,val_cat__env1_curve_release_sparse_categorical_accuracy,val_cat__env2_curve_attack_loss,val_cat__env2_curve_attack_sparse_categorical_accuracy,val_cat__env2_curve_decay_loss,val_cat__env2_curve_decay_sparse_categorical_accuracy,val_cat__env2_curve_release_loss,val_cat__env2_curve_release_sparse_categorical_accuracy,val_cat__env3_curve_attack_loss,val_cat__env3_curve_attack_sparse_categorical_accuracy,val_cat__env3_curve_decay_loss,val_cat__env3_curve_decay_sparse_categorical_accuracy,val_cat__env3_curve_release_loss,val_cat__env3_curve_release_sparse_categorical_accuracy,val_cat__env4_curve_attack_loss,val_cat__env4_curve_attack_sparse_categorical_accuracy,val_cat__env4_curve_decay_loss,val_cat__env4_curve_decay_sparse_categorical_accuracy,val_cat__env4_curve_release_loss,val_cat__env4_curve_release_sparse_categorical_accuracy,val_cat__env5_curve_attack_loss,val_cat__env5_curve_attack_sparse_categorical_accuracy,val_cat__env5_curve_decay_loss,val_cat__env5_curve_decay_sparse_categorical_accuracy,val_cat__env5_curve_release_loss,val_cat__env5_curve_release_sparse_categorical_accuracy,val_cat__env_carrier_curve_attack_loss,val_cat__env_carrier_curve_attack_sparse_categorical_accuracy,val_cat__env_carrier_curve_decay_loss,val_cat__env_carrier_curve_decay_sparse_categorical_accuracy,val_cat__env_carrier_curve_release_loss,val_cat__env_carrier_curve_release_sparse_categorical_accuracy,val_cat__style_loss,val_cat__style_sparse_categorical_accuracy,val_detune_head_loss,val_detune_head_mae,val_detune_head_mse,val_env_head_loss,val_env_head_mae,val_env_head_mse,val_freq_head_loss,val_freq_head_mae,val_freq_head_mse,val_index_head_loss,val_index_head_mae,val_index_head_mse,val_loss,val_other_head_loss,val_other_head_mae,val_other_head_mse,val_phase_head_loss,val_phase_head_mae,val_phase_head_mse,val_ratio_head_loss,val_ratio_head_mae,val_ratio_head_mse,learning_rate,epoch,num_group_mse_mean,val_num_group_mse_mean,cat_acc_mean,val_cat_acc_mean,cat_loss_mean,val_cat_loss_mean
2.0611631870269775,0.210999995470047,1.16415536403656,0.5676666498184204,1.1697373390197754,0.5649999976158142,1.174647569656372,0.5608333349227905,1.1790093183517456,0.5566666722297668,1.1744581460952759,0.5638333559036255,1.178591012954712,0.5541666746139526,1.157536506652832,0.5713333487510681,1.158567190170288,0.5718333125114441,1.1809816360473633,0.5556666851043701,1.182096004486084,0.5546666383743286,1.1702710390090942,0.5631666779518127,1.1820714473724365,0.5548333525657654,1.1893086433410645,0.5491666793823242,1.185452938079834,0.550166666507721,1.170241355895996,0.5641666650772095,1.1709139347076416,0.562833309173584,1.1729310750961304,0.5643333196640015,1.1891000270843506,0.5533333420753479,0.33572858572006226,0.8996666669845581,0.3927491009235382,0.8403184413909912,1.0118417739868164,0.40784135460853577,0.8639993667602539,1.0017410516738892,0.23945526778697968,0.692334771156311,0.7275450229644775,0.3472335636615753,0.7511501312255859,1.0480819940567017,6.016557216644287,0.36138826608657837,0.7848994731903076,1.0534166097640991,0.41068294644355774,0.8688701391220093,1.0085797309875488,0.4043582081794739,0.8443582653999329,1.009155035018921,2.0749313831329346,0.20533333718776703,1.2281159162521362,0.5246666669845581,1.2239819765090942,0.5366666913032532,1.2566888332366943,0.5586666464805603,1.2529298067092896,0.5073333382606506,1.2059670686721802,0.5600000023841858,1.2379555702209473,0.5546666383743286,1.2666219472885132,0.5460000038146973,1.2445975542068481,0.5659999847412109,1.219700574874878,0.578000009059906,1.1840875148773193,0.5659999847412109,1.2746549844741821,0.5586666464805603,1.251369595527649,0.5726666450500488,1.362242341041565,0.3400000035762787,1.2128984928131104,0.559333324432373,1.161085605621338,0.593999981880188,1.2567991018295288,0.5433333516120911,1.202736258506775,0.5773333311080933,1.3573262691497803,0.40666666626930237,0.3427717983722687,0.9053333401679993,0.3942083418369293,0.8434611558914185,1.017503261566162,0.4153936803340912,0.8740100264549255,1.0416338443756104,0.25353333353996277,0.7250047922134399,0.7886896729469299,0.37281501293182373,0.7867951393127441,1.1628954410552979,6.195797443389893,0.3753540515899658,0.804704487323761,1.1281861066818237,0.42099225521087646,0.8809524178504944,1.0645066499710083,0.4108746647834778,0.8681688904762268,1.0319970846176147,0.0010000000474974513,0,1.0221360325813293,1.0744537313779194,0.5597166672348977,0.5380333296954631,1.1773481160402297,1.2408731296658515
2.0551371574401855,0.21699999272823334,1.1571028232574463,0.5711666941642761,1.1640392541885376,0.5678333044052124,1.1634182929992676,0.5659999847412109,1.1696476936340332,0.5616666674613953,1.1661689281463623,0.5680000185966492,1.1701854467391968,0.5606666803359985,1.150607943534851,0.5764999985694885,1.1490446329116821,0.578166663646698,1.1735860109329224,0.5598333477973938,1.1722944974899292,0.559166669845581,1.161454439163208,0.5690000057220459,1.1722829341888428,0.559499979019165,1.1766068935394287,0.5553333163261414,1.1790897846221924,0.5554999709129333,1.1617056131362915,0.5683333277702332,1.1640727519989014,0.5676666498184204,1.1650375127792358,0.5666666626930237,1.1763010025024414,0.5573333501815796,0.3289906978607178,0.9008333086967468,0.39247897267341614,0.8400643467903137,1.0106128454208374,0.40828433632850647,0.8647109270095825,1.0034024715423584,0.2059231996536255,0.6189644932746887,0.605821430683136,0.34616702795028687,0.7494393587112427,1.0505200624465942,5.931813716888428,0.36062443256378174,0.7821304798126221,1.0554498434066772,0.4111202657222748,0.8695210218429565,1.0089027881622314,0.4031558334827423,0.8437078595161438,1.003153681755066,2.219632387161255,0.22599999606609344,1.2524782419204712,0.5699999928474426,1.1772679090499878,0.5673333406448364,1.2631144523620605,0.5460000038146973,1.2709670066833496,0.3933333456516266,1.2281267642974854,0.5246666669845581,1.2477973699569702,0.5546666383743286,1.212647795677185,0.5460000038146973,1.3231674432754517,0.5740000009536743,1.1756501197814941,0.5706666707992554,1.3965877294540405,0.5659999847412109,1.7394107580184937,0.21533332765102386,1.4136927127838135,0.5726666450500488,1.2752569913864136,0.54666668176651,1.197097659111023,0.5400000214576721,1.1480087041854858,0.593999981880188,1.244594931602478,0.5333333611488342,1.1812175512313843,0.5600000023841858,1.5253958702087402,0.5586666464805603,0.40153613686561584,0.9053333401679993,0.39823582768440247,0.8492904305458069,1.0305612087249756,0.43046069145202637,0.8954784870147705,1.1102209091186523,0.2904133200645447,0.7941533923149109,1.1893885135650635,0.35830387473106384,0.7682669162750244,1.0939198732376099,6.501638889312744,0.4301232397556305,0.8850113749504089,1.473806619644165,0.4169921875,0.8764351606369019,1.0412392616271973,0.4271257221698761,0.8764744400978088,1.1197775602340698,0.0010000000474974513,1,1.0220069487889607,1.1449209054311116,0.5643083296716214,0.5332333326339722,1.1688387155532838,1.29468242675066
2.0601890087127686,0.21383333206176758,1.1610040664672852,0.5695000290870667,1.1714425086975098,0.5669999718666077,1.1706969738006592,0.5640000104904175,1.1751258373260498,0.5605000257492065,1.1704176664352417,0.5671666860580444,1.177181363105774,0.5601666569709778,1.154989242553711,0.5756666660308838,1.1549099683761597,0.577833354473114,1.1777231693267822,0.559333324432373,1.1802462339401245,0.5586666464805603,1.1659581661224365,0.5684999823570251,1.1775306463241577,0.5586666464805603,1.1841131448745728,0.5550000071525574,1.1841866970062256,0.5551666617393494,1.1702404022216797,0.5678333044052124,1.1710232496261597,0.5661666393280029,1.1742186546325684,0.565500020980835,1.1819711923599243,0.5561666488647461,0.330769419670105,0.9006666541099548,0.39297008514404297,0.8408504128456116,1.0124988555908203,0.408883273601532,0.8653801083564758,1.007079005241394,0.21600565314292908,0.6421341896057129,0.6471923589706421,0.346581369638443,0.7501041889190674,1.0493216514587402,5.965467929840088,0.3613896071910858,0.7823054790496826,1.0574135780334473,0.41140636801719666,0.8699479103088379,1.0104228258132935,0.40398523211479187,0.8448981642723083,1.0080783367156982,2.0447611808776855,0.22466666996479034,1.1684930324554443,0.5686666369438171,1.1899299621582031,0.5586666464805603,1.1810287237167358,0.5586666464805603,1.1771248579025269,0.5613333582878113,1.176845908164978,0.5600000023841858,1.2354158163070679,0.5546666383743286,1.2014487981796265,0.5460000038146973,1.1590545177459717,0.5680000185966492,1.1680265665054321,0.5793333053588867,1.1664522886276245,0.5659999847412109,1.141766905784607,0.5786666870117188,1.1734795570373535,0.5726666450500488,1.212526559829712,0.5513333082199097,1.1937025785446167,0.5333333611488342,1.1471022367477417,0.593999981880188,1.2237207889556885,0.5433333516120911,1.150256872177124,0.5773333311080933,1.232807993888855,0.5586666464805603,0.31564784049987793,0.9053333401679993,0.3911835849285126,0.8400877118110657,0.9979084730148315,0.4130144715309143,0.8716310858726501,1.0303130149841309,0.29556578397750854,0.8105170130729675,1.0629174709320068,0.35195863246917725,0.7555192112922668,1.099062442779541,6.127848148345947,0.3579268455505371,0.7728745341300964,1.046887993812561,0.4111783504486084,0.8688986897468567,1.0135588645935059,0.4044223725795746,0.846940279006958,1.006864070892334,0.0010000000474974513,2,1.024135708808899,1.0324324766794841,0.5633666634559631,0.563033328205347,1.1746968805789948,1.1829796493053437
2.051865339279175,0.21966665983200073,1.1559433937072754,0.5713333487510681,1.160436749458313,0.5680000185966492,1.160660982131958,0.5661666393280029,1.1681849956512451,0.5618333220481873,1.1616121530532837,0.5680000185966492,1.1675682067871094,0.5605000257492065,1.1449824571609497,0.5764999985694885,1.1450310945510864,0.5788333415985107,1.1702684164047241,0.5603333115577698,1.1705793142318726,0.559333324432373,1.1571362018585205,0.5693333148956299,1.1706503629684448,0.559499979019165,1.1759177446365356,0.5554999709129333,1.1745281219482422,0.5554999709129333,1.159846544265747,0.5684999823570251,1.1592936515808105,0.5676666498184204,1.162297010421753,0.5669999718666077,1.1731367111206055,0.5575000047683716,0.3243861198425293,0.9010000228881836,0.39208516478538513,0.8397477865219116,1.0087742805480957,0.40745002031326294,0.863246738910675,1.0025309324264526,0.21421419084072113,0.6392061114311218,0.6355214715003967,0.34606778621673584,0.7492613792419434,1.0517159700393677,5.942104339599609,0.3603370487689972,0.7812631130218506,1.055293083190918,0.4105367064476013,0.8685689568519592,1.007482886314392,0.40360596776008606,0.8442968726158142,1.0050112009048462,2.0459768772125244,0.21133333444595337,1.1585813760757446,0.5699999928474426,1.1578313112258911,0.5693333148956299,1.206065058708191,0.5253333449363708,1.1673334836959839,0.559333324432373,1.1763852834701538,0.5600000023841858,1.1941121816635132,0.5440000295639038,1.2140527963638306,0.54666668176651,1.1510595083236694,0.5740000009536743,1.1517583131790161,0.5793333053588867,1.1613152027130127,0.5659999847412109,1.1505358219146729,0.5786666870117188,1.1577165126800537,0.5633333325386047,1.1786348819732666,0.5526666641235352,1.1624966859817505,0.559333324432373,1.1286765336990356,0.593999981880188,1.2126268148422241,0.5433333516120911,1.1475638151168823,0.5773333311080933,1.2007701396942139,0.5293333530426025,0.31279462575912476,0.9053333401679993,0.39248013496398926,0.8408252000808716,1.006030797958374,0.4076060354709625,0.8645362257957458,1.00532066822052,0.3511107861995697,0.9210057258605957,1.5666645765304565,0.351949542760849,0.7572574019432068,1.0833171606063843,6.246185779571533,0.3551897704601288,0.778944194316864,1.021690011024475,0.4115504026412964,0.8695573806762695,1.014326572418213,0.4130150079727173,0.855476975440979,1.0451040267944336,0.0010000000474974513,3,1.0218013922373455,1.0292982061704,0.5645999938249588,0.5604333341121673,1.165716278553009,1.1718143612146377
2.0516600608825684,0.218833327293396,1.153124213218689,0.5713333487510681,1.1568810939788818,0.5680000185966492,1.1594486236572266,0.5661666393280029,1.1648404598236084,0.5618333220481873,1.160163164138794,0.5680000185966492,1.1650142669677734,0.5606666803359985,1.1446870565414429,0.5764999985694885,1.1435450315475464,0.5788333415985107,1.1672189235687256,0.5603333115577698,1.1684210300445557,0.559333324432373,1.1568429470062256,0.5693333148956299,1.1687780618667603,0.559499979019165,1.1729609966278076,0.5554999709129333,1.1729388236999512,0.5554999709129333,1.1579959392547607,0.5684999823570251,1.1592904329299927,0.5676666498184204,1.1596500873565674,0.5669999718666077,1.1732782125473022,0.5575000047683716,0.324562668800354,0.9010000228881836,0.39206114411354065,0.8396942615509033,1.0082893371582031,0.40768980979919434,0.86354660987854,1.0026733875274658,0.21945814788341522,0.6515692472457886,0.6503064632415771,0.34620797634124756,0.7496967911720276,1.0515037775039673,5.950870513916016,0.3605397045612335,0.7823348045349121,1.0548527240753174,0.4103793799877167,0.8684959411621094,1.006500482559204,0.4032512605190277,0.8431843519210815,1.0046846866607666,2.048600196838379,0.22599999606609344,1.1543389558792114,0.5699999928474426,1.164965033531189,0.5686666369438171,1.167492151260376,0.5586666464805603,1.1655588150024414,0.5653333067893982,1.1682676076889038,0.5600000023841858,1.1765671968460083,0.550000011920929,1.1937099695205688,0.5460000038146973,1.1446255445480347,0.5740000009536743,1.164661169052124,0.5753333568572998,1.1613757610321045,0.5659999847412109,1.137061595916748,0.5786666870117188,1.1495786905288696,0.5726666450500488,1.1785898208618164,0.5526666641235352,1.1601468324661255,0.559333324432373,1.1239570379257202,0.593999981880188,1.189663052558899,0.5433333516120911,1.1496680974960327,0.5773333311080933,1.167733907699585,0.5586666464805603,0.3172481060028076,0.9046666622161865,0.3902098536491394,0.8381741642951965,0.9936218857765198,0.4068039059638977,0.8635646104812622,0.999329686164856,0.2989780604839325,0.8176575303077698,1.0282783508300781,0.35317257046699524,0.7595189809799194,1.0701590776443481,6.103572368621826,0.35244959592819214,0.7716888785362244,1.025151014328003,0.4098263084888458,0.8671398162841797,1.0087357759475708,0.4003021717071533,0.8376255631446838,0.9955806732177734,0.0010000000474974513,4,1.0214173992474873,1.0154296855131786,0.5645666599273682,0.5650666616857052,1.1640651047229766,1.1641904771327973
2.0487358570098877,0.21966665983200073,1.1515185832977295,0.5713333487510681,1.1579785346984863,0.5680000185966492,1.1580584049224854,0.5661666393280029,1.1644341945648193,0.5618333220481873,1.1591684818267822,0.5680000185966492,1.1645275354385376,0.5606666803359985,1.1434372663497925,0.5764999985694885,1.1425083875656128,0.5788333415985107,1.167784571647644,0.5603333115577698,1.16866934299469,0.559333324432373,1.156496524810791,0.5693333148956299,1.1674094200134277,0.559499979019165,1.1729137897491455,0.5554999709129333,1.1727975606918335,0.5554999709129333,1.1552963256835938,0.5684999823570251,1.15891695022583,0.5676666498184204,1.1584974527359009,0.5669999718666077,1.1716430187225342,0.5575000047683716,0.32437291741371155,0.9010000228881836,0.392311692237854,0.8401286602020264,1.0094339847564697,0.40834805369377136,0.8646077513694763,1.004581332206726,0.22673407196998596,0.6673241257667542,0.6759954690933228,0.3452630341053009,0.7483952045440674,1.0474454164505005,5.962403774261475,0.3603801131248474,0.7809299230575562,1.0555851459503174,0.410627156496048,0.8688827157020569,1.0075459480285645,0.40360963344573975,0.8438119292259216,1.0069352388381958,2.073958158493042,0.20733332633972168,1.1620638370513916,0.5673333406448364,1.1537436246871948,0.5699999928474426,1.170910120010376,0.5586666464805603,1.1651705503463745,0.5666666626930237,1.1693432331085205,0.5613333582878113,1.1707324981689453,0.5553333163261414,1.195353627204895,0.5419999957084656,1.1462452411651611,0.5746666789054871,1.146994948387146,0.5793333053588867,1.1571077108383179,0.5653333067893982,1.1407363414764404,0.5786666870117188,1.1574413776397705,0.5680000185966492,1.1875221729278564,0.5513333082199097,1.1940217018127441,0.5486666560173035,1.1268616914749146,0.593999981880188,1.1988704204559326,0.5346666574478149,1.182342529296875,0.5546666383743286,1.1684999465942383,0.5580000281333923,0.3287348449230194,0.8960000276565552,0.3893977105617523,0.8370854258537292,0.9909623265266418,0.4118884205818176,0.8710514903068542,1.0153833627700806,0.20882733166217804,0.6322681307792664,0.5859879851341248,0.3554924726486206,0.7630252838134766,1.0928971767425537,5.966565132141113,0.3552576005458832,0.7807539105415344,1.0194854736328125,0.413900762796402,0.8718644380569458,1.0278947353363037,0.40329495072364807,0.8458037376403809,1.0063486099243164,0.0010000000474974513,5,1.021921177705129,1.025495280822118,0.5646083265542984,0.5615999966859817,1.1632582560181617,1.1698327288031578
2.050196409225464,0.21950000524520874,1.1506673097610474,0.5713333487510681,1.1561046838760376,0.5680000185966492,1.1573822498321533,0.5661666393280029,1.163015365600586,0.5618333220481873,1.157285213470459,0.5680000185966492,1.164448618888855,0.5606666803359985,1.1433464288711548,0.5764999985694885,1.141634225845337,0.5788333415985107,1.166081428527832,0.5603333115577698,1.1675773859024048,0.559333324432373,1.156014084815979,0.5693333148956299,1.1673901081085205,0.559499979019165,1.172487735748291,0.5554999709129333,1.1726957559585571,0.5554999709129333,1.1552599668502808,0.5684999823570251,1.1576576232910156,0.5676666498184204,1.15824556350708,0.5669999718666077,1.1711839437484741,0.5575000047683716,0.3232439458370209,0.9010000228881836,0.39203038811683655,0.8394449353218079,1.008259892463684,0.4079038202762604,0.8639841079711914,1.0031287670135498,0.22145232558250427,0.6550253629684448,0.664393424987793,0.3456862270832062,0.7487528324127197,1.049255132675171,5.952433109283447,0.3603568971157074,0.7817925810813904,1.0546793937683105,0.4105437397956848,0.8688414096832275,1.0068769454956055,0.4036761522293091,0.8443333506584167,1.0064464807510376,2.0783426761627197,0.20800000429153442,1.160359501838684,0.5699999928474426,1.1634193658828735,0.5659999847412109,1.1935248374938965,0.5360000133514404,1.1610108613967896,0.5666666626930237,1.170930027961731,0.5600000023841858,1.167454481124878,0.5546666383743286,1.1985708475112915,0.5413333177566528,1.1567989587783813,0.5633333325386047,1.1759051084518433,0.5553333163261414,1.1882520914077759,0.5446666479110718,1.1420204639434814,0.5786666870117188,1.1631512641906738,0.5640000104904175,1.1822633743286133,0.5526666641235352,1.231122374534607,0.5233333110809326,1.1400721073150635,0.5853333473205566,1.1958175897598267,0.5386666655540466,1.142932653427124,0.5773333311080933,1.1694625616073608,0.5559999942779541,0.33057984709739685,0.8933333158493042,0.3894518315792084,0.8374323844909668,0.9917885065078735,0.4078711271286011,0.8648855090141296,1.0055891275405884,0.26361358165740967,0.7450904250144958,0.8046062588691711,0.35158199071884155,0.7568256258964539,1.073723554611206,6.061008453369141,0.35194873809814453,0.7658366560935974,1.0306572914123535,0.4136764705181122,0.8727381229400635,1.0236051082611084,0.3994498550891876,0.835154116153717,0.9915007948875427,0.0010000000474974513,6,1.021441102027893,1.0194773972034454,0.5645999938249588,0.5567666620016098,1.1625959023833274,1.1755995497107505
2.0492258071899414,0.21950000524520874,1.1518254280090332,0.5713333487510681,1.1565717458724976,0.5680000185966492,1.1576008796691895,0.5661666393280029,1.1637898683547974,0.5618333220481873,1.1578749418258667,0.5680000185966492,1.163561463356018,0.5606666803359985,1.142012596130371,0.5764999985694885,1.1421030759811401,0.5788333415985107,1.1659201383590698,0.5603333115577698,1.1673434972763062,0.559333324432373,1.155728816986084,0.5693333148956299,1.1666003465652466,0.559499979019165,1.1725839376449585,0.5554999709129333,1.1722005605697632,0.5554999709129333,1.1538900136947632,0.5684999823570251,1.1567672491073608,0.5676666498184204,1.158018946647644,0.5669999718666077,1.1707814931869507,0.5575000047683716,0.3238752782344818,0.9010000228881836,0.3919145166873932,0.8394209146499634,1.0080655813217163,0.40713396668434143,0.8629366159439087,1.000467300415039,0.2082003951072693,0.6277360916137695,0.6096516251564026,0.34574776887893677,0.7489136457443237,1.0502289533615112,5.923398017883301,0.3599560558795929,0.7804148197174072,1.0542235374450684,0.41016775369644165,0.8682308197021484,1.00580632686615,0.40343359112739563,0.8438469767570496,1.0039873123168945,2.064314842224121,0.20999999344348907,1.1554101705551147,0.5659999847412109,1.1552109718322754,0.5693333148956299,1.1684210300445557,0.5586666464805603,1.1758615970611572,0.5666666626930237,1.1693129539489746,0.5600000023841858,1.1778719425201416,0.5486666560173035,1.1985619068145752,0.5419999957084656,1.1475783586502075,0.5726666450500488,1.1541602611541748,0.578000009059906,1.163935661315918,0.5606666803359985,1.1425774097442627,0.5786666870117188,1.1534066200256348,0.5726666450500488,1.1886818408966064,0.5453333258628845,1.1931010484695435,0.5426666736602783,1.137004017829895,0.5899999737739563,1.1908832788467407,0.5419999957084656,1.1458932161331177,0.5773333311080933,1.1853914260864258,0.5479999780654907,0.3159906566143036,0.9053333401679993,0.3907289206981659,0.8392055034637451,0.9968150854110718,0.4086500108242035,0.8660922050476074,1.0064154863357544,0.3228796124458313,0.8652641773223877,1.4182815551757812,0.3508074879646301,0.7559190988540649,1.0580538511276245,6.18925666809082,0.35959571599960327,0.7818784117698669,1.0522106885910034,0.40883493423461914,0.8657838702201843,1.004380702972412,0.4081565737724304,0.8481358289718628,1.0311079025268555,0.0010000000474974513,7,1.0204631686210632,1.0248306194941204,0.5645999938249588,0.5617333270609379,1.1624138042330743,1.1691784605383873
2.050138235092163,0.2199999988079071,1.150713324546814,0.5713333487510681,1.1563369035720825,0.5680000185966492,1.1575772762298584,0.5661666393280029,1.164263129234314,0.5618333220481873,1.157268762588501,0.5680000185966492,1.1638097763061523,0.5606666803359985,1.1419715881347656,0.5764999985694885,1.1411336660385132,0.5788333415985107,1.1656125783920288,0.5603333115577698,1.1678049564361572,0.559333324432373,1.1556206941604614,0.5693333148956299,1.1668227910995483,0.559499979019165,1.1719249486923218,0.5554999709129333,1.1722298860549927,0.5554999709129333,1.1549855470657349,0.5684999823570251,1.1561559438705444,0.5676666498184204,1.1583222150802612,0.5669999718666077,1.171069622039795,0.5575000047683716,0.3224245011806488,0.9010000228881836,0.39197877049446106,0.8394153118133545,1.008655071258545,0.40745726227760315,0.8633933067321777,1.0011303424835205,0.20125840604305267,0.6133630871772766,0.5843814015388489,0.34561261534690857,0.7488523125648499,1.048187494277954,5.910210132598877,0.360383540391922,0.7816648483276367,1.0549427270889282,0.41030004620552063,0.8682809472084045,1.005892038345337,0.4033392071723938,0.8438856601715088,1.0044090747833252,2.036923885345459,0.22599999606609344,1.1546449661254883,0.5699999928474426,1.1559443473815918,0.5693333148956299,1.1715012788772583,0.5580000281333923,1.1581544876098633,0.5666666626930237,1.2591928243637085,0.515999972820282,1.1726744174957275,0.5513333082199097,1.2187035083770752,0.527999997138977,1.1684283018112183,0.5586666464805603,1.1471893787384033,0.5793333053588867,1.1577693223953247,0.5659999847412109,1.141977071762085,0.5786666870117188,1.1545979976654053,0.5713333487510681,1.1822000741958618,0.5513333082199097,1.1756991147994995,0.5513333082199097,1.1259334087371826,0.5933333039283752,1.203498125076294,0.531333327293396,1.1478838920593262,0.5773333311080933,1.2059242725372314,0.5333333611488342,0.33952513337135315,0.8846666812896729,0.38909196853637695,0.8365852236747742,0.9903435707092285,0.40680474042892456,0.8638063073158264,0.9975090622901917,0.3129984438419342,0.8445691466331482,1.0576002597808838,0.3498538136482239,0.7540425658226013,1.0759997367858887,6.128751754760742,0.35533130168914795,0.7812100648880005,1.023905873298645,0.41033032536506653,0.867861270904541,1.0081957578659058,0.4010026752948761,0.8395630717277527,0.9957795143127441,0.0010000000474974513,8,1.0205361247062683,1.015288919210434,0.5646249935030937,0.5580999933183193,1.162309317290783,1.173918290436268
2.048495054244995,0.21950000524520874,1.15056312084198,0.5713333487510681,1.1559875011444092,0.5680000185966492,1.1570771932601929,0.5661666393280029,1.1634620428085327,0.5618333220481873,1.1575061082839966,0.5680000185966492,1.163839340209961,0.5606666803359985,1.1414889097213745,0.5764999985694885,1.1408932209014893,0.5788333415985107,1.1665115356445312,0.5603333115577698,1.166711688041687,0.559333324432373,1.1557886600494385,0.5693333148956299,1.166463017463684,0.559499979019165,1.1712275743484497,0.5554999709129333,1.1709883213043213,0.5554999709129333,1.1547449827194214,0.5684999823570251,1.1568470001220703,0.5676666498184204,1.1581580638885498,0.5669999718666077,1.1713861227035522,0.5575000047683716,0.3239082992076874,0.9010000228881836,0.3919481635093689,0.8392418026924133,1.0084621906280518,0.40652307868003845,0.8621784448623657,0.9988265633583069,0.20324572920799255,0.6150202751159668,0.5885834097862244,0.3459354341030121,0.7492550611495972,1.0509270429611206,5.911842346191406,0.3603295385837555,0.7819579243659973,1.054970145225525,0.4104838967323303,0.8687790632247925,1.0061477422714233,0.4029838442802429,0.8437252640724182,1.0022755861282349,2.0565412044525146,0.21666666865348816,1.1560343503952026,0.5699999928474426,1.1649155616760254,0.5640000104904175,1.1681419610977173,0.5586666464805603,1.1564115285873413,0.5666666626930237,1.1708751916885376,0.5600000023841858,1.1707102060317993,0.5533333420753479,1.197643518447876,0.5460000038146973,1.1551094055175781,0.5646666884422302,1.1455978155136108,0.5793333053588867,1.1638596057891846,0.562666654586792,1.1415727138519287,0.578000009059906,1.1501805782318115,0.5699999928474426,1.1787526607513428,0.5526666641235352,1.1727280616760254,0.5546666383743286,1.1278377771377563,0.5920000076293945,1.19013512134552,0.5433333516120911,1.150156021118164,0.5740000009536743,1.1710350513458252,0.5559999942779541,0.31772705912590027,0.9053333401679993,0.38886675238609314,0.8369852900505066,0.9886619448661804,0.40490520000457764,0.8606682419776917,0.9939212799072266,0.2799120247364044,0.781450629234314,0.8567522764205933,0.3496491014957428,0.7537402510643005,1.0763630867004395,6.0597076416015625,0.351816862821579,0.76717209815979,1.027014970779419,0.4079442620277405,0.8645144104957581,0.9993152618408203,0.3998611271381378,0.8357096314430237,0.9905242323875427,0.0010000000474974513,9,1.0202682117621105,1.012633462746938,0.5645999938249588,0.5633999988436699,1.1621023878455161,1.165298269689083
2.047534704208374,0.21966665983200073,1.150998592376709,0.5713333487510681,1.1552364826202393,0.5680000185966492,1.1562942266464233,0.5661666393280029,1.1622388362884521,0.5618333220481873,1.1573607921600342,0.5680000185966492,1.1636688709259033,0.5606666803359985,1.1422162055969238,0.5764999985694885,1.1420800685882568,0.5788333415985107,1.1649211645126343,0.5603333115577698,1.16667640209198,0.559333324432373,1.1558239459991455,0.5693333148956299,1.1664632558822632,0.559499979019165,1.1714619398117065,0.5554999709129333,1.1718413829803467,0.5554999709129333,1.1550277471542358,0.5684999823570251,1.1571619510650635,0.5676666498184204,1.157220721244812,0.5669999718666077,1.1706998348236084,0.5575000047683716,0.32304203510284424,0.9010000228881836,0.39188387989997864,0.8395619988441467,1.007936716079712,0.40761128067970276,0.8636559844017029,1.001579761505127,0.20290987193584442,0.6158630847930908,0.5861632227897644,0.34571558237075806,0.749049961566925,1.050969123840332,5.910325050354004,0.35996198654174805,0.7808728218078613,1.0550371408462524,0.41025424003601074,0.8686748743057251,1.00577974319458,0.4029994010925293,0.8438422679901123,1.0027785301208496,2.040158748626709,0.2199999988079071,1.1556097269058228,0.5699999928474426,1.1591095924377441,0.5693333148956299,1.1661546230316162,0.5586666464805603,1.1827493906021118,0.5519999861717224,1.1721888780593872,0.5600000023841858,1.1698827743530273,0.5546666383743286,1.197121024131775,0.5460000038146973,1.1456674337387085,0.5740000009536743,1.1444904804229736,0.5793333053588867,1.16195809841156,0.5659999847412109,1.1394935846328735,0.5786666870117188,1.153225302696228,0.5706666707992554,1.179726243019104,0.5526666641235352,1.1733325719833374,0.5553333163261414,1.122412085533142,0.593999981880188,1.187824010848999,0.5433333516120911,1.1468592882156372,0.5759999752044678,1.1686948537826538,0.5580000281333923,0.3135042190551758,0.9053333401679993,0.3903503715991974,0.8385569453239441,0.9944906234741211,0.40750011801719666,0.864441990852356,1.004789113998413,0.349498450756073,0.9191674590110779,1.4346096515655518,0.34919998049736023,0.7533062100410461,1.058658480644226,6.197098731994629,0.35258784890174866,0.7729082107543945,1.0248316526412964,0.4086938202381134,0.865708589553833,1.0025867223739624,0.4030860662460327,0.8427299857139587,1.0016911029815674,0.0010000000474974513,10,1.0206801692644756,1.0145079493522644,0.5646083265542984,0.5641999945044518,1.1618984580039977,1.1640081465244294
2.047649621963501,0.21966665983200073,1.1504765748977661,0.5713333487510681,1.1560571193695068,0.5680000185966492,1.1571872234344482,0.5661666393280029,1.1633515357971191,0.5618333220481873,1.1575795412063599,0.5680000185966492,1.1631828546524048,0.5606666803359985,1.1424360275268555,0.5764999985694885,1.141130805015564,0.5788333415985107,1.1657823324203491,0.5603333115577698,1.1669784784317017,0.559333324432373,1.1553692817687988,0.5693333148956299,1.1661560535430908,0.559499979019165,1.1709657907485962,0.5554999709129333,1.1719470024108887,0.5554999709129333,1.1548371315002441,0.5684999823570251,1.1563911437988281,0.5676666498184204,1.1563841104507446,0.5669999718666077,1.1710344552993774,0.5575000047683716,0.32335007190704346,0.9010000228881836,0.39184752106666565,0.8392797708511353,1.0077836513519287,0.40698161721229553,0.8627370595932007,1.0000324249267578,0.22097356617450714,0.6543576121330261,0.6581509709358215,0.34560176730155945,0.7487971186637878,1.0501354932785034,5.946704387664795,0.3600689172744751,0.7808862328529358,1.0565868616104126,0.4101211726665497,0.8679496049880981,1.0055204629898071,0.40337759256362915,0.8434889316558838,1.0045744180679321,2.066375255584717,0.22066666185855865,1.1537648439407349,0.5693333148956299,1.159761905670166,0.5659999847412109,1.1673449277877808,0.5586666464805603,1.1696171760559082,0.5646666884422302,1.1718156337738037,0.5566666722297668,1.1835566759109497,0.5440000295639038,1.1918965578079224,0.5460000038146973,1.1485595703125,0.5720000267028809,1.15182363986969,0.5740000009536743,1.1758321523666382,0.5506666898727417,1.1406779289245605,0.578000009059906,1.160963535308838,0.5673333406448364,1.181247353553772,0.5513333082199097,1.1809781789779663,0.5479999780654907,1.1234650611877441,0.5933333039283752,1.1969068050384521,0.5386666655540466,1.1734058856964111,0.5673333406448364,1.1727256774902344,0.5519999861717224,0.32018014788627625,0.9013333320617676,0.3896631598472595,0.8377861380577087,0.992058515548706,0.41388416290283203,0.8728713393211365,1.0405269861221313,0.3101945221424103,0.8398069739341736,1.155474305152893,0.35367780923843384,0.7606033682823181,1.0720162391662598,6.155141353607178,0.357585072517395,0.777942955493927,1.0427519083023071,0.41085126996040344,0.8683142066001892,1.0135353803634644,0.40035945177078247,0.8379554748535156,0.990308403968811,0.0010000000474974513,11,1.0207722187042236,1.02519957224528,0.5646083265542984,0.5609999991953373,1.1619123578071595,1.1695449456572533
2.047605037689209,0.2199999988079071,1.1507866382598877,0.5713333487510681,1.1555299758911133,0.5680000185966492,1.1570314168930054,0.5661666393280029,1.162297010421753,0.5618333220481873,1.1569722890853882,0.5680000185966492,1.1630604267120361,0.5606666803359985,1.1418594121932983,0.5764999985694885,1.1410409212112427,0.5788333415985107,1.1655669212341309,0.5603333115577698,1.1660068035125732,0.559333324432373,1.1549971103668213,0.5693333148956299,1.1666854619979858,0.559499979019165,1.170992136001587,0.5554999709129333,1.1716729402542114,0.5554999709129333,1.1544106006622314,0.5684999823570251,1.1555308103561401,0.5676666498184204,1.1572401523590088,0.5669999718666077,1.1706238985061646,0.5575000047683716,0.3228689134120941,0.9010000228881836,0.3918118178844452,0.839139461517334,1.0076059103012085,0.40560588240623474,0.8605824112892151,0.9961369037628174,0.28306844830513,0.7860711812973022,0.8870372772216797,0.34562167525291443,0.7486064434051514,1.0497245788574219,6.070164203643799,0.35985511541366577,0.781033992767334,1.0538904666900635,0.4101625680923462,0.8682671785354614,1.0053598880767822,0.40379369258880615,0.8414067625999451,1.0064326524734497,2.042858839035034,0.2253333330154419,1.152666687965393,0.5699999928474426,1.1638972759246826,0.562666654586792,1.1669315099716187,0.5580000281333923,1.1594163179397583,0.5666666626930237,1.1732648611068726,0.5600000023841858,1.1687241792678833,0.5546666383743286,1.1957601308822632,0.5419999957084656,1.1499079465866089,0.5666666626930237,1.178533911705017,0.5606666803359985,1.1775829792022705,0.5566666722297668,1.1403263807296753,0.5786666870117188,1.1505577564239502,0.5726666450500488,1.1855133771896362,0.5493333339691162,1.1938320398330688,0.5433333516120911,1.1251379251480103,0.593999981880188,1.1896083354949951,0.5413333177566528,1.151591420173645,0.5706666707992554,1.1678203344345093,0.5580000281333923,0.3151666820049286,0.9053333401679993,0.3884870707988739,0.8357672691345215,0.9876394867897034,0.402875155210495,0.8568776249885559,0.9913049340248108,0.25881919264793396,0.7352275252342224,0.7757748365402222,0.3501223623752594,0.7546501755714417,1.059916615486145,6.0114922523498535,0.3560757637023926,0.7727324366569519,1.0416632890701294,0.4088808298110962,0.8656734824180603,1.002622365951538,0.40018677711486816,0.8349519968032837,0.9923563599586487,0.0010000000474974513,12,1.0198584000269573,1.0125838418801625,0.5646249935030937,0.5618333339691162,1.1616389438509942,1.167454944550991
2.0471396446228027,0.21983332931995392,1.1503217220306396,0.5713333487510681,1.1552222967147827,0.5680000185966492,1.1561535596847534,0.5661666393280029,1.163000226020813,0.5618333220481873,1.1566250324249268,0.5680000185966492,1.1639741659164429,0.5606666803359985,1.1420352458953857,0.5764999985694885,1.1412962675094604,0.5788333415985107,1.164605736732483,0.5603333115577698,1.1672030687332153,0.559333324432373,1.154849886894226,0.5693333148956299,1.1662966012954712,0.559499979019165,1.1709675788879395,0.5554999709129333,1.171778917312622,0.5554999709129333,1.1549876928329468,0.5684999823570251,1.156123399734497,0.5676666498184204,1.1577521562576294,0.5669999718666077,1.1707770824432373,0.5575000047683716,0.3240993022918701,0.9010000228881836,0.3918686807155609,0.8392714262008667,1.0081568956375122,0.40618398785591125,0.8614250421524048,0.9979814291000366,0.2143203467130661,0.6405918002128601,0.6261324286460876,0.3458866775035858,0.7493246793746948,1.0512855052947998,5.931958198547363,0.3602759540081024,0.7814024090766907,1.055705189704895,0.410319060087204,0.8684106469154358,1.0060080289840698,0.4029170870780945,0.8428081274032593,1.0032202005386353,2.0522305965423584,0.2240000069141388,1.151795744895935,0.5699999928474426,1.164691686630249,0.5693333148956299,1.1667479276657104,0.5586666464805603,1.164896011352539,0.5666666626930237,1.1721607446670532,0.5600000023841858,1.1667649745941162,0.5546666383743286,1.190298318862915,0.5460000038146973,1.1453853845596313,0.5740000009536743,1.1464494466781616,0.5793333053588867,1.1620125770568848,0.5653333067893982,1.1405696868896484,0.5786666870117188,1.1502630710601807,0.5726666450500488,1.1842516660690308,0.550000011920929,1.1635690927505493,0.559333324432373,1.1219862699508667,0.593999981880188,1.1894347667694092,0.5433333516120911,1.1463788747787476,0.5773333311080933,1.169954538345337,0.5586666464805603,0.3144835829734802,0.9053333401679993,0.3897347152233124,0.8376660943031311,0.9928210377693176,0.42474129796028137,0.887418806552887,1.1640899181365967,0.40386173129081726,1.0327198505401611,1.964811086654663,0.3521495759487152,0.7577971816062927,1.0689109563827515,6.342911243438721,0.3536236584186554,0.771419107913971,1.033876895904541,0.42474913597106934,0.8872658610343933,1.0750178098678589,0.40471208095550537,0.8470993041992188,1.0063358545303345,0.0010000000474974513,13,1.0203928748766582,1.0568420787652333,0.564616660028696,0.5653666600584983,1.1617604792118073,1.1632162481546402
2.045175075531006,0.2199999988079071,1.1491985321044922,0.5713333487510681,1.1553497314453125,0.5680000185966492,1.1556028127670288,0.5661666393280029,1.1618540287017822,0.5618333220481873,1.1560845375061035,0.5680000185966492,1.1628484725952148,0.5606666803359985,1.1413626670837402,0.5764999985694885,1.1405384540557861,0.5788333415985107,1.1645632982254028,0.5603333115577698,1.166139841079712,0.559333324432373,1.1544960737228394,0.5693333148956299,1.1651371717453003,0.559499979019165,1.171118974685669,0.5554999709129333,1.1707367897033691,0.5554999709129333,1.1538190841674805,0.5684999823570251,1.1561927795410156,0.5676666498184204,1.1564960479736328,0.5669999718666077,1.1685453653335571,0.5575000047683716,0.3231613337993622,0.9010000228881836,0.3914366364479065,0.8388115763664246,1.0062005519866943,0.4052578806877136,0.8600990176200867,0.9948645830154419,0.20728851854801178,0.6261174082756042,0.6007220149040222,0.34530335664749146,0.7480305433273315,1.0483092069625854,5.911592960357666,0.35969483852386475,0.7809173464775085,1.0541257858276367,0.4098493158817291,0.8677853941917419,1.0042167901992798,0.40257528424263,0.8433665633201599,1.0000718832015991,2.051704168319702,0.22466666996479034,1.1537587642669678,0.5699999928474426,1.1566029787063599,0.5693333148956299,1.1635414361953735,0.5586666464805603,1.1579842567443848,0.5666666626930237,1.169793725013733,0.5600000023841858,1.169543981552124,0.5546666383743286,1.1900250911712646,0.5460000038146973,1.1456055641174316,0.5740000009536743,1.1462713479995728,0.5786666870117188,1.162907600402832,0.562666654586792,1.1352818012237549,0.5786666870117188,1.1521636247634888,0.5726666450500488,1.1870182752609253,0.5486666560173035,1.1730040311813354,0.5533333420753479,1.1180728673934937,0.593999981880188,1.190548300743103,0.5433333516120911,1.1457356214523315,0.5766666531562805,1.1735649108886719,0.5586666464805603,0.3163447976112366,0.9053333401679993,0.38932520151138306,0.836712658405304,0.9905138611793518,0.4188932776451111,0.8791936039924622,1.1113656759262085,0.44081664085388184,1.1035301685333252,2.8645637035369873,0.3518354892730713,0.7569673657417297,1.0801680088043213,6.450253963470459,0.35209986567497253,0.7682695984840393,1.0296012163162231,0.41109660267829895,0.8682591319084167,1.0145037174224854,0.4231635332107544,0.8705916404724121,1.0982873439788818,0.0005000000237487257,14,1.0179648001988728,1.054073303937912,0.5646249935030937,0.564833328872919,1.1609210535883903,1.1629736572504044
2.044283628463745,0.2199999988079071,1.149327278137207,0.5713333487510681,1.1544203758239746,0.5680000185966492,1.1557695865631104,0.5661666393280029,1.1621326208114624,0.5618333220481873,1.1562514305114746,0.5680000185966492,1.1625608205795288,0.5606666803359985,1.1408113241195679,0.5764999985694885,1.14006507396698,0.5788333415985107,1.1641449928283691,0.5603333115577698,1.1656204462051392,0.559333324432373,1.1539812088012695,0.5693333148956299,1.1650218963623047,0.559499979019165,1.1706758737564087,0.5554999709129333,1.1711710691452026,0.5554999709129333,1.1531399488449097,0.5684999823570251,1.154600977897644,0.5676666498184204,1.1567509174346924,0.5669999718666077,1.1680994033813477,0.5575000047683716,0.32163336873054504,0.9010000228881836,0.39131855964660645,0.8386489152908325,1.0055558681488037,0.40467002987861633,0.8591217994689941,0.9934124946594238,0.19214580953121185,0.5922366380691528,0.5523115396499634,0.3450605571269989,0.7477961182594299,1.0487350225448608,5.877851486206055,0.35924914479255676,0.780234158039093,1.0528035163879395,0.40986186265945435,0.8679013848304749,1.0037109851837158,0.40226224064826965,0.8428570032119751,0.9983725547790527,2.045332193374634,0.2213333398103714,1.1566388607025146,0.5666666626930237,1.1552526950836182,0.5693333148956299,1.1702287197113037,0.5553333163261414,1.157523512840271,0.5666666626930237,1.1673475503921509,0.5600000023841858,1.1700074672698975,0.5546666383743286,1.1950653791427612,0.54666668176651,1.1512196063995361,0.5706666707992554,1.151161789894104,0.5759999752044678,1.160763144493103,0.5646666884422302,1.1445578336715698,0.5766666531562805,1.1524155139923096,0.5713333487510681,1.1943132877349854,0.5393333435058594,1.1769682168960571,0.5493333339691162,1.1255561113357544,0.5920000076293945,1.1938724517822266,0.5433333516120911,1.1467493772506714,0.5740000009536743,1.1719061136245728,0.5600000023841858,0.31591978669166565,0.9020000100135803,0.39149773120880127,0.8397781848907471,1.0026415586471558,0.4194917380809784,0.8800304532051086,1.131584644317627,0.3183456361293793,0.8506340384483337,1.4113328456878662,0.35412150621414185,0.7610611319541931,1.0764451026916504,6.170891284942627,0.35909363627433777,0.7821090221405029,1.046480417251587,0.40901097655296326,0.8656718134880066,1.0039201974868774,0.4044903516769409,0.8478981852531433,1.0067565441131592,0.0005000000237487257,15,1.0170984069506328,1.0446380774180095,0.5646249935030937,0.563000000268221,1.1605231121182442,1.1651399806141853
2.0440375804901123,0.2201666682958603,1.1491745710372925,0.5713333487510681,1.1544386148452759,0.5680000185966492,1.1557189226150513,0.5661666393280029,1.1621243953704834,0.5618333220481873,1.1556360721588135,0.5680000185966492,1.1627116203308105,0.5606666803359985,1.1413025856018066,0.5764999985694885,1.1399775743484497,0.5788333415985107,1.1645673513412476,0.5603333115577698,1.165777564048767,0.559333324432373,1.1537108421325684,0.5693333148956299,1.1652190685272217,0.559499979019165,1.1708437204360962,0.5554999709129333,1.171020269393921,0.5554999709129333,1.1536847352981567,0.5684999823570251,1.151334524154663,0.5676666498184204,1.1563706398010254,0.5669999718666077,1.1554806232452393,0.5575000047683716,0.32129326462745667,0.9010000228881836,0.39134594798088074,0.8386437296867371,1.0056467056274414,0.40474724769592285,0.8593979477882385,0.9933909773826599,0.18115273118019104,0.5662375688552856,0.5247053503990173,0.34504836797714233,0.7478522658348083,1.0490517616271973,5.854743003845215,0.3592921197414398,0.7806540727615356,1.0522898435592651,0.40967699885368347,0.8676285743713379,1.0029964447021484,0.4021204113960266,0.843110203742981,0.9971395134925842,2.0424447059631348,0.23000000417232513,1.1515859365463257,0.5699999928474426,1.1550078392028809,0.5693333148956299,1.1677004098892212,0.5573333501815796,1.1571271419525146,0.5666666626930237,1.1689848899841309,0.5600000023841858,1.1662524938583374,0.5546666383743286,1.19402277469635,0.5460000038146973,1.1453787088394165,0.5733333230018616,1.1468206644058228,0.5793333053588867,1.164918065071106,0.5606666803359985,1.1583328247070312,0.5659999847412109,1.147357702255249,0.5726666450500488,1.180493950843811,0.5519999861717224,1.1680070161819458,0.5580000281333923,1.1226142644882202,0.593999981880188,1.1855722665786743,0.5419999957084656,1.14597487449646,0.5773333311080933,1.1958895921707153,0.5580000281333923,0.31719711422920227,0.906000018119812,0.3916803002357483,0.8408969640731812,1.0001310110092163,0.41137269139289856,0.8681513071060181,1.0624384880065918,0.30292147397994995,0.8145301342010498,1.46979820728302,0.35101136565208435,0.7560698390007019,1.061426043510437,6.146733283996582,0.3725747764110565,0.79435133934021,1.1459605693817139,0.4094705879688263,0.8664312362670898,1.005155324935913,0.4094769358634949,0.8525650501251221,1.0338958501815796,0.0005000000237487257,16,1.016752541065216,1.051501214504242,0.5646333269774914,0.5646666638553143,1.1597212269902228,1.1640841618180275
2.04408860206604,0.2199999988079071,1.1484798192977905,0.5713333487510681,1.1543457508087158,0.5680000185966492,1.1555259227752686,0.5661666393280029,1.162238597869873,0.5618333220481873,1.1555055379867554,0.5680000185966492,1.162590503692627,0.5606666803359985,1.1409287452697754,0.5764999985694885,1.1405664682388306,0.5788333415985107,1.1644034385681152,0.5603333115577698,1.1659536361694336,0.559333324432373,1.1537048816680908,0.5693333148956299,1.1649278402328491,0.559499979019165,1.1704338788986206,0.5554999709129333,1.1708242893218994,0.5554999709129333,1.1537867784500122,0.5684999823570251,1.15355384349823,0.5676666498184204,1.1570175886154175,0.5669999718666077,1.169353723526001,0.5575000047683716,0.3224329948425293,0.9010000228881836,0.3913770616054535,0.8389202356338501,1.0056202411651611,0.40458938479423523,0.8591580390930176,0.9925258755683899,0.18551424145698547,0.5754724740982056,0.5399136543273926,0.3451453149318695,0.7479420304298401,1.0487984418869019,5.86532735824585,0.3591303825378418,0.7797053456306458,1.0527331829071045,0.4095964729785919,0.8673307299613953,1.0031837224960327,0.40257900953292847,0.8436716198921204,0.9989058971405029,2.045032501220703,0.22466666996479034,1.1525516510009766,0.5699999928474426,1.1564311981201172,0.5686666369438171,1.1689258813858032,0.5580000281333923,1.1580475568771362,0.5673333406448364,1.1665856838226318,0.5600000023841858,1.1676499843597412,0.5546666383743286,1.1921249628067017,0.5460000038146973,1.143385410308838,0.5740000009536743,1.1477241516113281,0.5793333053588867,1.1672979593276978,0.5566666722297668,1.1546189785003662,0.5699999928474426,1.1497066020965576,0.5726666450500488,1.1795403957366943,0.5526666641235352,1.167080044746399,0.5586666464805603,1.1202852725982666,0.593999981880188,1.1999728679656982,0.5360000133514404,1.1480698585510254,0.5746666789054871,1.1733064651489258,0.5526666641235352,0.3142019212245941,0.906000018119812,0.3896748721599579,0.8375617861747742,0.9918879270553589,0.4034556746482849,0.8570367693901062,0.9982390999794006,0.33443641662597656,0.8822433352470398,1.5473393201828003,0.3499947786331177,0.7539405226707458,1.0694986581802368,6.196172714233398,0.37412533164024353,0.8012535572052002,1.1625713109970093,0.40830495953559875,0.864450991153717,1.0014021396636963,0.4079335629940033,0.8513087034225464,1.0199040174484253,0.0005000000237487257,17,1.0169612268606822,1.0405838588873546,0.5646249935030937,0.5638333298265934,1.1605331420898437,1.1636269673705102
2.0437822341918945,0.2201666682958603,1.1498136520385742,0.5713333487510681,1.1542073488235474,0.5680000185966492,1.1548652648925781,0.5661666393280029,1.1618807315826416,0.5618333220481873,1.1556193828582764,0.5680000185966492,1.1620248556137085,0.5606666803359985,1.140940546989441,0.5764999985694885,1.1401093006134033,0.5788333415985107,1.1640615463256836,0.5603333115577698,1.165869116783142,0.559333324432373,1.1536282300949097,0.5693333148956299,1.1651371717453003,0.559499979019165,1.170337438583374,0.5554999709129333,1.1706767082214355,0.5554999709129333,1.1534721851348877,0.5684999823570251,1.1564509868621826,0.5676666498184204,1.1565015316009521,0.5669999718666077,1.1703447103500366,0.5575000047683716,0.3224430978298187,0.9010000228881836,0.3914182186126709,0.8387388586997986,1.0057315826416016,0.4045320749282837,0.8589577674865723,0.9926580190658569,0.17790305614471436,0.5588535666465759,0.5126193165779114,0.345099538564682,0.7478444576263428,1.0501697063446045,5.849330902099609,0.3592803180217743,0.7803937196731567,1.0522536039352417,0.40959838032722473,0.8674585819244385,1.0031605958938599,0.40231359004974365,0.8436359763145447,0.9975220561027527,2.057737112045288,0.22733333706855774,1.153863549232483,0.5699999928474426,1.1553459167480469,0.5693333148956299,1.1714792251586914,0.5573333501815796,1.160058617591858,0.5666666626930237,1.169887661933899,0.5600000023841858,1.1679058074951172,0.5546666383743286,1.191897988319397,0.5460000038146973,1.1472598314285278,0.5733333230018616,1.146475911140442,0.5786666870117188,1.1578080654144287,0.5659999847412109,1.1722980737686157,0.5573333501815796,1.153551697731018,0.5726666450500488,1.1933794021606445,0.5440000295639038,1.1737819910049438,0.5540000200271606,1.122196078300476,0.593999981880188,1.190251350402832,0.5366666913032532,1.142053246498108,0.5773333311080933,1.1471196413040161,0.5586666464805603,0.3198780417442322,0.9039999842643738,0.39028504490852356,0.8389838933944702,0.9943422079086304,0.4079735577106476,0.8639547228813171,1.0148537158966064,0.2672576606273651,0.7428826689720154,0.9417131543159485,0.3507079780101776,0.7543078064918518,1.0701252222061157,6.067193508148193,0.38240694999694824,0.8144553303718567,1.1603080034255981,0.4094383418560028,0.8667741417884827,1.0047664642333984,0.400003045797348,0.8390687108039856,0.9930667281150818,0.0005000000237487257,18,1.016915927330653,1.0395770569642384,0.5646333269774914,0.5633999988436699,1.1606083020567894,1.1647114604711533
2.044130802154541,0.21966665983200073,1.1493605375289917,0.5713333487510681,1.1542094945907593,0.5680000185966492,1.1559456586837769,0.5661666393280029,1.1612107753753662,0.5618333220481873,1.1561434268951416,0.5680000185966492,1.1628961563110352,0.5606666803359985,1.140989899635315,0.5764999985694885,1.1400717496871948,0.5788333415985107,1.1641008853912354,0.5603333115577698,1.1657994985580444,0.559333324432373,1.1537981033325195,0.5693333148956299,1.1653248071670532,0.559499979019165,1.1705995798110962,0.5554999709129333,1.1706883907318115,0.5554999709129333,1.1535158157348633,0.5684999823570251,1.1457359790802002,0.5676666498184204,1.1567462682724,0.5669999718666077,1.1409790515899658,0.5575000047683716,0.3195285201072693,0.9010000228881836,0.3912406861782074,0.8386049270629883,1.0056122541427612,0.4039439558982849,0.8581050634384155,0.9912005066871643,0.18154661357402802,0.5666033029556274,0.5249820947647095,0.34496670961380005,0.7478063702583313,1.0477102994918823,5.853267669677734,0.3594304919242859,0.7806239128112793,1.0530345439910889,0.4095965623855591,0.8674505352973938,1.0030763149261475,0.4020024538040161,0.8431634306907654,0.9964296221733093,2.0415515899658203,0.22733333706855774,1.1520442962646484,0.5699999928474426,1.1548035144805908,0.5686666369438171,1.1632827520370483,0.5586666464805603,1.1585333347320557,0.5666666626930237,1.169166088104248,0.5600000023841858,1.1678340435028076,0.5546666383743286,1.1927313804626465,0.5460000038146973,1.1451524496078491,0.5740000009536743,1.1483666896820068,0.5793333053588867,1.1596115827560425,0.5659999847412109,1.149248719215393,0.5746666789054871,1.147591233253479,0.5726666450500488,1.17985999584198,0.5526666641235352,1.163268804550171,0.559333324432373,1.121756672859192,0.593999981880188,1.1824082136154175,0.5433333516120911,1.1450598239898682,0.578000009059906,1.155492901802063,0.5586666464805603,0.31061744689941406,0.9053333401679993,0.3885338008403778,0.8360986113548279,0.9872205257415771,0.39999568462371826,0.8525049686431885,0.980226993560791,0.2820016145706177,0.7774754166603088,1.0255794525146484,0.35070088505744934,0.7543795704841614,1.0789847373962402,6.067999839782715,0.35930904746055603,0.7777382135391235,1.0640921592712402,0.4084674119949341,0.8652788996696472,1.0021077394485474,0.406904935836792,0.8461152911186218,1.0241878032684326,0.0005000000237487257,19,1.0161772569020588,1.0228033264478047,0.5646083265542984,0.5654999926686287,1.158588770031929,1.160419076681137
2.043186664581299,0.22050000727176666,1.149442195892334,0.5713333487510681,1.1541392803192139,0.5680000185966492,1.1560105085372925,0.5661666393280029,1.1614234447479248,0.5618333220481873,1.156568169593811,0.5680000185966492,1.1624382734298706,0.5606666803359985,1.1402286291122437,0.5764999985694885,1.1400294303894043,0.5788333415985107,1.163945198059082,0.5603333115577698,1.166262149810791,0.559333324432373,1.153680443763733,0.5693333148956299,1.164650321006775,0.559499979019165,1.170021414756775,0.5554999709129333,1.1707162857055664,0.5554999709129333,1.1536537408828735,0.5684999823570251,1.145247220993042,0.5676666498184204,1.1567726135253906,0.5669999718666077,1.150126576423645,0.5575000047683716,0.32020169496536255,0.9010000228881836,0.3912511467933655,0.8385724425315857,1.0054055452346802,0.40394896268844604,0.8581621050834656,0.9914152026176453,0.18772809207439423,0.5810122489929199,0.537172794342041,0.3449874222278595,0.7477167248725891,1.0486688613891602,5.864963054656982,0.3594062626361847,0.7805265188217163,1.052565574645996,0.40952983498573303,0.8674183487892151,1.0024505853652954,0.40186962485313416,0.8422340750694275,0.9961017370223999,2.041226625442505,0.2253333330154419,1.151482105255127,0.5699999928474426,1.1575251817703247,0.5693333148956299,1.1653708219528198,0.5586666464805603,1.1596591472625732,0.5666666626930237,1.1693257093429565,0.5600000023841858,1.1679743528366089,0.5546666383743286,1.190478801727295,0.5460000038146973,1.1463301181793213,0.5740000009536743,1.148290991783142,0.5793333053588867,1.1568682193756104,0.5659999847412109,1.1489381790161133,0.5766666531562805,1.147308111190796,0.5726666450500488,1.1784864664077759,0.5526666641235352,1.1620304584503174,0.559333324432373,1.1214148998260498,0.593999981880188,1.1973263025283813,0.5433333516120911,1.1444844007492065,0.5786666870117188,1.1688605546951294,0.5586666464805603,0.3136043846607208,0.9053333401679993,0.3886832296848297,0.8362154364585876,0.9898485541343689,0.4001184105873108,0.8519304990768433,0.9818049073219299,0.2454499751329422,0.7016319036483765,0.7979967594146729,0.34847912192344666,0.7518389225006104,1.0593035221099854,5.989884853363037,0.36329981684684753,0.7847779393196106,1.0734341144561768,0.4088757038116455,0.8653680682182312,1.0041401386260986,0.4046579897403717,0.8469365239143372,1.013258934020996,0.0005000000237487257,20,1.016101251045863,1.0202983617782593,0.5646499939262867,0.5655666589736938,1.1589372128248214,1.1618492916226386
,0.2199999988079071,,0.5711666941642761,,0.5680000185966492,,0.565833330154419,,0.5615000128746033,,0.5676666498184204,,0.5605000257492065,,0.5761666893959045,,0.578499972820282,,0.5603333115577698,,0.559166669845581,,0.5693333148956299,,0.559499979019165,,0.5553333163261414,,0.5554999709129333,,0.5686666369438171,,0.5676666498184204,,0.5669999718666077,,0.5576666593551636,,0.9006666541099548,,,,,,,,,,,,,,,,,,,,,,,,0.11999999731779099,,0.5699999928474426,,0.5693333148956299,,0.5586666464805603,,0.5666666626930237,,0.5600000023841858,,0.5546666383743286,,0.5460000038146973,,0.5740000009536743,,0.5793333053588867,,0.5659999847412109,,0.5786666870117188,,0.5726666450500488,,0.5526666641235352,,0.559333324432373,,0.593999981880188,,0.5433333516120911,,0.5773333311080933,,0.5586666464805603,,0.9053333401679993,,,,,,,,,,,,,,,,,,,,,,,0.0005000000237487257,21,,,0.5645083263516426,0.560333326086402,,
2.0427703857421875,0.2199999988079071,1.1490346193313599,0.5713333487510681,1.1536020040512085,0.5680000185966492,1.1555209159851074,0.5661666393280029,1.161422848701477,0.5618333220481873,1.155429482460022,0.5680000185966492,1.1616588830947876,0.5606666803359985,1.13987398147583,0.5764999985694885,1.1400644779205322,0.5788333415985107,1.1636385917663574,0.5603333115577698,1.1655946969985962,0.559333324432373,1.1534403562545776,0.5693333148956299,1.1650737524032593,0.559499979019165,1.1704477071762085,0.5554999709129333,1.170314908027649,0.5554999709129333,1.1531134843826294,0.5684999823570251,1.1548842191696167,0.5676666498184204,1.1552672386169434,0.5669999718666077,1.1673063039779663,0.5575000047683716,0.3215736150741577,0.9010000228881836,0.39104679226875305,0.8382900953292847,1.004805564880371,0.40422311425209045,0.8585617542266846,0.9915468692779541,0.1750703752040863,0.5529760122299194,0.49529561400413513,0.3450755178928375,0.7479354739189148,1.0485000610351562,5.840886116027832,0.3594319224357605,0.7810623645782471,1.0519871711730957,0.4092924892902374,0.8668067455291748,1.0020132064819336,0.4020562767982483,0.8428476452827454,0.9969379305839539,,0.11999999731779099,,0.5699999928474426,,0.5693333148956299,,0.5586666464805603,,0.5666666626930237,,0.5600000023841858,,0.5546666383743286,,0.5460000038146973,,0.5740000009536743,,0.5793333053588867,,0.5659999847412109,,0.5786666870117188,,0.5726666450500488,,0.5526666641235352,,0.559333324432373,,0.593999981880188,,0.5433333516120911,,0.5773333311080933,,0.5586666464805603,,0.9053333401679993,,,,,,,,,,,,,,,,,,,,,,,0.0002500000118743628,22,1.0159651339054108,,0.5646249935030937,0.560333326086402,1.1600016236305237,
2.0409302711486816,0.2199999988079071,1.1492348909378052,0.5713333487510681,1.1531718969345093,0.5680000185966492,1.1554244756698608,0.5661666393280029,1.1615196466445923,0.5618333220481873,1.155591368675232,0.5680000185966492,1.1615726947784424,0.5606666803359985,1.1404401063919067,0.5764999985694885,1.1393015384674072,0.5788333415985107,1.164096474647522,0.5603333115577698,1.1652908325195312,0.559333324432373,1.1538057327270508,0.5693333148956299,1.1644550561904907,0.559499979019165,1.170405626296997,0.5554999709129333,1.1703786849975586,0.5554999709129333,1.1528539657592773,0.5684999823570251,1.1555485725402832,0.5676666498184204,1.1557056903839111,0.5669999718666077,1.1685736179351807,0.5575000047683716,0.32182052731513977,0.9010000228881836,0.3910940885543823,0.8383011221885681,1.004711389541626,0.40404072403907776,0.8582727909088135,0.9910779595375061,0.16188941895961761,0.5226779580116272,0.4482848346233368,0.34477007389068604,0.7473235130310059,1.047338843345642,5.811455726623535,0.3593732416629791,0.781050443649292,1.0516691207885742,0.40960782766342163,0.8675668835639954,1.0025286674499512,0.40163302421569824,0.8434588313102722,0.9942693114280701,,0.11999999731779099,,0.5699999928474426,,0.5693333148956299,,0.5586666464805603,,0.5666666626930237,,0.5600000023841858,,0.5546666383743286,,0.5460000038146973,,0.5740000009536743,,0.5793333053588867,,0.5659999847412109,,0.5786666870117188,,0.5726666450500488,,0.5526666641235352,,0.559333324432373,,0.593999981880188,,0.5433333516120911,,0.5773333311080933,,0.5586666464805603,,0.9053333401679993,,,,,,,,,,,,,,,,,,,,,,,0.0002500000118743628,23,1.0152658820152283,,0.5646249935030937,0.560333326086402,1.160006083548069,
2.0417206287384033,0.21983332931995392,1.1485209465026855,0.5713333487510681,1.1534470319747925,0.5680000185966492,1.1549063920974731,0.5661666393280029,1.1611655950546265,0.5618333220481873,1.1556061506271362,0.5680000185966492,1.1615149974822998,0.5606666803359985,1.1399991512298584,0.5764999985694885,1.1395001411437988,0.5788333415985107,1.1632920503616333,0.5603333115577698,1.165385127067566,0.559333324432373,1.152964472770691,0.5693333148956299,1.1642109155654907,0.559499979019165,1.169985055923462,0.5554999709129333,1.1697299480438232,0.5554999709129333,1.1528688669204712,0.5684999823570251,1.1547257900238037,0.5676666498184204,1.1560693979263306,0.5669999718666077,1.1688082218170166,0.5575000047683716,0.32130590081214905,0.9010000228881836,0.3910190463066101,0.838314950466156,1.0046498775482178,0.4038354754447937,0.8580010533332825,0.9906463027000427,0.15057384967803955,0.4960733652114868,0.4132249355316162,0.34450724720954895,0.7470592260360718,1.0459359884262085,5.786015510559082,0.35901227593421936,0.7796958684921265,1.0522512197494507,0.40930795669555664,0.867066502571106,1.0019217729568481,0.4008018672466278,0.8423356413841248,0.9914657473564148,,0.11999999731779099,,0.5699999928474426,,0.5693333148956299,,0.5586666464805603,,0.5666666626930237,,0.5600000023841858,,0.5546666383743286,,0.5460000038146973,,0.5740000009536743,,0.5793333053588867,,0.5659999847412109,,0.5786666870117188,,0.5726666450500488,,0.5526666641235352,,0.559333324432373,,0.593999981880188,,0.5433333516120911,,0.5773333311080933,,0.5586666464805603,,0.9053333401679993,,,,,,,,,,,,,,,,,,,,,,,0.0002500000118743628,24,1.0144784847895305,,0.564616660028696,0.560333326086402,1.1597863391041756,
2.041609287261963,0.2201666682958603,1.1491448879241943,0.5713333487510681,1.1537964344024658,0.5680000185966492,1.155344843864441,0.5661666393280029,1.161777377128601,0.5618333220481873,1.1554045677185059,0.5680000185966492,1.1618866920471191,0.5606666803359985,1.14006769657135,0.5764999985694885,1.139988660812378,0.5788333415985107,1.16389000415802,0.5603333115577698,1.1654459238052368,0.559333324432373,1.1528923511505127,0.5693333148956299,1.1641098260879517,0.559499979019165,1.1698764562606812,0.5554999709129333,1.1702485084533691,0.5554999709129333,1.1532264947891235,0.5684999823570251,1.1532114744186401,0.5676666498184204,1.1560648679733276,0.5669999718666077,1.1680028438568115,0.5575000047683716,0.3221292495727539,0.9010000228881836,0.39111417531967163,0.8382641077041626,1.0049651861190796,0.40370967984199524,0.8577333092689514,0.9903479218482971,0.14725743234157562,0.48994794487953186,0.4030397832393646,0.34431126713752747,0.7466935515403748,1.0474700927734375,5.779256343841553,0.3589630126953125,0.7797343730926514,1.0528603792190552,0.40941402316093445,0.8672860264778137,1.0021588802337646,0.40086108446121216,0.8423362374305725,0.9920772314071655,,0.11999999731779099,,0.5699999928474426,,0.5693333148956299,,0.5586666464805603,,0.5666666626930237,,0.5600000023841858,,0.5546666383743286,,0.5460000038146973,,0.5740000009536743,,0.5793333053588867,,0.5659999847412109,,0.5786666870117188,,0.5726666450500488,,0.5526666641235352,,0.559333324432373,,0.593999981880188,,0.5433333516120911,,0.5773333311080933,,0.5586666464805603,,0.9053333401679993,,,,,,,,,,,,,,,,,,,,,,,0.0002500000118743628,25,1.0149799486001332,,0.5646333269774914,0.560333326086402,1.1599059224128723,
2.040306568145752,0.21983332931995392,1.1488538980484009,0.5713333487510681,1.1534532308578491,0.5680000185966492,1.1551100015640259,0.5661666393280029,1.1613858938217163,0.5618333220481873,1.155666470527649,0.5680000185966492,1.1617616415023804,0.5606666803359985,1.1398729085922241,0.5764999985694885,1.1398706436157227,0.5788333415985107,1.1640182733535767,0.5603333115577698,1.1657038927078247,0.559333324432373,1.1528809070587158,0.5693333148956299,1.1642712354660034,0.559499979019165,1.1692523956298828,0.5554999709129333,1.1699649095535278,0.5554999709129333,1.1532524824142456,0.5684999823570251,1.1539771556854248,0.5676666498184204,1.1558126211166382,0.5669999718666077,1.1698009967803955,0.5575000047683716,0.32139936089515686,0.9010000228881836,0.39110061526298523,0.838219165802002,1.0048731565475464,0.4037877321243286,0.8578145503997803,0.9906769394874573,0.16801923513412476,0.5341896414756775,0.474185049533844,0.3440893590450287,0.7464557886123657,1.0432738065719604,5.820155620574951,0.3589872717857361,0.7794666290283203,1.0528266429901123,0.40948978066444397,0.8671952486038208,1.0025982856750488,0.4012211561203003,0.8428440093994141,0.9933819770812988,,0.11999999731779099,,0.5699999928474426,,0.5693333148956299,,0.5586666464805603,,0.5666666626930237,,0.5600000023841858,,0.5546666383743286,,0.5460000038146973,,0.5740000009536743,,0.5793333053588867,,0.5659999847412109,,0.5786666870117188,,0.5726666450500488,,0.5526666641235352,,0.559333324432373,,0.593999981880188,,0.5433333516120911,,0.5773333311080933,,0.5586666464805603,,0.9053333401679993,,,,,,,,,,,,,,,,,,,,,,,0.0002500000118743628,26,1.0146051347255707,,0.564616660028696,0.560333326086402,1.1598307743668557,
2.044015884399414,0.2201666682958603,1.1490905284881592,0.5713333487510681,1.1530505418777466,0.5680000185966492,1.1552790403366089,0.5661666393280029,1.1615126132965088,0.5618333220481873,1.1556577682495117,0.5680000185966492,1.1618742942810059,0.5606666803359985,1.1401405334472656,0.5764999985694885,1.1399532556533813,0.5788333415985107,1.1647731065750122,0.5603333115577698,1.1651835441589355,0.559333324432373,1.1539123058319092,0.5693333148956299,1.1649311780929565,0.559499979019165,1.1696536540985107,0.5554999709129333,1.1705853939056396,0.5554999709129333,1.153300404548645,0.5684999823570251,1.1537069082260132,0.5676666498184204,1.1561439037322998,0.5669999718666077,1.1566087007522583,0.5575000047683716,0.3208426237106323,0.9010000228881836,0.39118680357933044,0.838486909866333,1.0054981708526611,0.40375304222106934,0.8578471541404724,0.990805447101593,0.19648699462413788,0.5992842316627502,0.571181058883667,0.3442273437976837,0.7466458082199097,1.043939471244812,5.88302755355835,0.3598354756832123,0.7807216048240662,1.0552101135253906,0.4096510410308838,0.8675355911254883,1.0030977725982666,0.4022056460380554,0.843972384929657,0.9983563423156738,,0.11999999731779099,,0.5699999928474426,,0.5693333148956299,,0.5586666464805603,,0.5666666626930237,,0.5600000023841858,,0.5546666383743286,,0.5460000038146973,,0.5740000009536743,,0.5793333053588867,,0.5659999847412109,,0.5786666870117188,,0.5726666450500488,,0.5526666641235352,,0.559333324432373,,0.593999981880188,,0.5433333516120911,,0.5773333311080933,,0.5586666464805603,,0.9053333401679993,,,,,,,,,,,,,,,,,,,,,,,0.0002500000118743628,27,1.0161512196063995,,0.5646333269774914,0.560333326086402,1.1595108091831208,
2.0429532527923584,0.2199999988079071,1.14924955368042,0.5713333487510681,1.1544398069381714,0.5680000185966492,1.1551859378814697,0.5661666393280029,1.1618807315826416,0.5618333220481873,1.1551973819732666,0.5680000185966492,1.161258578300476,0.5606666803359985,1.140559434890747,0.5764999985694885,1.1390900611877441,0.5788333415985107,1.1641005277633667,0.5603333115577698,1.165513038635254,0.559333324432373,1.1530990600585938,0.5693333148956299,1.1641950607299805,0.559499979019165,1.1692719459533691,0.5554999709129333,1.1704185009002686,0.5554999709129333,1.1532270908355713,0.5684999823570251,1.1505526304244995,0.5676666498184204,1.1563531160354614,0.5669999718666077,1.1529968976974487,0.5575000047683716,0.31883737444877625,0.9010000228881836,0.39125892519950867,0.8385740518569946,1.0053848028182983,0.40357446670532227,0.8575236797332764,0.9904851913452148,0.1895104944705963,0.582551121711731,0.5442768335342407,0.34378838539123535,0.7456939220428467,1.0438017845153809,5.8653364181518555,0.3594051003456116,0.7802115678787231,1.053139090538025,0.40943923592567444,0.867314875125885,1.0020639896392822,0.40181875228881836,0.8443906903266907,0.9962717294692993,,0.11999999731779099,,0.5699999928474426,,0.5693333148956299,,0.5586666464805603,,0.5666666626930237,,0.5600000023841858,,0.5546666383743286,,0.5460000038146973,,0.5740000009536743,,0.5793333053588867,,0.5659999847412109,,0.5786666870117188,,0.5726666450500488,,0.5526666641235352,,0.559333324432373,,0.593999981880188,,0.5433333516120911,,0.5773333311080933,,0.5586666464805603,,0.9053333401679993,,,,,,,,,,,,,,,,,,,,,,,0.0002500000118743628,28,1.01519109805425,,0.5646249935030937,0.560333326086402,1.1589189991354942,
2.0422046184539795,0.2199999988079071,1.1483484506607056,0.5713333487510681,1.153886079788208,0.5680000185966492,1.1552531719207764,0.5661666393280029,1.161745548248291,0.5618333220481873,1.1560245752334595,0.5680000185966492,1.1610430479049683,0.5606666803359985,1.1397274732589722,0.5764999985694885,1.1395493745803833,0.5788333415985107,1.1622729301452637,0.5603333115577698,1.165687084197998,0.559333324432373,1.1532925367355347,0.5693333148956299,1.1646134853363037,0.559499979019165,1.1696046590805054,0.5554999709129333,1.1703622341156006,0.5554999709129333,1.1531398296356201,0.5684999823570251,1.1523057222366333,0.5676666498184204,1.1556925773620605,0.5669999718666077,1.1601418256759644,0.5575000047683716,0.3186527192592621,0.9010000228881836,0.39122655987739563,0.8386118412017822,1.0052063465118408,0.4035898745059967,0.857620358467102,0.9902929663658142,0.18418951332569122,0.5722371935844421,0.5230719447135925,0.34417784214019775,0.7465884685516357,1.0425267219543457,5.855025291442871,0.35927364230155945,0.7799201607704163,1.0528244972229004,0.4093797504901886,0.8672046065330505,1.002211570739746,0.40185558795928955,0.8441979289054871,0.9960099458694458,,0.11999999731779099,,0.5699999928474426,,0.5693333148956299,,0.5586666464805603,,0.5666666626930237,,0.5600000023841858,,0.5546666383743286,,0.5460000038146973,,0.5740000009536743,,0.5793333053588867,,0.5659999847412109,,0.5786666870117188,,0.5726666450500488,,0.5526666641235352,,0.559333324432373,,0.593999981880188,,0.5433333516120911,,0.5773333311080933,,0.5586666464805603,,0.9053333401679993,,,,,,,,,,,,,,,,,,,,,,,0.0002500000118743628,29,1.0148453414440155,,0.5646249935030937,0.560333326086402,1.1591773971915245,
