sample_id,env_car_attack_head_true,env_car_attack_head_pred,env_car_decay_head_true,env_car_decay_head_pred,env_car_sustain_head_true,env_car_sustain_head_pred,env_car_release_head_true,env_car_release_head_pred
1816,0.0065,0.0049623367,0.0429,0.08003915,0.1866,0.30092624,0.0364,0.038255107
539,0.0228,0.009384409,0.1126,0.1306337,0.4908,0.70803756,0.338,0.4250525
3495,0.0082,0.0044964226,0.1099,0.09816233,0.2411,0.16742687,0.017,0.03122298
840,0.029,0.03139226,0.071,0.13226289,0.8192,0.756338,0.1621,0.1736276
3533,0.0114,0.014615139,0.1002,0.15013294,0.512,0.7702478,0.1625,0.14647509
3994,0.0066,0.005523967,0.1171,0.14363138,0.1824,0.24763916,0.0506,0.05585276
2245,0.0052,0.004888753,0.0519,0.04860516,0.04,0.17235075,0.0276,0.03378246
3390,0.0056,0.0050808843,0.1533,0.0987334,0.2204,0.30340788,0.0454,0.058299996
2082,0.0098,0.0056004287,0.112,0.08490414,0.6289,0.4585667,0.2106,0.20902182
1620,0.0098,0.0053661647,0.1177,0.12018932,0.3717,0.25171384,0.1699,0.14736946
2812,0.0235,0.012001771,0.1892,0.18788579,0.7796,0.6113014,0.0554,0.065967135
4053,0.0138,0.004545498,0.0425,0.063004985,0.121,0.21038532,0.2124,0.17061417
896,0.0088,0.012624549,0.1191,0.17031325,0.3528,0.6122845,0.277,0.3788537
3649,0.009,0.005005141,0.0952,0.10101505,0.1049,0.3079754,0.0467,0.056221668
3814,0.0286,0.030491339,0.2063,0.13059519,0.8042,0.7141742,0.3078,0.3678
2988,0.007,0.007998042,0.1286,0.13203195,0.7675,0.6705159,0.1538,0.18104751
3960,0.0023,0.0046233246,0.1358,0.09458017,0.2812,0.16420732,0.0268,0.02454979
3237,0.0047,0.004145573,0.1203,0.057849288,0.3384,0.21799894,0.0245,0.025613613
1590,0.0066,0.005401558,0.1467,0.15083127,0.4024,0.4257144,0.1118,0.13837871
3180,0.1099,0.10554823,0.1088,0.13633896,0.5616,0.78035283,0.3532,0.43238333
2037,0.1117,0.076713905,0.2596,0.12069461,0.7633,0.7493299,0.2319,0.29828665
498,0.0061,0.007908358,0.1976,0.13745351,0.4983,0.48160985,0.0711,0.060211375
297,0.058,0.037332106,0.116,0.13163495,0.7026,0.6826438,0.0829,0.097301625
1150,0.1342,0.19877796,0.1205,0.12670374,0.6618,0.743396,0.5106,0.42038676
1989,0.0174,0.011175578,0.278,0.18405534,0.723,0.7152097,0.2544,0.32785922
2161,0.0317,0.028149568,0.2137,0.1738294,0.4654,0.63932353,0.1092,0.11651122
181,0.0107,0.004533877,0.0921,0.054729976,0.2105,0.16110714,0.0779,0.089879565
987,0.008,0.004797263,0.0358,0.05063583,0.1055,0.20360465,0.026,0.02674401
2995,0.0017,0.004587675,0.0446,0.050254468,0.2336,0.21475868,0.0424,0.048361234
3395,0.0685,0.06261883,0.0953,0.14636944,0.5531,0.6894933,0.2743,0.341621
2262,0.0699,0.07730339,0.0639,0.13903283,0.9507,0.75001806,0.4546,0.5200166
2489,0.0232,0.016444974,0.0864,0.13743031,0.854,0.67749596,0.069,0.07436478
3505,0.0015,0.006191233,0.1557,0.124914505,0.3909,0.4650374,0.0823,0.0837071
2259,0.0632,0.0718504,0.1819,0.14275518,0.7887,0.6807229,0.0824,0.09604696
1071,0.0235,0.017749015,0.1557,0.14355388,0.8908,0.7722185,0.3366,0.4004888
1719,0.0129,0.004707079,0.0524,0.061464485,0.2151,0.30059192,0.1032,0.11233802
939,0.0858,0.07082359,0.0956,0.117424086,0.6383,0.7165997,0.1027,0.119860314
183,0.0893,0.07570244,0.0669,0.12831849,0.5675,0.74061525,0.3242,0.4435964
1779,0.0054,0.004801947,0.0735,0.06147184,0.2264,0.21874113,0.0459,0.05513803
728,0.0096,0.0046251374,0.0496,0.04117378,0.2356,0.14959373,0.0259,0.06521327
3363,0.0047,0.004727641,0.0632,0.041210417,0.23,0.17829382,0.0889,0.10323184
2225,0.0223,0.015936352,0.1133,0.16172549,0.9098,0.7187944,0.1064,0.11072221
3236,0.013,0.0089101195,0.1911,0.2269604,0.3336,0.39942935,0.0568,0.052311476
1298,0.0083,0.0046808193,0.0707,0.08767002,0.1516,0.184413,0.0245,0.028879603
1525,0.0136,0.0039393483,0.0817,0.0521354,0.7273,0.27741987,0.0988,0.11265038
2043,0.0501,0.051254276,0.1153,0.12113711,0.7394,0.7208204,0.1248,0.13494173
1728,0.0137,0.009039873,0.2161,0.14444652,0.4982,0.6328709,0.1613,0.2720782
1420,0.0127,0.0046188603,0.1514,0.13502175,0.0868,0.19234014,0.0208,0.02874794
3955,0.1332,0.2039689,0.1416,0.13982391,0.8881,0.7017265,0.2982,0.38675034
653,0.0279,0.023983326,0.2485,0.19305907,0.4722,0.68843806,0.1024,0.104499236
3026,0.0133,0.008488825,0.1102,0.1505185,0.7011,0.5458218,0.1894,0.20365737
1850,0.0733,0.056512747,0.067,0.12811889,0.6683,0.7423115,0.1077,0.12801096
1544,0.0019,0.0046897857,0.1166,0.07952977,0.2009,0.21592093,0.0555,0.062854044
2094,0.0623,0.083850704,0.1921,0.12915853,0.764,0.6941961,0.0884,0.10726202
3473,0.0019,0.005174371,0.1834,0.19899417,0.0951,0.25467327,0.0437,0.035612572
2702,0.014,0.011823291,0.1494,0.17613128,0.5425,0.5549508,0.1911,0.24744518
2696,0.0129,0.0047268756,0.1219,0.10389799,0.3247,0.22562239,0.0235,0.027329529
1696,0.0039,0.0048924484,0.0847,0.06555497,0.222,0.23852737,0.0328,0.032745335
2780,0.0663,0.07094547,0.1032,0.1389436,0.4771,0.6924285,0.1131,0.12546155
54,0.0039,0.0046180557,0.0479,0.05866366,0.248,0.23204523,0.0263,0.02669369
1181,0.0135,0.0046551367,0.0564,0.06577397,0.2091,0.1782273,0.0791,0.123128586
2169,0.0222,0.009444662,0.0604,0.11883123,0.7673,0.5900806,0.2231,0.30176577
3120,0.0034,0.004318711,0.0389,0.049133882,0.0629,0.18086581,0.0249,0.027453741
2184,0.0105,0.003651672,0.0579,0.056782827,0.219,0.25246546,0.0822,0.09754615
3682,0.1443,0.13887706,0.2893,0.10635788,0.8022,0.71727526,0.2066,0.16964644
3263,0.0018,0.004335053,0.1029,0.052122857,0.1542,0.20149055,0.087,0.096032985
1550,0.0046,0.0044287643,0.049,0.043070104,0.1121,0.18187241,0.1266,0.11819969
3686,0.0092,0.00881743,0.0891,0.112667605,0.3462,0.6023046,0.2137,0.19846961
1667,0.0023,0.004625579,0.0612,0.061150406,0.2974,0.2889927,0.1719,0.17224081
3115,0.0224,0.018924676,0.2276,0.121888466,0.5374,0.67318213,0.0556,0.07429438
2936,0.0038,0.004877051,0.0803,0.06191272,0.1325,0.12350698,0.0274,0.07805014
2320,0.0256,0.024378855,0.1482,0.16752358,0.6577,0.8191539,0.4118,0.4470282
668,0.0048,0.004359558,0.1088,0.096953236,0.3382,0.29482725,0.0162,0.028256766
1504,0.0098,0.004948073,0.1008,0.076519504,0.3985,0.2703354,0.0391,0.03961233
77,0.0409,0.041307196,0.1384,0.12562056,0.9519,0.7020093,0.0858,0.09344432
3834,0.037,0.028701402,0.153,0.14507617,0.8413,0.66716367,0.0825,0.08494847
3420,0.0276,0.019484194,0.1779,0.16420758,0.7329,0.7239801,0.1262,0.120744675
3652,0.0229,0.014648546,0.3115,0.20941137,0.3482,0.6205535,0.1211,0.13826998
2403,0.0039,0.004678145,0.122,0.10198499,0.3913,0.24689446,0.0379,0.032808248
3092,0.0331,0.03332524,0.1003,0.16118798,0.6666,0.73622245,0.2141,0.23447084
3085,0.0058,0.004216491,0.1199,0.053472854,0.3235,0.2605368,0.0216,0.026919356
3592,0.0036,0.005583901,0.098,0.13196659,0.4002,0.34571004,0.0348,0.041699544
1810,0.0091,0.0036103525,0.1109,0.045373894,0.3257,0.20805305,0.0871,0.12281767
3478,0.0105,0.004286169,0.1291,0.065454744,0.7197,0.23280779,0.1682,0.1678087
2003,0.0193,0.011948405,0.2269,0.16082336,0.7678,0.6525382,0.0455,0.059145592
3739,0.0049,0.0047592903,0.0624,0.04432268,0.2906,0.19119474,0.0348,0.0245902
3869,0.0109,0.00765806,0.1725,0.1864561,0.3603,0.39791974,0.0509,0.056252744
1406,0.0065,0.003842795,0.0298,0.050532088,0.1963,0.27731073,0.021,0.022585884
2327,0.0105,0.0046378137,0.1287,0.11090251,0.2232,0.20659912,0.0206,0.02575283
1361,0.0023,0.0043606535,0.0407,0.041139647,0.212,0.1970451,0.0424,0.04701747
2738,0.0168,0.0066937217,0.2473,0.18400808,0.3771,0.43152925,0.0473,0.047405045
1735,0.0039,0.0070010587,0.2363,0.17798059,0.1357,0.4096226,0.0729,0.07310698
828,0.0021,0.0045093154,0.129,0.09515097,0.1876,0.2806576,0.0184,0.024043407
2030,0.0046,0.0048863865,0.1425,0.13452554,0.2772,0.22650386,0.0248,0.043481495
780,0.0074,0.005736787,0.108,0.11204841,0.3775,0.38536,0.2187,0.2119947
2404,0.005,0.0041879015,0.0869,0.11056841,0.2578,0.33337593,0.0199,0.02312402
1357,0.0023,0.0046264874,0.0421,0.038332768,0.2076,0.1570764,0.0392,0.036850102
2624,0.0062,0.008393301,0.1883,0.17046009,0.3335,0.41729838,0.0932,0.099926874
241,0.0021,0.0023443208,0.0498,0.05045497,0.0826,0.108018056,0.0454,0.054359015
318,0.0313,0.039033756,0.144,0.13857692,0.5307,0.6724336,0.1176,0.20233008
2108,0.0043,0.004498431,0.0782,0.04110863,0.45,0.18221526,0.0203,0.02498519
2524,0.03,0.023847906,0.2635,0.14033267,0.9444,0.75448275,0.2034,0.21600947
1940,0.0016,0.0048688366,0.1218,0.08227735,0.4786,0.35266954,0.1619,0.17672722
3838,0.0138,0.0048115687,0.0522,0.07380406,0.1985,0.19302727,0.0746,0.08516516
2610,0.0275,0.017595258,0.2959,0.21496372,0.4984,0.5749048,0.2945,0.40866375
188,0.0093,0.005721392,0.1019,0.0935779,0.5739,0.44788268,0.0539,0.05277277
534,0.0071,0.005260584,0.0624,0.0510383,0.314,0.18939674,0.0442,0.039997
2004,0.0248,0.010097293,0.2017,0.13453078,0.8432,0.6884303,0.0768,0.1562715
2709,0.0361,0.019072372,0.2107,0.23126285,0.5158,0.5481297,0.3506,0.48598576
269,0.0103,0.005706129,0.13,0.0798441,0.5538,0.46854106,0.1227,0.16822955
2800,0.0048,0.0044015967,0.0477,0.0394332,0.1659,0.14791708,0.0205,0.025770625
2333,0.0142,0.005540548,0.1098,0.082069576,0.4124,0.40707535,0.0965,0.096585885
1094,0.003,0.004631933,0.0604,0.07470457,0.0424,0.11702104,0.042,0.06551697
3835,0.0022,0.005250285,0.1638,0.12772155,0.3228,0.2016917,0.0805,0.06528758
115,0.0017,0.005022221,0.0704,0.06892924,0.3153,0.29871047,0.0575,0.059206147
2486,0.0149,0.0053542997,0.1642,0.18668404,0.1041,0.21258415,0.1301,0.12500818
1129,0.0097,0.0094820745,0.1764,0.19702557,0.4175,0.5581797,0.2867,0.35686222
2229,0.0076,0.0048089055,0.1148,0.07962474,0.2649,0.2721959,0.0383,0.047978718
2931,0.1483,0.15264413,0.1224,0.11847571,0.6193,0.70154524,0.2181,0.17619312
1651,0.0241,0.021077625,0.2623,0.18048541,0.5117,0.61233395,0.0463,0.05708468
1169,0.079,0.052904993,0.1179,0.1359681,0.4762,0.7235053,0.152,0.19155616
341,0.0026,0.0044319727,0.0406,0.049043074,0.0994,0.1722372,0.0177,0.023687227
2896,0.0179,0.0057074176,0.1047,0.11560821,0.3889,0.3918095,0.0502,0.05341499
1938,0.0046,0.0042675016,0.0444,0.058111906,0.1593,0.2548762,0.1216,0.14007585
2621,0.0073,0.0043954602,0.0415,0.052944876,0.1456,0.1763664,0.143,0.13837326
1628,0.0061,0.0050790207,0.0885,0.12518936,0.0837,0.17449795,0.0818,0.08686282
2085,0.0026,0.00435324,0.057,0.0454748,0.1665,0.23052548,0.0303,0.030117102
3156,0.005,0.0046566664,0.1807,0.14172743,0.123,0.18631716,0.0631,0.070798755
1589,0.0023,0.0043366863,0.0415,0.054603912,0.1086,0.1927017,0.0622,0.13732637
2203,0.0378,0.036878847,0.1316,0.16764092,0.6218,0.6651574,0.0472,0.08389522
1973,0.0459,0.03941454,0.0767,0.1312702,0.7964,0.7527622,0.5285,0.5259734
3323,0.0019,0.0042819865,0.0697,0.08092321,0.2,0.2367772,0.1259,0.107908554
1878,0.0955,0.10643839,0.1356,0.12527235,0.7098,0.68553513,0.1274,0.14683849
3675,0.0078,0.004039036,0.0522,0.04703135,0.2858,0.24271369,0.0175,0.0264276
1038,0.0109,0.004875009,0.0426,0.04748292,0.0607,0.18274508,0.049,0.05129729
3620,0.004,0.0048303134,0.0595,0.04268071,0.3106,0.15171282,0.0449,0.0751063
1781,0.0021,0.0055776737,0.0932,0.055355962,0.4552,0.20664556,0.2172,0.18281156
2,0.0026,0.004583169,0.1034,0.06515358,0.224,0.18423636,0.0214,0.03565194
1512,0.0045,0.0042273165,0.0651,0.05077169,0.171,0.24079216,0.0164,0.023477776
28,0.002,0.0049935165,0.0451,0.08320814,0.2628,0.3531158,0.0525,0.061679732
1470,0.0029,0.0054133986,0.0457,0.1302432,0.4935,0.3389156,0.0741,0.081359915
2316,0.0172,0.024806099,0.159,0.13410936,0.8257,0.73118347,0.0998,0.10668752
2808,0.0082,0.0047148406,0.141,0.07567834,0.3229,0.29418588,0.1421,0.13284358
1705,0.0555,0.079807416,0.2877,0.13662095,0.7957,0.68103105,0.5207,0.4932769
3956,0.0312,0.012459174,0.3148,0.14216815,0.3718,0.5320102,0.0408,0.044378415
492,0.0262,0.011773159,0.18,0.15156175,0.6951,0.59071964,0.0794,0.09016409
1933,0.0058,0.0085411975,0.1947,0.12694766,0.6865,0.704786,0.1559,0.1954959
3292,0.0025,0.009597209,0.2356,0.20012571,0.1453,0.41491547,0.1906,0.2822629
2773,0.0283,0.021336075,0.1977,0.1536439,0.8953,0.75707895,0.2588,0.29119715
2384,0.0432,0.04377844,0.0672,0.13080002,0.8148,0.7209373,0.1747,0.18322599
3362,0.0022,0.0039518755,0.0958,0.0575701,0.337,0.26171327,0.0151,0.024559911
3513,0.0139,0.0054761968,0.0723,0.13019484,0.4945,0.31659663,0.1051,0.08820918
198,0.037,0.0376606,0.127,0.14005342,0.6778,0.7151149,0.1491,0.15794766
637,0.0022,0.00677887,0.1406,0.21798567,0.2903,0.346682,0.2364,0.3262645
456,0.033,0.038233556,0.2011,0.1592443,0.5882,0.6733361,0.1004,0.099473774
95,0.0023,0.0047793537,0.0888,0.10414381,0.2477,0.20913872,0.1036,0.11945436
543,0.0285,0.02709336,0.2744,0.16137876,0.6498,0.6896395,0.1584,0.14989744
3545,0.0272,0.02644185,0.1373,0.12544051,0.5886,0.70311594,0.0754,0.089910604
1434,0.0337,0.024020493,0.265,0.23041801,0.5497,0.55974984,0.0522,0.045255214
2121,0.0449,0.047192827,0.1688,0.16100596,0.5251,0.6515783,0.1014,0.11368399
3882,0.0028,0.0040479065,0.0494,0.042718265,0.1729,0.18755808,0.0279,0.030814556
1569,0.0045,0.004992343,0.1298,0.11444936,0.2223,0.25087786,0.2398,0.20503828
261,0.0071,0.0040635457,0.0485,0.04121258,0.0866,0.20913438,0.0288,0.025805179
1891,0.0031,0.0043999692,0.0539,0.050378967,0.3372,0.17387526,0.0256,0.02716698
48,0.0066,0.004523256,0.0349,0.045168452,0.156,0.17332698,0.1579,0.14389127
1366,0.0139,0.005254009,0.1532,0.13814116,0.3571,0.28234288,0.0548,0.060913663
1971,0.1614,0.14395866,0.0641,0.11422396,0.6622,0.68860847,0.1436,0.14813061
3275,0.0305,0.030880002,0.2039,0.1588878,0.7687,0.6753651,0.0883,0.09723324
2816,0.0209,0.012776671,0.1515,0.1765684,0.758,0.6208271,0.0596,0.06665145
3770,0.0019,0.004783371,0.1005,0.0954352,0.2744,0.29657975,0.1691,0.18283837
2732,0.0032,0.00479356,0.1359,0.14508155,0.0569,0.24219137,0.024,0.032815337
391,0.0083,0.004853414,0.0301,0.05733299,0.2127,0.3035454,0.0606,0.06639487
1827,0.0077,0.004886666,0.1042,0.07976547,0.2152,0.14685862,0.157,0.13258678
2578,0.0016,0.004748306,0.2297,0.1620775,0.1851,0.30117664,0.0259,0.02529422
978,0.0455,0.040527243,0.1236,0.15779436,0.5298,0.6917589,0.1642,0.20149228
3227,0.0056,0.004231821,0.0262,0.03806072,0.1644,0.14978151,0.0234,0.037386153
2528,0.1473,0.20107439,0.2325,0.1415455,0.5827,0.67499083,0.5375,0.38269722
1698,0.0861,0.092367604,0.2803,0.123969026,0.6713,0.72101617,0.121,0.12875156
65,0.0176,0.005198835,0.291,0.06049561,0.7898,0.31383097,0.0442,0.05601354
1882,0.032,0.035947897,0.1035,0.14839716,0.7231,0.72021514,0.347,0.45725995
1645,0.0033,0.0046071187,0.0278,0.045144156,0.2513,0.17517342,0.042,0.05632504
3595,0.0149,0.0058188788,0.1042,0.12406033,0.1987,0.24692245,0.1322,0.15205857
3656,0.0023,0.004913793,0.1332,0.096305065,0.1406,0.24053632,0.0359,0.057762794
1100,0.0688,0.10362273,0.2284,0.13994443,0.9181,0.71238387,0.3394,0.39577326
2849,0.0698,0.04867205,0.143,0.11416697,0.914,0.73306066,0.4862,0.5301394
2472,0.0268,0.009255247,0.2178,0.23727313,0.35,0.39434448,0.0453,0.046941694
2338,0.0056,0.004503733,0.0846,0.064091116,0.2644,0.18706174,0.0325,0.043441862
548,0.0238,0.015214777,0.1349,0.13896146,0.6672,0.71454996,0.1071,0.08944657
3109,0.0016,0.005014493,0.2266,0.12314075,0.2418,0.20534718,0.0625,0.068472795
795,0.0023,0.0041931993,0.0473,0.041879572,0.0978,0.1509838,0.0195,0.02470691
1314,0.1177,0.17182244,0.144,0.12288769,0.7253,0.7209401,0.3758,0.4442509
1995,0.0088,0.00419572,0.0474,0.044781283,0.1091,0.15573092,0.0257,0.033215288
2252,0.0018,0.007566559,0.2293,0.26864156,0.1025,0.2424037,0.065,0.07912085
1041,0.0029,0.0046131313,0.078,0.051700674,0.264,0.2142106,0.041,0.038000673
3529,0.0086,0.006784402,0.1497,0.18039429,0.3318,0.44424862,0.2205,0.27268767
4033,0.0141,0.006462377,0.0425,0.0696975,0.4145,0.50085807,0.0971,0.12528747
2071,0.0063,0.00467774,0.0273,0.045785736,0.1417,0.15461235,0.0723,0.10723976
1812,0.0931,0.11200955,0.1791,0.119542144,0.869,0.71643376,0.3232,0.40317106
1906,0.007,0.004605946,0.0694,0.04756592,0.2954,0.15201475,0.0872,0.102083616
891,0.0101,0.0047312723,0.0479,0.058542926,0.4661,0.18494833,0.129,0.12908243
3596,0.0395,0.048320826,0.0926,0.12257664,0.5825,0.6612297,0.3433,0.55533224
510,0.0559,0.025104804,0.1791,0.16564454,0.7791,0.7677269,0.1839,0.20598365
152,0.0036,0.004380095,0.1286,0.13102134,0.182,0.2066726,0.0215,0.023481952
2335,0.0083,0.0049029314,0.0584,0.073214516,0.2728,0.21411145,0.1339,0.13020726
2119,0.0022,0.0044871126,0.0926,0.067484066,0.2881,0.23994169,0.0646,0.10254762
4043,0.0077,0.0047043054,0.0661,0.0506406,0.292,0.29738095,0.0481,0.05861286
3190,0.0044,0.0044778246,0.0792,0.05170556,0.2607,0.20218582,0.0389,0.035929162
1050,0.0192,0.015469101,0.1036,0.14030014,0.7563,0.73513675,0.0845,0.089716434
3783,0.0027,0.0044879564,0.1094,0.08710924,0.3397,0.22318453,0.0345,0.025195187
2537,0.0044,0.0045602736,0.0415,0.045939244,0.1637,0.16255288,0.0801,0.0917536
3305,0.1029,0.08174179,0.1266,0.14105508,0.529,0.6818347,0.2143,0.21628706
1408,0.1053,0.09722621,0.1052,0.11812619,0.4911,0.68099093,0.1192,0.13574581
3741,0.0336,0.038502373,0.2691,0.1459127,0.8306,0.71576875,0.1848,0.16920996
3901,0.0145,0.010946379,0.2611,0.13717932,0.5905,0.659656,0.2882,0.37309512
1456,0.0084,0.005441568,0.0934,0.0905979,0.3052,0.35210913,0.0693,0.07084977
1670,0.09,0.06929408,0.2577,0.1292413,0.7116,0.742791,0.4896,0.49238157
1284,0.0424,0.04568177,0.1593,0.114521876,0.5212,0.7443744,0.4211,0.5566235
804,0.0284,0.017090289,0.1453,0.14002965,0.7238,0.795562,0.1422,0.13492967
996,0.004,0.005138027,0.1009,0.06895867,0.3285,0.2615157,0.0434,0.051774975
3348,0.0064,0.010012572,0.0968,0.15686812,0.2955,0.5794313,0.0607,0.06675494
2025,0.1023,0.10680154,0.0855,0.13544254,0.655,0.72374755,0.3816,0.5333371
606,0.0018,0.0047796085,0.0636,0.07799367,0.267,0.16961451,0.0631,0.081636325
1393,0.0204,0.008591322,0.0762,0.15116398,0.5183,0.59575886,0.1002,0.0918477
2019,0.0116,0.004351875,0.0889,0.07865446,0.292,0.28939915,0.0196,0.025837969
114,0.0032,0.005067836,0.0478,0.090480715,0.1917,0.34503362,0.1997,0.22768086
624,0.0105,0.004898616,0.1039,0.07683785,0.1195,0.18256737,0.1288,0.15837249
1900,0.0098,0.0114537645,0.2294,0.1524736,0.7015,0.6028011,0.0644,0.060329083
1269,0.0026,0.0044763363,0.0887,0.09527734,0.1411,0.18443428,0.0342,0.02520219
1743,0.0721,0.0530053,0.1838,0.16324139,0.8737,0.7241366,0.2274,0.21342343
679,0.0448,0.03855749,0.0826,0.1320683,0.8637,0.69777614,0.1865,0.19811174
2326,0.0051,0.0053433264,0.1799,0.096728235,0.552,0.42117035,0.1774,0.16274796
3636,0.0132,0.0054062144,0.1189,0.11166176,0.3273,0.37132835,0.2105,0.2537474
2279,0.022,0.01449162,0.2459,0.20073143,0.4842,0.6094042,0.1309,0.1265333
3781,0.0042,0.0046015396,0.0816,0.054376267,0.4155,0.3094249,0.1316,0.12869586
667,0.0259,0.007941348,0.2076,0.20615435,0.3667,0.4050904,0.2731,0.30525616
415,0.0061,0.0046558217,0.1259,0.120131634,0.1914,0.2992759,0.0347,0.038938787
1582,0.0441,0.032091994,0.1248,0.16698658,0.8332,0.7060637,0.1046,0.10818324
3313,0.0823,0.065595806,0.1275,0.14949653,0.587,0.6564696,0.4911,0.5984539
1997,0.0032,0.005014654,0.055,0.08060656,0.2677,0.33905205,0.058,0.06131164
2436,0.0025,0.0045863013,0.067,0.06010959,0.1259,0.20789327,0.0755,0.101609424
2176,0.003,0.0052123964,0.1712,0.12842752,0.3404,0.26608846,0.0648,0.061267946
2469,0.0019,0.0045646452,0.0423,0.056008376,0.3224,0.29649282,0.1869,0.17539664
2381,0.0358,0.037600588,0.1099,0.14225903,0.639,0.7198686,0.5386,0.5564373
2748,0.1683,0.17847013,0.1253,0.11829564,0.6546,0.7115373,0.1474,0.1385143
2566,0.0426,0.047104266,0.2513,0.12955634,0.8454,0.7498576,0.3268,0.42533115
523,0.0085,0.010397505,0.2315,0.18799822,0.409,0.4854266,0.0681,0.07118866
2154,0.1091,0.10279778,0.133,0.11724219,0.9051,0.6922949,0.0824,0.12233412
3711,0.0018,0.0055744466,0.1351,0.10963041,0.2692,0.35246748,0.156,0.15762052
1675,0.0725,0.06043454,0.0849,0.13168192,0.7658,0.7816205,0.3194,0.4547022
1449,0.1149,0.14428458,0.1083,0.13387638,0.7421,0.6808906,0.4327,0.41417998
3778,0.0034,0.0050916756,0.1272,0.14558621,0.227,0.23015265,0.0514,0.05572286
805,0.0113,0.004092679,0.0278,0.04111651,0.1388,0.17799604,0.0335,0.033281628
3606,0.0072,0.0047386996,0.0397,0.057083398,0.0523,0.16268872,0.0719,0.08259577
1739,0.0038,0.0057505863,0.1954,0.23008464,0.1885,0.2797923,0.0441,0.038457185
3776,0.0041,0.007980814,0.1174,0.15593109,0.1677,0.43714023,0.1568,0.21032697
863,0.0397,0.026754364,0.1134,0.14342812,0.3617,0.7852711,0.3217,0.44324875
1266,0.0031,0.0048730564,0.1371,0.06642463,0.4499,0.17511882,0.0357,0.073460355
1126,0.0083,0.010185866,0.2256,0.12824328,0.6339,0.65646976,0.0999,0.103375465
1106,0.0043,0.0041373763,0.0492,0.038639646,0.0507,0.15929432,0.0188,0.023001378
3631,0.0203,0.0058733756,0.1522,0.06340901,0.8578,0.40725774,0.1059,0.11464517
3383,0.0269,0.0063138665,0.1011,0.13731499,0.3616,0.42532486,0.2389,0.3006064
739,0.0033,0.004372637,0.0259,0.069053814,0.2479,0.25449687,0.03,0.030395407
1811,0.0115,0.004244353,0.0292,0.045166213,0.182,0.22809036,0.1027,0.11352584
2309,0.0017,0.0051659276,0.1333,0.16078475,0.2319,0.25713053,0.0458,0.05012773
2325,0.0023,0.0049231807,0.1362,0.09459585,0.2796,0.19985665,0.0443,0.10440154
1245,0.0062,0.0054608462,0.1657,0.12045133,0.6077,0.3316541,0.2214,0.19878358
1868,0.0043,0.004536484,0.0367,0.080398664,0.3306,0.24753772,0.0226,0.031745777
661,0.0192,0.00514618,0.1159,0.0918382,0.4758,0.2521695,0.0504,0.057081964
2614,0.0062,0.003776657,0.107,0.060336623,0.6149,0.17078911,0.2201,0.17699155
2509,0.0049,0.018527413,0.2332,0.1680452,0.8499,0.6852298,0.0922,0.09602278
584,0.0073,0.0062225247,0.1875,0.15340759,0.5918,0.33337903,0.2383,0.2976276
3203,0.0042,0.005109103,0.0349,0.044857036,0.1825,0.22728609,0.1275,0.14727484
2087,0.0068,0.0047142063,0.0493,0.0579816,0.4021,0.24901634,0.0618,0.085508205
346,0.0043,0.0052409815,0.0861,0.11100765,0.0857,0.17418115,0.1318,0.15556027
715,0.0051,0.0065463088,0.0812,0.1077825,0.1913,0.5115792,0.0999,0.117556974
2750,0.006,0.0058650593,0.0894,0.11103642,0.1928,0.42464924,0.0348,0.05352932
1211,0.0021,0.00460385,0.0423,0.05025879,0.2321,0.17727332,0.0817,0.07680702
2705,0.0019,0.0042799716,0.0358,0.058296278,0.3308,0.2564337,0.0154,0.023201419
3265,0.0211,0.010469706,0.0838,0.153813,0.4514,0.65043384,0.1568,0.15139376
613,0.0098,0.0046512582,0.1634,0.121005945,0.4653,0.28511673,0.0245,0.035299037
1689,0.004,0.00525985,0.0557,0.05063439,0.307,0.24261513,0.2043,0.20315394
3424,0.0303,0.037141144,0.2053,0.12351215,0.8358,0.804418,0.4489,0.49718702
2263,0.0069,0.0050984705,0.0653,0.079711035,0.297,0.37968,0.0424,0.045097597
1199,0.0069,0.0049392837,0.0973,0.07222747,0.2466,0.2275627,0.0599,0.066153176
3240,0.0025,0.0049492996,0.0992,0.07609432,0.2206,0.25365496,0.033,0.05989855
1161,0.0112,0.0052702776,0.0687,0.040445972,0.3362,0.25147283,0.0234,0.034809247
3627,0.0814,0.05856621,0.1067,0.1317766,0.7924,0.7232673,0.114,0.12938286
2648,0.0302,0.024521431,0.0866,0.1445966,0.5971,0.744346,0.131,0.13824187
1345,0.168,0.19088085,0.119,0.12591258,0.8842,0.6678461,0.3939,0.38816935
343,0.0131,0.0055681067,0.1409,0.17138961,0.3137,0.27473918,0.0475,0.054107867
66,0.0087,0.0043967287,0.0515,0.03953707,0.2812,0.14327948,0.0229,0.028565131
836,0.0058,0.004497913,0.0425,0.038829137,0.0867,0.12572183,0.1202,0.10614222
922,0.0124,0.0054488857,0.1487,0.113244206,0.4328,0.3410057,0.1334,0.14740567
61,0.0056,0.0047078645,0.0503,0.045599137,0.2263,0.1367458,0.1322,0.10015123
1910,0.0046,0.004474697,0.0656,0.11587561,0.2003,0.22827451,0.0252,0.024516942
4083,0.0069,0.0043985485,0.075,0.04978342,0.3151,0.26693183,0.0994,0.111299984
2567,0.0066,0.0077500762,0.1678,0.15413553,0.6168,0.56329954,0.1783,0.17712355
2447,0.1046,0.08189194,0.0826,0.13227384,0.7567,0.6912232,0.086,0.10926265
2273,0.0377,0.023306755,0.2361,0.19486554,0.6357,0.6705025,0.478,0.53331137
2253,0.0018,0.0057105063,0.0788,0.12117151,0.187,0.2875323,0.0442,0.054628823
18,0.0085,0.0049762446,0.1207,0.13849299,0.2197,0.20491852,0.0222,0.027032258
3011,0.0036,0.004247981,0.0296,0.054074436,0.2085,0.29946652,0.0471,0.058780886
3043,0.0064,0.0053549474,0.1446,0.11894261,0.4696,0.32019073,0.2228,0.22719179
1565,0.0015,0.0046613724,0.1483,0.13935821,0.0969,0.23536283,0.0229,0.032404408
1498,0.0045,0.006530244,0.2245,0.20232818,0.1539,0.28885624,0.0754,0.089346744
2683,0.0742,0.062848,0.2687,0.15262337,0.5305,0.6494645,0.0903,0.119586185
1753,0.0091,0.0050659673,0.0858,0.07692131,0.4744,0.28735843,0.2218,0.19311412
3975,0.0047,0.004720385,0.0628,0.04850585,0.2562,0.1873113,0.0335,0.029185254
2070,0.0061,0.0048179626,0.1246,0.10753173,0.2761,0.29498464,0.1853,0.20831065
4040,0.0024,0.011857072,0.0698,0.14078942,0.3223,0.70141745,0.1545,0.17395002
3001,0.0144,0.005128295,0.1472,0.06930915,0.8517,0.5226035,0.1428,0.15105547
3063,0.1048,0.13185541,0.1091,0.12233964,0.7683,0.6925863,0.2101,0.23555498
2156,0.0064,0.009965899,0.2526,0.1726127,0.4178,0.49224535,0.2918,0.27026644
3577,0.0118,0.004612814,0.1091,0.057934705,0.5667,0.24497457,0.0907,0.09693113
3813,0.1563,0.1219681,0.0795,0.10761312,0.8852,0.7231942,0.1027,0.12468016
2395,0.0138,0.005261989,0.1781,0.18945172,0.3205,0.26958695,0.1414,0.14530835
2006,0.0038,0.0051477975,0.0498,0.050861463,0.1226,0.1485819,0.0352,0.04312041
857,0.007,0.0040674196,0.0591,0.04806751,0.194,0.18884598,0.0569,0.07378804
1562,0.0618,0.07566355,0.1733,0.13226214,0.7682,0.7664632,0.3366,0.408331
3200,0.0098,0.00848084,0.0569,0.12701528,0.4078,0.6028012,0.0895,0.12990992
777,0.0078,0.007733319,0.1951,0.11698826,0.6641,0.62363005,0.2512,0.2837114
362,0.0029,0.0048107384,0.1136,0.076811135,0.3369,0.2955195,0.14,0.1590981
1744,0.0097,0.0047596833,0.0894,0.049053498,0.8572,0.31600305,0.0837,0.09047412
995,0.0045,0.0044541894,0.0822,0.06949065,0.5893,0.3282888,0.1179,0.12532791
642,0.0048,0.004678496,0.0565,0.04648088,0.0648,0.18534286,0.088,0.10458465
1332,0.0063,0.004317903,0.2171,0.054023024,0.4704,0.24725148,0.0262,0.032357763
113,0.0773,0.06380296,0.1254,0.15182936,0.6391,0.68333393,0.1112,0.14714603
1,0.0015,0.0047711595,0.2048,0.18003649,0.1677,0.28396052,0.0214,0.025015533
2280,0.0307,0.024286874,0.0901,0.14027937,0.5283,0.72559863,0.1504,0.17030552
3330,0.0131,0.015668621,0.1093,0.1491898,0.7909,0.75775033,0.106,0.13656731
3430,0.014,0.005094226,0.0479,0.04905037,0.1873,0.1898272,0.077,0.094719574
3614,0.0383,0.036189396,0.1463,0.14226216,0.6065,0.6879,0.1141,0.14355128
1496,0.1211,0.15640631,0.2046,0.117167845,0.7259,0.7047889,0.1391,0.15752819
1704,0.007,0.0050878604,0.1376,0.106594086,0.4201,0.37849438,0.2118,0.2019313
2080,0.0039,0.0047182967,0.1077,0.0543611,0.2385,0.226355,0.1249,0.14211665
2989,0.0049,0.00492799,0.173,0.10444713,0.4129,0.28247938,0.0932,0.0970909
3889,0.0032,0.0039890357,0.1576,0.062527426,0.3483,0.27585936,0.0213,0.024478927
3943,0.0021,0.0041789613,0.0694,0.064433634,0.4111,0.34418166,0.1367,0.14096054
3826,0.0064,0.009365798,0.1586,0.12557784,0.7697,0.5945325,0.0515,0.059016827
2853,0.0016,0.0064318907,0.1835,0.18633646,0.3793,0.32924253,0.1026,0.118961364
3782,0.021,0.009389862,0.1844,0.21879758,0.6655,0.5021963,0.2752,0.31283054
1031,0.0918,0.07994994,0.2621,0.13152437,0.8637,0.70237005,0.2657,0.29399568
2300,0.003,0.004473579,0.0566,0.056532755,0.2656,0.21100065,0.052,0.062215824
1076,0.0093,0.004224857,0.1134,0.08906427,0.1486,0.24096408,0.0249,0.025166715
3512,0.0015,0.0040741647,0.0443,0.045028396,0.1828,0.1885813,0.0249,0.02441214
1193,0.0246,0.00987656,0.2535,0.1988652,0.9582,0.65197355,0.1986,0.27517447
2356,0.0017,0.0048701325,0.0524,0.07867256,0.0998,0.19018276,0.0561,0.07116936
1857,0.01,0.006611339,0.1046,0.13109122,0.3796,0.37585697,0.149,0.19401093
1337,0.1475,0.20433347,0.1733,0.13671277,0.7775,0.69272983,0.3086,0.25673205
3037,0.0167,0.01658244,0.1095,0.15915373,0.6063,0.7112332,0.1938,0.2134476
1909,0.0037,0.008338178,0.1684,0.15372498,0.3458,0.5677661,0.2264,0.2193336
2595,0.0516,0.049546387,0.1327,0.12267527,0.8015,0.72825825,0.271,0.42944118
2373,0.0078,0.00853829,0.1339,0.1584704,0.4689,0.6645428,0.1607,0.16179009
1535,0.004,0.0040767817,0.0685,0.056316014,0.305,0.2594604,0.0869,0.09633435
2042,0.0465,0.022560867,0.1594,0.16259691,0.6134,0.67077756,0.0883,0.083200224
3584,0.0016,0.017533304,0.0251,0.1309018,0.1701,0.71707046,0.072,0.081754245
3637,0.0839,0.103775464,0.1465,0.12581787,0.8912,0.7647141,0.3347,0.42452472
323,0.0273,0.019184738,0.088,0.15812165,0.7332,0.71280366,0.1723,0.21452026
75,0.0063,0.0066580977,0.2519,0.14176826,0.4082,0.33955598,0.0985,0.11240047
1648,0.0171,0.0050123157,0.0932,0.06123335,0.6115,0.33249244,0.0448,0.046567544
1642,0.0139,0.040557913,0.1935,0.13103354,0.8478,0.75076383,0.0803,0.12427828
388,0.0031,0.0063717565,0.1914,0.1828371,0.3363,0.31979555,0.1167,0.14760752
981,0.1367,0.14891456,0.1756,0.12411855,0.7078,0.6926802,0.2188,0.19473663
743,0.0132,0.0117718745,0.1119,0.15472452,0.8312,0.65399396,0.3402,0.4075295
203,0.075,0.059903342,0.1861,0.16218823,0.5251,0.6708548,0.1866,0.2065293
3564,0.0045,0.009119574,0.0932,0.13844581,0.8718,0.5929446,0.0841,0.08258866
1766,0.0497,0.02250374,0.2902,0.15429533,0.7319,0.71390617,0.2483,0.37289992
774,0.0137,0.03006154,0.1375,0.17864539,0.457,0.7683757,0.1603,0.18802482
3625,0.002,0.0050338237,0.2258,0.1658127,0.3338,0.2410473,0.1645,0.1912492
1194,0.0194,0.013973896,0.1903,0.1485281,0.7732,0.6857703,0.0945,0.11004671
2591,0.0206,0.022366498,0.2066,0.17059204,0.5403,0.656683,0.1098,0.10826539
1587,0.0083,0.009802884,0.2031,0.1505364,0.7326,0.57675695,0.2913,0.30193046
175,0.0137,0.0070367497,0.2801,0.09235263,0.7537,0.5147728,0.0792,0.0811824
209,0.0017,0.0037588142,0.0478,0.048233625,0.3726,0.2542201,0.066,0.09811299
200,0.0155,0.010799425,0.0985,0.12839721,0.6298,0.6975493,0.2778,0.3444379
320,0.0138,0.004497295,0.2023,0.10928215,0.3024,0.2666462,0.0203,0.025302162
3541,0.0026,0.003673015,0.0407,0.04437334,0.1529,0.16913639,0.0829,0.10693507
372,0.0054,0.0051957327,0.0808,0.056506697,0.2068,0.2309638,0.0516,0.07387025
231,0.0026,0.00465376,0.0409,0.04744287,0.3908,0.23134728,0.0922,0.10211267
1219,0.018,0.011277123,0.2125,0.22857046,0.4037,0.4787394,0.0999,0.10466328
4010,0.0025,0.0050131357,0.0978,0.101001434,0.289,0.30902857,0.037,0.044941016
3427,0.0301,0.03432185,0.1916,0.1447419,0.7506,0.6894461,0.1715,0.1711369
702,0.0573,0.059157636,0.2389,0.19024915,0.4757,0.6436032,0.1723,0.18351096
2341,0.002,0.0052504707,0.1129,0.13718167,0.1253,0.25817996,0.0994,0.103731416
3980,0.0108,0.005979289,0.1096,0.11411388,0.77,0.5157984,0.0737,0.07069016
1486,0.0101,0.009469243,0.3063,0.15795313,0.6895,0.6034682,0.2619,0.30422047
3962,0.002,0.0047809985,0.0355,0.03999613,0.0943,0.15814112,0.0352,0.038139943
1607,0.0252,0.0132683385,0.1077,0.16452338,0.5423,0.7175181,0.2802,0.31489184
3044,0.0483,0.03792974,0.0615,0.11464934,0.6781,0.69920886,0.0971,0.11683879
255,0.0094,0.006197449,0.0505,0.10239589,0.2813,0.48938984,0.0566,0.056946117
2506,0.0378,0.03512262,0.2042,0.21295187,0.4109,0.53284687,0.0485,0.04737062
3257,0.0044,0.004713661,0.0419,0.043341786,0.13,0.18923095,0.0369,0.04897768
1225,0.0029,0.005151077,0.0334,0.059264313,0.0474,0.28040102,0.094,0.0981073
3084,0.0058,0.0052300347,0.2002,0.17482631,0.0985,0.20782116,0.1469,0.14076255
1095,0.002,0.0041817934,0.0406,0.040044554,0.1539,0.18214639,0.0344,0.03783092
962,0.0026,0.004472998,0.0391,0.044269346,0.1927,0.1996425,0.0334,0.0548475
477,0.0036,0.006362413,0.0698,0.1475916,0.1365,0.3541755,0.1961,0.20475915
1666,0.0065,0.0040475437,0.0287,0.047811378,0.2029,0.21046776,0.0616,0.08190083
3615,0.0017,0.0042003198,0.0585,0.051224504,0.2828,0.20668656,0.0838,0.08630494
1716,0.0393,0.045920756,0.0804,0.14431396,0.8574,0.7102678,0.205,0.24175474
1937,0.0086,0.0040332493,0.0497,0.05272033,0.2183,0.21159536,0.1859,0.17325622
1627,0.0019,0.0044380208,0.1316,0.055820096,0.0696,0.14684148,0.0263,0.026696408
2416,0.0016,0.0050756647,0.1376,0.12862863,0.1999,0.3820019,0.1312,0.13284434
416,0.0081,0.010295428,0.027,0.12794836,0.2664,0.6208283,0.0838,0.0898759
3439,0.0047,0.004689384,0.0813,0.055470943,0.1418,0.19541459,0.1408,0.1316151
103,0.0042,0.00978165,0.2255,0.1618307,0.7299,0.5085997,0.1832,0.18219708
2496,0.0115,0.005384633,0.1163,0.12621008,0.371,0.34728983,0.0764,0.07201863
1976,0.0078,0.013611583,0.2957,0.19606936,0.4127,0.6232428,0.158,0.18714033
1135,0.0076,0.004626391,0.0518,0.048908994,0.4321,0.24711613,0.061,0.07982228
2934,0.0172,0.011587328,0.0803,0.10871971,0.5861,0.66520476,0.2952,0.3684373
3225,0.0075,0.0054097855,0.0765,0.10315914,0.2405,0.3399535,0.0385,0.040927153
1413,0.0052,0.0048065158,0.0457,0.042964563,0.1182,0.17591564,0.0746,0.105192386
2116,0.0073,0.0053809006,0.1364,0.15335096,0.2364,0.28479558,0.1841,0.17261001
3013,0.003,0.004839865,0.1145,0.114065826,0.1153,0.20689152,0.1164,0.121894285
2757,0.0254,0.0104034105,0.1545,0.1585114,0.3319,0.49498793,0.1177,0.12673105
79,0.0037,0.0065094614,0.0976,0.09592359,0.483,0.5279614,0.1337,0.15402505
1191,0.0113,0.004492608,0.0527,0.062023215,0.1789,0.19058827,0.1491,0.12722883
3209,0.0065,0.009860033,0.1801,0.143823,0.6781,0.6205616,0.2852,0.32828867
2527,0.0078,0.0044099363,0.226,0.060820658,0.7613,0.28808105,0.0675,0.085588686
3457,0.0019,0.0052491245,0.2109,0.18409824,0.1572,0.24952166,0.0283,0.03444883
2740,0.0041,0.0058616875,0.1914,0.17729463,0.1585,0.25134212,0.0913,0.08635087
2440,0.0064,0.004313404,0.0339,0.09066049,0.0752,0.2044719,0.0796,0.09162922
644,0.1588,0.14822295,0.2521,0.13314441,0.5129,0.6704904,0.1121,0.13996099
4050,0.0203,0.0055551454,0.1761,0.07683659,0.7436,0.5366625,0.1697,0.14644337
3410,0.0027,0.007389039,0.1468,0.12694518,0.3948,0.4338842,0.2333,0.27694756
1365,0.0055,0.005687584,0.1907,0.1496872,0.2897,0.27505812,0.1875,0.17888725
2608,0.0075,0.0044594146,0.0273,0.036224317,0.1936,0.13400991,0.0223,0.02434202
2835,0.0021,0.0048701162,0.0899,0.07321754,0.301,0.23246847,0.022,0.03529772
1272,0.0029,0.0044286503,0.059,0.050673854,0.118,0.20039351,0.0719,0.08457558
1610,0.0114,0.004756095,0.062,0.044736695,0.0876,0.14399685,0.0314,0.035715606
2744,0.047,0.04952458,0.2325,0.12843522,0.6599,0.77855563,0.4794,0.5252397
2301,0.0107,0.0059114266,0.1205,0.14017427,0.4871,0.37892237,0.0759,0.07779742
3093,0.0027,0.005895534,0.2245,0.1360853,0.2071,0.2367247,0.1071,0.13064238
3800,0.0058,0.0042551183,0.037,0.039673336,0.168,0.16944478,0.0358,0.03113944
3887,0.0018,0.0046880883,0.1165,0.076035894,0.3985,0.28098705,0.0921,0.10211638
2497,0.0021,0.0060366187,0.1348,0.184067,0.0714,0.45607617,0.1204,0.24853869
3446,0.002,0.0045464854,0.0662,0.04595278,0.2704,0.22098278,0.0321,0.031178772
1304,0.005,0.0046058153,0.048,0.10038948,0.3153,0.20326471,0.1003,0.10286738
2276,0.077,0.08356318,0.1744,0.12801352,0.8542,0.6933903,0.1951,0.19322895
1621,0.0049,0.0074726115,0.1664,0.21661113,0.8294,0.30969813,0.2401,0.25231323
3557,0.0056,0.008071646,0.1994,0.13896169,0.3839,0.5205026,0.1155,0.12628755
3406,0.0018,0.005954737,0.1745,0.17594655,0.2859,0.34906113,0.059,0.052383244
3839,0.0042,0.004775801,0.1076,0.1001679,0.2238,0.29271457,0.0368,0.041531216
2074,0.0088,0.010718206,0.1623,0.14560984,0.8172,0.7094358,0.2399,0.258108
36,0.0376,0.037302803,0.0903,0.12857872,0.5269,0.74589014,0.1833,0.23998791
1944,0.0299,0.022684893,0.0717,0.16942571,0.6407,0.7002101,0.2273,0.27903584
2597,0.0028,0.0045622154,0.0368,0.04274191,0.2477,0.16133921,0.0188,0.029949276
3603,0.01,0.00501931,0.1255,0.13674903,0.2007,0.22447452,0.0423,0.051612116
903,0.0327,0.032801643,0.3002,0.14401571,0.7587,0.67617977,0.0732,0.09957492
1404,0.0022,0.0043242197,0.0788,0.045065127,0.474,0.22311607,0.0237,0.026421154
2939,0.0356,0.03541212,0.0973,0.17400487,0.811,0.6562201,0.0472,0.06326205
1643,0.0482,0.031686947,0.2871,0.13799907,0.5834,0.71010834,0.3486,0.4635349
1809,0.1529,0.16325843,0.1979,0.13702098,0.4875,0.621312,0.1728,0.14998737
2994,0.0075,0.004908378,0.0824,0.06740577,0.3088,0.2520646,0.0593,0.06443753
3349,0.0292,0.020319045,0.3053,0.25920388,0.4749,0.5551056,0.1695,0.22857054
3010,0.0781,0.07209478,0.1186,0.12140063,0.623,0.7004276,0.1519,0.21628816
1017,0.0132,0.0038360136,0.0465,0.044940587,0.1585,0.18545048,0.0996,0.10635526
2768,0.0106,0.0048593786,0.0452,0.04342627,0.3582,0.19139521,0.0336,0.040442284
815,0.0017,0.0048422446,0.137,0.14047359,0.1231,0.19203295,0.1621,0.1575734
1853,0.0037,0.0055446145,0.1705,0.18760367,0.3972,0.3258333,0.022,0.028957196
513,0.0018,0.008177789,0.1558,0.14876807,0.3655,0.3941542,0.2381,0.21808718
3327,0.0041,0.008098146,0.1058,0.115317166,0.5402,0.57863086,0.1355,0.13611336
39,0.0021,0.0048641097,0.0733,0.047073603,0.2421,0.2087711,0.0298,0.028755382
1207,0.0049,0.007494182,0.0588,0.1158953,0.3286,0.69462,0.0868,0.11552467
3416,0.011,0.0044331755,0.0424,0.037995562,0.1535,0.15564556,0.0282,0.04540603
1255,0.0108,0.0053452784,0.175,0.17195103,0.2233,0.22880894,0.0819,0.07208659
704,0.0085,0.0044251094,0.0483,0.05615687,0.2694,0.29292488,0.0516,0.07304236
2984,0.003,0.0041639176,0.0683,0.04488259,0.2837,0.1894621,0.0313,0.03205525
1280,0.0019,0.0044223545,0.1291,0.09528816,0.2885,0.29940805,0.0276,0.026853222
1312,0.0283,0.023200216,0.2801,0.18500216,0.5958,0.65857977,0.0837,0.09382504
387,0.0079,0.005182643,0.3212,0.11374631,0.5108,0.35493958,0.0842,0.09163478
2136,0.0043,0.0048076804,0.1262,0.13795693,0.1338,0.3020108,0.0507,0.12643415
1335,0.021,0.016157769,0.2168,0.15332988,0.6721,0.6735936,0.4445,0.5148579
3707,0.0144,0.006758773,0.0808,0.12013425,0.6688,0.43238768,0.1687,0.17154218
2697,0.0019,0.0047677415,0.0623,0.046753533,0.3182,0.28787872,0.1162,0.12986802
3496,0.0034,0.004825871,0.085,0.05619421,0.2511,0.32755762,0.0445,0.061396487
935,0.0389,0.04662744,0.2355,0.15189013,0.8644,0.6736253,0.1071,0.11556235
901,0.0275,0.028961712,0.1524,0.18039095,0.5002,0.6294434,0.0734,0.081256345
3400,0.0075,0.0045741587,0.067,0.08558659,0.462,0.35915413,0.0408,0.04108258
2898,0.0042,0.005014153,0.1013,0.08323199,0.1152,0.20675173,0.1197,0.14618467
2670,0.0393,0.03041997,0.2067,0.16461258,0.7878,0.728712,0.2277,0.26566073
3144,0.0307,0.021379475,0.0635,0.1502045,0.5992,0.7344955,0.1397,0.15087211
3014,0.0031,0.0048115673,0.0981,0.06267493,0.4848,0.32407302,0.0426,0.040819485
858,0.01,0.004378717,0.0606,0.050135847,0.1685,0.23373975,0.2086,0.16974083
2771,0.0683,0.06136212,0.2574,0.10746927,0.8568,0.69853795,0.1566,0.16538389
1954,0.0322,0.028812654,0.0992,0.12640655,0.654,0.75323194,0.4672,0.5385772
1794,0.0049,0.0067772144,0.1433,0.08531715,0.8627,0.5172998,0.1991,0.2310346
807,0.0271,0.03183368,0.1885,0.13507317,0.8548,0.7712999,0.5376,0.47845453
2912,0.013,0.0061682938,0.0884,0.10301524,0.4552,0.47499076,0.2794,0.2706633
717,0.0065,0.004448831,0.0529,0.061514236,0.3082,0.27368146,0.0209,0.024023518
991,0.044,0.041153233,0.0741,0.13388716,0.5351,0.72830325,0.2274,0.2691477
312,0.0079,0.0039943988,0.0265,0.08134846,0.2094,0.26318002,0.0805,0.12247948
3134,0.0017,0.0062384037,0.1051,0.14389327,0.3898,0.48031205,0.205,0.2209116
2412,0.0374,0.032366514,0.2447,0.16982049,0.7294,0.6591051,0.0619,0.09041977
986,0.002,0.0047822124,0.0813,0.046816748,0.1462,0.16063513,0.0247,0.03485926
2367,0.0061,0.0043815905,0.093,0.10070593,0.2457,0.23061375,0.0223,0.026799358
2330,0.0019,0.0043431083,0.0627,0.10011165,0.2801,0.30624595,0.1441,0.13830549
763,0.0106,0.0047945823,0.0752,0.08302764,0.1046,0.13651393,0.1359,0.107754305
3279,0.0134,0.013474692,0.1005,0.16427886,0.4408,0.6892953,0.3286,0.41368034
3218,0.0217,0.005609649,0.0727,0.08751405,0.6991,0.41723964,0.0938,0.09500528
3881,0.0646,0.050301597,0.126,0.14102708,0.5946,0.7652322,0.3284,0.45025402
1804,0.007,0.0065286383,0.1164,0.14749469,0.2523,0.37214136,0.0534,0.048566733
3780,0.0451,0.030652344,0.1561,0.13993777,0.7608,0.7486792,0.4142,0.5477429
2889,0.0213,0.008877896,0.1116,0.19717644,0.5939,0.55528206,0.239,0.23496549
3223,0.0222,0.022258474,0.2498,0.18164411,0.8746,0.6513869,0.0494,0.06027543
3511,0.0016,0.004533534,0.1024,0.05130324,0.2434,0.20149021,0.0598,0.09395052
1208,0.0101,0.005345695,0.1925,0.1356377,0.469,0.3433572,0.0265,0.027454767
2275,0.0072,0.0055861585,0.1354,0.11425439,0.2378,0.45720753,0.0306,0.031159177
3365,0.0024,0.0049859434,0.033,0.044170793,0.2415,0.23159716,0.0837,0.096694306
479,0.0045,0.0047237407,0.2331,0.07837465,0.4658,0.18517436,0.0395,0.036722038
3830,0.0077,0.00482727,0.0907,0.10075783,0.0677,0.13906975,0.0632,0.063093
1769,0.0214,0.005336131,0.1088,0.116329424,0.4328,0.329601,0.1141,0.11008088
3679,0.0075,0.0042196317,0.0596,0.045906186,0.4287,0.21956943,0.0214,0.028163843
2271,0.0047,0.0048184134,0.1421,0.11423396,0.4385,0.23476398,0.1095,0.111913964
3749,0.004,0.006558211,0.1301,0.13800426,0.6347,0.53524643,0.1499,0.18708637
1078,0.0032,0.006001871,0.1385,0.109427705,0.4334,0.3159848,0.1808,0.1984461
147,0.0039,0.0047592903,0.1152,0.12754542,0.0458,0.14060442,0.025,0.027285025
3482,0.0016,0.004477437,0.0252,0.043351255,0.2551,0.18775804,0.103,0.10766504
1410,0.0357,0.032297824,0.0693,0.15063098,0.6116,0.7315007,0.518,0.52654386
3171,0.0023,0.004614377,0.0441,0.045564543,0.1167,0.21663049,0.0435,0.07408375
3360,0.0275,0.015904643,0.1338,0.15198082,0.3851,0.67048454,0.2879,0.37779653
2789,0.0022,0.0041427924,0.1164,0.082053006,0.1925,0.26831096,0.0251,0.02618822
2678,0.0093,0.006188373,0.2301,0.09703106,0.7089,0.5582926,0.2327,0.3029738
503,0.0218,0.014749341,0.2796,0.19161245,0.71,0.66916573,0.2452,0.27738014
912,0.0377,0.04012556,0.3137,0.14298187,0.5561,0.65132666,0.0917,0.1090348
3643,0.0041,0.0053555723,0.1401,0.12959598,0.2061,0.32652086,0.0505,0.055025827
2234,0.0277,0.026169913,0.0828,0.14202376,0.7015,0.7523317,0.165,0.16782106
2871,0.0117,0.0046442775,0.0562,0.055279866,0.3077,0.28809774,0.1598,0.18013915
869,0.0065,0.004594889,0.0724,0.059888314,0.1501,0.19999897,0.0513,0.059667487
3773,0.0055,0.005529783,0.0733,0.15137029,0.0812,0.2962572,0.0775,0.03650092
225,0.0039,0.004815411,0.0902,0.05675187,0.3878,0.27012044,0.0954,0.08570098
2926,0.05,0.03506057,0.2391,0.16914001,0.4874,0.63079065,0.2684,0.34094205
3445,0.0024,0.005245482,0.1644,0.16870296,0.148,0.21379155,0.1788,0.20550326
2359,0.0111,0.02014829,0.1516,0.1428854,0.6995,0.78242826,0.3384,0.44962057
265,0.0087,0.005087993,0.1943,0.19490029,0.3253,0.27732497,0.0244,0.02492722
3264,0.0031,0.00510873,0.0778,0.100190036,0.2512,0.33561897,0.0463,0.054702885
2239,0.0043,0.0048291353,0.061,0.06621922,0.0402,0.12798135,0.0251,0.036292914
1817,0.0639,0.07458541,0.0904,0.11740294,0.7545,0.7538118,0.3557,0.4451531
1923,0.0053,0.004727641,0.0567,0.054411847,0.2453,0.21173787,0.1574,0.16817102
3437,0.0947,0.10530821,0.1162,0.12084337,0.7436,0.6903227,0.0885,0.10795561
3613,0.0088,0.0061783693,0.1181,0.14029473,0.6189,0.46900138,0.1346,0.19639401
2038,0.0041,0.0048424704,0.1198,0.097803324,0.048,0.1619959,0.1589,0.14802912
3895,0.0032,0.007228418,0.2381,0.22602667,0.2916,0.38826832,0.1656,0.18583345
798,0.0348,0.033103812,0.0654,0.12091892,0.7609,0.7769377,0.123,0.13214727
744,0.0069,0.011336026,0.1763,0.11979174,0.8697,0.78492594,0.3077,0.40552324
2955,0.0519,0.03305737,0.1814,0.13940881,0.7536,0.70693314,0.0948,0.106596045
3589,0.0238,0.026023151,0.3264,0.1449519,0.5822,0.7270193,0.3231,0.3975021
2806,0.0248,0.016401889,0.2088,0.1642749,0.8656,0.64875424,0.0703,0.073429406
53,0.0038,0.005060926,0.1732,0.15289046,0.4648,0.30897146,0.039,0.037081998
2574,0.0038,0.004776431,0.0541,0.054219883,0.1586,0.15034024,0.0181,0.033329986
3559,0.0021,0.0046483614,0.1683,0.123324424,0.3206,0.21247257,0.0229,0.029184317
1029,0.0037,0.0053931666,0.1358,0.14420067,0.2539,0.2711668,0.0506,0.05757722
1010,0.005,0.0044379663,0.0365,0.0712547,0.3014,0.25059432,0.0414,0.03445187
499,0.0034,0.0063159014,0.0758,0.11376981,0.1844,0.3602966,0.2225,0.21989141
968,0.0063,0.006394347,0.0852,0.10478903,0.3347,0.39828867,0.2153,0.23263827
550,0.0056,0.0044216295,0.0379,0.04700687,0.2503,0.18276317,0.0409,0.079425335
2982,0.0031,0.0052545555,0.1546,0.13630947,0.1357,0.22262785,0.1196,0.124080405
1091,0.0051,0.0044215727,0.0474,0.043370374,0.0895,0.12556626,0.0643,0.09785993
2911,0.0072,0.0046572867,0.0668,0.042687442,0.155,0.24830224,0.0508,0.05750719
3393,0.0458,0.050112173,0.0854,0.113032445,0.6633,0.80530035,0.5063,0.5668082
2503,0.0077,0.00388631,0.1073,0.06796079,0.2843,0.2921924,0.0889,0.106078215
674,0.0034,0.004846361,0.1946,0.17211983,0.1244,0.2127704,0.0272,0.028996184
251,0.1484,0.113691114,0.1087,0.1371098,0.8284,0.6652098,0.0839,0.10523573
2598,0.0219,0.0072286855,0.0951,0.10961661,0.9089,0.69007146,0.0893,0.09551913
1592,0.0032,0.0042935307,0.0396,0.04330411,0.1916,0.14297189,0.0779,0.09631501
4019,0.0083,0.00940342,0.2342,0.11623236,0.7675,0.62578636,0.2954,0.36521897
2546,0.002,0.0052626235,0.0875,0.076572,0.1097,0.14526476,0.121,0.12964548
3586,0.1725,0.19901067,0.0634,0.14019677,0.5451,0.72266376,0.2911,0.26722184
3745,0.0071,0.0045673754,0.1912,0.08090783,0.4531,0.26438022,0.0333,0.027864395
4015,0.0018,0.005656206,0.2226,0.19812365,0.1841,0.20319572,0.0604,0.07205339
2213,0.0022,0.0048072003,0.095,0.09875388,0.0416,0.1462961,0.0716,0.11406728
859,0.0169,0.0042400416,0.106,0.07369329,0.4794,0.22111872,0.1776,0.1509341
800,0.0063,0.0070940633,0.0763,0.105112836,0.3706,0.4897384,0.0868,0.08435637
545,0.1174,0.09704472,0.0648,0.123164155,0.5751,0.68484586,0.5348,0.51796204
3735,0.0208,0.00887568,0.134,0.15852192,0.3355,0.5974385,0.1857,0.16623548
3015,0.002,0.0041820216,0.0652,0.044771217,0.0962,0.14389713,0.0192,0.027128989
3346,0.0128,0.004850178,0.0466,0.04665508,0.3352,0.23086275,0.0649,0.09266086
253,0.0024,0.008605139,0.2157,0.13170663,0.4212,0.6515006,0.1408,0.13931476
3425,0.0283,0.021342987,0.0868,0.13521631,0.7802,0.7927009,0.294,0.37572598
3824,0.0125,0.005077715,0.0841,0.054625466,0.5856,0.32175428,0.104,0.1292961
2891,0.0073,0.0037456236,0.0515,0.05134346,0.3384,0.22508158,0.1663,0.17794418
1440,0.0017,0.0052259415,0.0512,0.04049339,0.1415,0.19342354,0.031,0.074756354
3376,0.0059,0.0043678414,0.1064,0.09389287,0.232,0.3707188,0.0623,0.04678099
394,0.0022,0.0039874446,0.0418,0.047894586,0.2933,0.29734704,0.0994,0.10748584
1418,0.0031,0.0052520293,0.0874,0.0882683,0.1578,0.1776451,0.1396,0.1583892
1720,0.0066,0.004944475,0.0731,0.04836694,0.2498,0.19800232,0.0465,0.068149805
3355,0.0083,0.015955336,0.0834,0.15546775,0.7664,0.77449137,0.1305,0.13785133
1256,0.0055,0.0051997993,0.1115,0.091891244,0.0401,0.16948272,0.1371,0.08064159
2970,0.0022,0.004414822,0.0335,0.04307628,0.3002,0.18166094,0.1123,0.11424567
3562,0.0018,0.004446707,0.0627,0.07412523,0.327,0.2643433,0.0257,0.027676161
1131,0.0056,0.010389233,0.2419,0.19651994,0.4359,0.420792,0.1096,0.11115907
976,0.0333,0.027100705,0.1345,0.15718606,0.7409,0.6989137,0.1275,0.12597416
1080,0.0304,0.039398335,0.1825,0.14750822,0.4427,0.63267505,0.0426,0.05792643
974,0.0019,0.0205781,0.185,0.17079455,0.3771,0.6872632,0.0963,0.10896559
3250,0.0019,0.0052686506,0.0867,0.046254326,0.2981,0.16920604,0.0402,0.07136431
2353,0.0598,0.057977095,0.0681,0.10678082,0.5636,0.7486032,0.1191,0.11301109
1323,0.0068,0.004953465,0.0798,0.09708209,0.0632,0.1468999,0.0473,0.07060833
2185,0.0257,0.009222708,0.1442,0.16845897,0.6897,0.52192265,0.048,0.05518481
3403,0.0116,0.0048488267,0.0407,0.046029117,0.2068,0.20381117,0.0723,0.08802276
3447,0.0116,0.016077403,0.2877,0.12532231,0.8522,0.75988126,0.3418,0.40422353
1566,0.002,0.005481597,0.1269,0.12433471,0.4082,0.36666253,0.1522,0.18245584
820,0.0628,0.065890215,0.0682,0.13004027,0.8074,0.69619733,0.1178,0.12944184
348,0.0085,0.019781874,0.1965,0.14332373,0.4172,0.6971042,0.3387,0.41037372
4057,0.0603,0.034545347,0.1731,0.22862966,0.4815,0.57472736,0.2241,0.19627318
1998,0.0083,0.005317516,0.0753,0.114924036,0.0914,0.27681684,0.0498,0.06200899
3791,0.003,0.0045027775,0.0497,0.053355508,0.0789,0.23924851,0.0313,0.022892551
2158,0.0056,0.0091871815,0.28,0.16896157,0.6283,0.6257856,0.145,0.16134302
2475,0.0039,0.0049608853,0.1836,0.14838696,0.1662,0.19180068,0.0295,0.05937817
3353,0.0026,0.0051095723,0.0769,0.059637163,0.0682,0.13401268,0.1113,0.11147331
3252,0.0153,0.0051057287,0.1086,0.068972915,0.7724,0.30649373,0.1246,0.120869376
259,0.0026,0.003988842,0.1179,0.09432585,0.2612,0.24774534,0.021,0.025400558
1053,0.0112,0.004828157,0.0945,0.095408715,0.2347,0.18519972,0.0223,0.034540016
1176,0.0422,0.04413062,0.0883,0.13660829,0.5526,0.70498556,0.2428,0.3379203
1189,0.0052,0.009361616,0.1153,0.1618439,0.8214,0.6147215,0.2608,0.30174014
2637,0.0312,0.0341737,0.1424,0.1348576,0.5247,0.7283003,0.2227,0.25645304
101,0.0763,0.09864315,0.1116,0.13572334,0.8527,0.6920567,0.5089,0.53338987
759,0.004,0.004071529,0.1302,0.05674279,0.3346,0.2075537,0.1444,0.11084769
110,0.0025,0.005639605,0.1596,0.18596469,0.205,0.22530001,0.1754,0.19970316
2075,0.0015,0.0046023927,0.1037,0.09664338,0.1464,0.22785912,0.031,0.032107007
74,0.0264,0.020616073,0.0798,0.14351912,0.5956,0.68328047,0.0835,0.082337566
3871,0.014,0.008652597,0.2268,0.2597246,0.297,0.33917198,0.0361,0.041810542
3688,0.1057,0.10922084,0.0701,0.11804788,0.7773,0.71378267,0.277,0.25898424
1834,0.0025,0.0049218955,0.068,0.071740836,0.1305,0.16788264,0.0998,0.11059913
2343,0.0742,0.048259567,0.2431,0.114577666,0.6434,0.7498284,0.1841,0.17645876
3280,0.0108,0.007037294,0.2258,0.22649477,0.4361,0.33300596,0.1861,0.22052303
199,0.0016,0.0042431233,0.0571,0.04127548,0.0638,0.12245418,0.0263,0.029278943
2583,0.0228,0.02034163,0.1928,0.15249643,0.5063,0.67628527,0.2706,0.38836724
1776,0.0044,0.0062256595,0.1149,0.10511721,0.4757,0.5688125,0.1594,0.14430277
3392,0.0025,0.004951029,0.0688,0.0963097,0.3373,0.21239987,0.0837,0.12831868
2616,0.0059,0.0049240566,0.1242,0.10640244,0.0662,0.14987184,0.0469,0.07432874
2212,0.0621,0.063545786,0.1258,0.13203779,0.8319,0.71165866,0.5425,0.5351813
2734,0.022,0.019543795,0.0743,0.13625625,0.8759,0.7117499,0.0928,0.10152125
1136,0.0063,0.004332645,0.0489,0.043524027,0.2002,0.16310327,0.1205,0.12461698
3359,0.0044,0.007415327,0.3279,0.21604177,0.3271,0.3458575,0.0751,0.089858584
2918,0.0091,0.004351885,0.0705,0.073166184,0.1462,0.23161258,0.0201,0.023885857
1947,0.0043,0.005002513,0.0941,0.095284656,0.0975,0.20143357,0.0672,0.06880664
2437,0.0126,0.006813322,0.2226,0.19619538,0.1358,0.34457305,0.0963,0.0894185
2948,0.0313,0.044292882,0.1207,0.13362128,0.5103,0.79388064,0.4689,0.4486289
2103,0.0068,0.0055044745,0.0954,0.07605002,0.4868,0.4040942,0.2369,0.23345669
1747,0.0239,0.01703509,0.1174,0.16113913,0.7473,0.73555166,0.1476,0.13635439
3114,0.0374,0.030149233,0.1648,0.16920792,0.6018,0.65491974,0.0483,0.06838092
1960,0.0168,0.0054490534,0.1142,0.07957384,0.8183,0.52335954,0.198,0.1930542
652,0.0068,0.0047020344,0.0394,0.09996118,0.3388,0.32757005,0.0162,0.028847244
707,0.0084,0.0068309214,0.1015,0.13738467,0.2537,0.49730515,0.0608,0.06678173
1186,0.0048,0.004096712,0.0385,0.062282816,0.063,0.23846653,0.0251,0.023773959
437,0.0063,0.010757227,0.1321,0.12779757,0.532,0.5820033,0.3267,0.3955635
3690,0.0055,0.0045600445,0.0841,0.09452503,0.2553,0.23038094,0.0376,0.03347408
2078,0.0017,0.004670641,0.0842,0.10860128,0.0597,0.17501645,0.0211,0.027679738
2399,0.002,0.004849737,0.0312,0.060933053,0.2601,0.20817845,0.0359,0.03255518
1046,0.0133,0.004766204,0.0799,0.08571472,0.4487,0.2794765,0.0955,0.11019804
1990,0.0018,0.006540597,0.1006,0.13417618,0.2309,0.381717,0.0427,0.04610785
1646,0.0224,0.03028649,0.1947,0.13972217,0.6693,0.70469123,0.1182,0.13513948
2618,0.0069,0.0044474127,0.0593,0.047025863,0.076,0.13361822,0.1069,0.10879683
3307,0.009,0.008808121,0.2601,0.20344459,0.4494,0.5621074,0.2747,0.32200944
365,0.0343,0.029871503,0.1303,0.13472845,0.4882,0.75606954,0.1811,0.24211673
1281,0.0068,0.005101132,0.1173,0.101591304,0.1815,0.14510529,0.1598,0.10890942
455,0.0017,0.004625402,0.056,0.050261095,0.1091,0.15279858,0.08,0.09596099
1311,0.0016,0.00464251,0.0727,0.0805442,0.2166,0.31396648,0.0925,0.11943709
245,0.002,0.004879124,0.0747,0.063815854,0.3202,0.23349525,0.0336,0.031205555
2041,0.005,0.005971275,0.1088,0.11567517,0.3201,0.30053124,0.1772,0.19553855
364,0.0016,0.004877549,0.1229,0.11712942,0.2866,0.2571017,0.0755,0.08973821
2501,0.0018,0.004776592,0.0738,0.07011326,0.1913,0.23944554,0.1286,0.16920489
361,0.0151,0.008312208,0.2778,0.14656805,0.6529,0.62080693,0.11,0.10634014
1476,0.0125,0.0059621874,0.1254,0.14873368,0.4511,0.3819437,0.1635,0.15091544
2292,0.0078,0.004594464,0.0277,0.04126293,0.2708,0.19538218,0.0349,0.02917612
1484,0.0379,0.05029641,0.1204,0.12407061,0.7621,0.72510695,0.1335,0.12684901
1333,0.0025,0.0049988586,0.0738,0.101838805,0.4133,0.1930136,0.0367,0.043623198
3812,0.0136,0.0054200892,0.2261,0.1975372,0.112,0.20853442,0.1343,0.16347647
3746,0.0072,0.004865814,0.1332,0.08213795,0.5369,0.2802529,0.0542,0.07006317
703,0.0082,0.0054275016,0.1577,0.0714266,0.7957,0.44978863,0.1288,0.12292383
2366,0.0018,0.0050860024,0.0569,0.087180935,0.1993,0.29639828,0.027,0.055551562
2846,0.0031,0.004629589,0.026,0.04891756,0.1837,0.19475596,0.1275,0.12736209
2973,0.0071,0.007700704,0.2807,0.1340905,0.3249,0.5471829,0.0896,0.10137258
3201,0.0054,0.011282697,0.2933,0.21662632,0.433,0.43547407,0.0663,0.058715023
3594,0.0051,0.0058279713,0.2055,0.15756178,0.4369,0.28893694,0.1886,0.2077988
819,0.002,0.0045850463,0.0495,0.04563695,0.1381,0.19689888,0.0209,0.027188286
2462,0.0093,0.0046838415,0.0508,0.058917996,0.1384,0.15709086,0.0322,0.057752717
3271,0.0554,0.055409376,0.1425,0.12036666,0.743,0.73129666,0.4681,0.5466213
2941,0.0086,0.004642232,0.1154,0.13692491,0.044,0.1504169,0.0153,0.03185062
244,0.0057,0.00988877,0.31,0.12609327,0.7902,0.69884974,0.3106,0.35662293
2361,0.0102,0.004493028,0.0404,0.047101337,0.0615,0.17607643,0.1269,0.1009657
3593,0.0801,0.039976384,0.2626,0.20507246,0.464,0.60393316,0.0896,0.09847332
522,0.0226,0.017438937,0.1433,0.17177849,0.7047,0.66714436,0.0421,0.065394916
1279,0.0142,0.004116885,0.0938,0.074292116,0.4036,0.22808477,0.1623,0.15838993
2441,0.0097,0.008637199,0.2462,0.10827584,0.7759,0.507083,0.2891,0.3090533
1005,0.0395,0.03950089,0.2357,0.17281304,0.4516,0.6999827,0.2292,0.2996307
3191,0.0025,0.0043640705,0.1377,0.120777905,0.0503,0.18737407,0.016,0.023374697
2963,0.0028,0.0065011815,0.0432,0.114953235,0.2372,0.46595645,0.1241,0.23729485
2521,0.0076,0.00543776,0.1125,0.08482183,0.2362,0.16062932,0.1361,0.124911144
1688,0.004,0.004769704,0.0252,0.06807793,0.2139,0.2943202,0.0484,0.06327266
1437,0.0272,0.023548076,0.0872,0.13927642,0.802,0.7543744,0.4258,0.5111808
2118,0.003,0.0046829656,0.0362,0.04571512,0.1023,0.18480986,0.115,0.11516648
3833,0.0155,0.016519258,0.2104,0.15469888,0.8711,0.7220736,0.0988,0.1143494
3182,0.0351,0.030383786,0.0942,0.17063831,0.5938,0.65128,0.054,0.061370295
4045,0.0187,0.014463326,0.329,0.14977755,0.8509,0.7155096,0.3204,0.39251766
757,0.0181,0.0108629605,0.1548,0.15789744,0.7315,0.7334863,0.2113,0.21580285
96,0.0028,0.004807887,0.09,0.058895703,0.2892,0.2546036,0.0442,0.05264913
413,0.0196,0.015294475,0.2092,0.1829497,0.6079,0.70320594,0.1515,0.15792766
3942,0.0094,0.0052044536,0.0789,0.086748675,0.353,0.3910544,0.0304,0.04594066
327,0.011,0.0041455687,0.1226,0.094882146,0.2289,0.29982826,0.0172,0.022537583
2458,0.0097,0.014902161,0.1809,0.16152841,0.8319,0.7432894,0.197,0.18688405
2619,0.0028,0.0055477233,0.1763,0.15721916,0.4586,0.36765417,0.0212,0.027524328
3476,0.0394,0.044874743,0.105,0.12312232,0.4747,0.6950151,0.1815,0.23199336
1415,0.0082,0.00832238,0.1168,0.13393332,0.4957,0.47204033,0.0592,0.07398075
3561,0.0256,0.0150812445,0.2508,0.15680236,0.6583,0.68946946,0.1084,0.10313838
2104,0.0069,0.008679458,0.2795,0.20860009,0.4059,0.4430527,0.193,0.20215982
933,0.0147,0.008009279,0.3063,0.2214046,0.5371,0.51323396,0.2511,0.2986144
2735,0.0205,0.0057069967,0.1673,0.083929695,0.6261,0.42901987,0.065,0.07297274
1583,0.0114,0.005132407,0.1016,0.10430408,0.0919,0.23128116,0.0756,0.07209359
1943,0.0293,0.017450087,0.153,0.18052772,0.5106,0.6050737,0.4106,0.52351624
2120,0.0395,0.036710083,0.086,0.13825731,0.6414,0.7141982,0.28,0.32630476
1712,0.0902,0.06710685,0.161,0.12097199,0.9276,0.7373505,0.3581,0.48359582
1049,0.0119,0.006528813,0.1939,0.21505177,0.4369,0.39006135,0.072,0.09237855
172,0.0234,0.0054499917,0.0973,0.0954998,0.4585,0.40645108,0.2166,0.26524222
671,0.0532,0.044668756,0.111,0.12903224,0.7249,0.75931656,0.1865,0.19710885
2461,0.0026,0.004859472,0.114,0.09238916,0.2289,0.27715254,0.1427,0.13748609
1353,0.0143,0.00477837,0.0724,0.06738403,0.379,0.33007658,0.0681,0.08514316
1825,0.0976,0.100701846,0.2873,0.16471036,0.5556,0.65291697,0.5476,0.6313843
135,0.0253,0.006026374,0.2028,0.19366106,0.3692,0.32351458,0.0523,0.04979252
2609,0.0107,0.006283069,0.0684,0.10192078,0.2947,0.507176,0.0895,0.10244056
2645,0.1702,0.13709283,0.1932,0.12196292,0.893,0.71637267,0.1227,0.11173606
1500,0.0087,0.005216557,0.1848,0.1766983,0.0828,0.31194365,0.0316,0.043639824
105,0.0037,0.004206758,0.0407,0.066150755,0.4852,0.28932664,0.0268,0.027428618
2680,0.0325,0.023905002,0.1177,0.17257912,0.5271,0.6117902,0.0632,0.062299572
3775,0.0018,0.00540239,0.1847,0.2039709,0.0876,0.16081266,0.1436,0.13692462
2485,0.0042,0.0038396516,0.0349,0.046772994,0.1352,0.17554064,0.125,0.12679511
686,0.0052,0.004950576,0.0832,0.058788523,0.1933,0.16518398,0.0317,0.032212205
1730,0.0055,0.004109157,0.1707,0.08383354,0.4701,0.28530863,0.0215,0.023596201
1764,0.0071,0.012713022,0.3258,0.22065185,0.4455,0.579868,0.1353,0.15627587
2311,0.0096,0.004858412,0.081,0.074737795,0.0992,0.15455727,0.0885,0.11096921
2751,0.0045,0.009796252,0.2007,0.22443742,0.3741,0.3699689,0.0213,0.027951617
2824,0.0054,0.0048697074,0.1868,0.07828752,0.4574,0.17985703,0.0837,0.10125635
2386,0.0043,0.0050803456,0.3383,0.07541415,0.7145,0.36154598,0.0411,0.04988495
2378,0.0023,0.0043131933,0.1228,0.08494804,0.226,0.24345826,0.0245,0.024747545
914,0.006,0.004604453,0.0909,0.07399084,0.484,0.24982746,0.1623,0.14934877
520,0.0327,0.039417665,0.1444,0.16663802,0.7619,0.64425796,0.0411,0.060173277
1238,0.0041,0.0066656414,0.2195,0.2109258,0.1703,0.32619992,0.0419,0.044394378
712,0.0086,0.0050524524,0.0649,0.06313854,0.201,0.17387424,0.0265,0.04662679
2870,0.0044,0.005033398,0.0899,0.09164546,0.5464,0.24696106,0.0559,0.04614075
100,0.0046,0.0078087775,0.1323,0.17384805,0.4302,0.5394992,0.0568,0.058160577
928,0.0178,0.011387357,0.2132,0.25087875,0.3855,0.45165223,0.1027,0.1094202
3808,0.0079,0.0075946636,0.1234,0.13892297,0.693,0.46128976,0.1901,0.24263196
1173,0.0016,0.0051562265,0.1229,0.1275795,0.1291,0.24726239,0.1162,0.11418045
3259,0.1701,0.1632293,0.2042,0.12155071,0.6176,0.68890893,0.1144,0.13174659
409,0.0035,0.0049626795,0.1417,0.10996366,0.209,0.21645193,0.1221,0.12413484
1647,0.0414,0.025041863,0.2919,0.12164488,0.8184,0.7445572,0.1434,0.17215738
3088,0.0127,0.006249436,0.2297,0.20509206,0.2302,0.3172448,0.0924,0.09683297
2921,0.0071,0.0043748906,0.0551,0.07638999,0.3259,0.17810841,0.0169,0.026702357
792,0.0646,0.061218515,0.1709,0.1509836,0.4654,0.7394641,0.4657,0.53376645
4086,0.0506,0.03666694,0.0656,0.13723117,0.8272,0.8097145,0.3807,0.5085101
3633,0.0082,0.017293477,0.139,0.1595864,0.7456,0.7298487,0.0868,0.10471432
1446,0.0147,0.0075465436,0.2272,0.12830868,0.4601,0.50042945,0.0414,0.04154176
470,0.0016,0.005530657,0.1639,0.16562666,0.2398,0.23971917,0.1144,0.13858218
1473,0.0117,0.0050825807,0.3,0.104977585,0.6025,0.2548618,0.0522,0.041058864
3510,0.0092,0.0058870097,0.0617,0.085984014,0.2692,0.44779974,0.0387,0.0680667
1961,0.0026,0.0045651644,0.0457,0.056314413,0.4585,0.33657116,0.0582,0.05571868
2687,0.0059,0.009696279,0.333,0.18900745,0.3213,0.49743223,0.0626,0.06792065
1165,0.0059,0.004285186,0.2033,0.20691995,0.1625,0.24098898,0.0367,0.021554256
2769,0.0267,0.008311227,0.2086,0.25251627,0.4359,0.43073,0.1568,0.23415755
3483,0.0044,0.0048330696,0.1055,0.10870648,0.1779,0.18730065,0.0354,0.04799423
848,0.0015,0.0072468854,0.0648,0.083863094,0.4527,0.5133857,0.0374,0.05965177
3285,0.0343,0.06826408,0.1607,0.18045744,0.3742,0.6313094,0.0477,0.084613524
8,0.0016,0.0045870184,0.1305,0.17144029,0.1835,0.24524574,0.0255,0.023208637
2468,0.0074,0.007546646,0.1704,0.16871065,0.4573,0.4173566,0.0772,0.07246544
3730,0.0937,0.09036435,0.1848,0.14130698,0.5919,0.6801378,0.2341,0.25943717
684,0.0128,0.008375765,0.0835,0.09948033,0.7138,0.4869414,0.2025,0.18921752
3873,0.0098,0.0054657147,0.0814,0.07756191,0.5502,0.4103633,0.1214,0.16027704
1301,0.0362,0.016725322,0.1182,0.17128578,0.6904,0.6734857,0.0778,0.086989276
937,0.0077,0.0049051535,0.1048,0.07804792,0.1051,0.17157869,0.0507,0.10353231
562,0.0373,0.0400198,0.1784,0.13920063,0.4747,0.67845666,0.0632,0.069850996
3405,0.0207,0.016793428,0.2535,0.17270477,0.523,0.6914282,0.1487,0.15314277
3244,0.0417,0.028697351,0.0896,0.15415835,0.4922,0.7797352,0.4107,0.48162353
1252,0.0067,0.0045531094,0.0539,0.06803239,0.4149,0.24761942,0.0383,0.033769384
2747,0.0055,0.0049730204,0.0597,0.047460385,0.1009,0.2322185,0.0344,0.046919513
3127,0.0037,0.006809815,0.2353,0.20417851,0.263,0.3554778,0.0348,0.037897434
2105,0.0094,0.0044240286,0.0704,0.049424846,0.1299,0.15961961,0.0385,0.03485274
1846,0.0079,0.0052247774,0.0836,0.0882149,0.2362,0.2420891,0.0853,0.097026825
27,0.0049,0.010176884,0.1067,0.14362817,0.4752,0.6070065,0.2628,0.31504837
1866,0.0147,0.009317246,0.2491,0.15071118,0.6181,0.6389047,0.238,0.27269688
568,0.1014,0.09250652,0.2587,0.11331602,0.6866,0.67733234,0.1656,0.17878428
3772,0.0042,0.0050835805,0.083,0.07821573,0.4477,0.42868653,0.1115,0.12766628
1299,0.0191,0.0059241503,0.1481,0.099888206,0.5842,0.5298805,0.0883,0.07113405
2925,0.0088,0.004951042,0.0524,0.046739675,0.2204,0.16930394,0.0402,0.055630386
421,0.0077,0.0043581766,0.0952,0.06796285,0.3224,0.25567666,0.1233,0.13348031
1172,0.0025,0.0045008417,0.066,0.053391617,0.1213,0.16607572,0.0286,0.039185084
3166,0.0134,0.0050704884,0.102,0.11148453,0.822,0.30437717,0.0412,0.03209696
525,0.1505,0.20856494,0.1329,0.12613487,0.7019,0.71009105,0.5185,0.3205553
3067,0.0029,0.0047986093,0.1029,0.09283989,0.0622,0.14102934,0.0896,0.09708214
191,0.0072,0.0041898675,0.2027,0.074733555,0.5445,0.25973532,0.1103,0.1217051
765,0.0061,0.0046233446,0.1008,0.08546049,0.2191,0.20833887,0.133,0.12787284
3605,0.009,0.004932874,0.0537,0.08898047,0.3456,0.27603495,0.0851,0.086949565
2183,0.0073,0.0052416297,0.1665,0.1096284,0.4534,0.3664522,0.1438,0.14108758
1652,0.0032,0.0048410157,0.1576,0.15108174,0.2609,0.21707228,0.037,0.032161515
619,0.0111,0.012073657,0.2943,0.20739082,0.3933,0.52420306,0.3331,0.3296036
1246,0.0042,0.004450384,0.0266,0.056761473,0.0906,0.19164824,0.1329,0.14116628
1785,0.0153,0.008179151,0.197,0.24872491,0.3829,0.48892185,0.1504,0.1866696
2208,0.012,0.0057215244,0.2205,0.19970256,0.3006,0.24324334,0.0794,0.07735871
1027,0.1642,0.18041015,0.0793,0.123669274,0.6625,0.67571265,0.1528,0.14767124
2908,0.0085,0.004491812,0.0261,0.044526294,0.1824,0.17842126,0.0361,0.037706185
1072,0.0329,0.02944284,0.1572,0.1328422,0.6424,0.7262354,0.0976,0.10923237
1677,0.0036,0.0041498337,0.2054,0.105284914,0.4374,0.31399322,0.0236,0.025789142
459,0.122,0.13411424,0.0716,0.12122553,0.9592,0.6804133,0.1269,0.124776684
2196,0.0166,0.0069583873,0.081,0.10059342,0.6319,0.55861175,0.0831,0.09707803
9,0.0169,0.008063129,0.086,0.15183833,0.5263,0.5119066,0.1594,0.27387437
993,0.0054,0.0051385416,0.1258,0.083406255,0.1234,0.21399717,0.0814,0.099851444
557,0.0085,0.012284506,0.1194,0.13842851,0.5814,0.6866051,0.1175,0.11291202
84,0.0026,0.00482716,0.0518,0.048417963,0.1466,0.21511938,0.0858,0.09719136
2954,0.0069,0.006728442,0.0509,0.102764994,0.2863,0.51024175,0.0557,0.059219494
4074,0.004,0.004657644,0.1087,0.1350915,0.1652,0.2980545,0.0254,0.030449938
3863,0.0036,0.0075186994,0.1383,0.2276591,0.0849,0.31329975,0.0563,0.05327737
1167,0.0287,0.03394937,0.0832,0.15323195,0.6687,0.71584415,0.1014,0.10680009
741,0.0086,0.004730389,0.1511,0.06338361,0.6621,0.26194564,0.0427,0.04423974
1429,0.0053,0.004549215,0.0487,0.04942792,0.2575,0.28077182,0.1962,0.141937
1662,0.0025,0.004830531,0.0452,0.04775187,0.1902,0.16705658,0.1099,0.11405148
1115,0.0023,0.004744072,0.1114,0.09509307,0.1289,0.16658185,0.0164,0.024594897
2339,0.0017,0.0048694354,0.0915,0.0630297,0.4715,0.35007784,0.0303,0.03462858
366,0.0016,0.004782805,0.1493,0.13471374,0.1234,0.11957045,0.0293,0.032432318
850,0.0028,0.00426229,0.0576,0.062168833,0.1631,0.22333334,0.058,0.06537294
195,0.0071,0.004925681,0.099,0.08577361,0.8083,0.28083646,0.2564,0.23072514
526,0.0579,0.060398035,0.0635,0.12926367,0.5073,0.7843842,0.2656,0.2972659
